symbol,moving_average_minus_open_over_open,open_minus_moving_average_over_moving_average,date,open,high,low,close,volume,WMA_6_months,moving_average_window_months,condition,screening_rule
SPY,,,1993-01-01,43.97,43.97,43.75,43.94,1003200,,6,0,indicator <= close
SPY,,,1993-02-01,43.97,45.12,42.81,44.41,5417600,,6,0,indicator <= close
SPY,,,1993-03-01,44.56,45.84,44.22,45.19,3019200,,6,0,indicator <= close
SPY,,,1993-04-01,45.25,45.25,43.28,44.03,2697200,,6,0,indicator <= close
SPY,,,1993-05-01,44.09,45.66,43.84,45.22,1808000,,6,0,indicator <= close
SPY,-0.01433398392411158,0.014542434952944525,1993-06-01,45.38,45.81,44.22,45.06,3438000,44.72952380952382,6,1,indicator <= close
SPY,-0.004960317460317404,0.004985044865403731,1993-07-01,45.12,45.22,44.16,44.84,6117600,44.896190476190476,6,0,indicator <= close
SPY,0.0008482573612835686,-0.0008475384305708662,1993-08-01,44.91,46.56,44.84,46.56,5440100,44.94809523809524,6,1,indicator <= close
SPY,-0.022111408666030574,0.022611378087423726,1993-09-01,46.41,46.59,44.81,45.94,4369900,45.38380952380952,6,1,indicator <= close
SPY,-0.0065387968613774446,0.006581834137779665,1993-10-01,45.88,47.16,45.72,46.84,6972900,45.580000000000005,6,1,indicator <= close
SPY,-0.016602536696594075,0.01688283457720464,1993-11-01,46.78,47.0,45.53,46.34,5351100,46.00333333333333,6,1,indicator <= close
SPY,-0.0074203538466257575,0.007475827129220781,1993-12-01,46.59,47.16,46.38,46.59,6128000,46.24428571428571,6,1,indicator <= close
SPY,-0.003485317715839385,0.0034975076411824816,1994-01-01,46.59,48.31,46.41,48.22,6837100,46.42761904761905,6,1,indicator <= close
SPY,-0.024303907609555375,0.024909300958673584,1994-02-01,48.16,48.28,46.56,46.81,10974400,46.98952380952381,6,0,indicator <= close
SPY,0.004292936999623582,-0.004274586469211812,1994-03-01,46.81,47.31,43.53,44.59,14705500,47.01095238095238,6,0,indicator <= close
SPY,0.0618805897993715,-0.058274527657637125,1994-04-01,43.34,45.36,43.34,45.09,11429000,46.021904761904764,6,0,indicator <= close
SPY,0.012504092344411723,-0.012349670918819706,1994-05-01,45.09,45.94,44.17,45.81,8545100,45.65380952380953,6,1,indicator <= close
SPY,-0.0034906741690110396,0.0035029016573429124,1994-06-01,45.7,46.56,44.0,44.47,10352700,45.5404761904762,6,0,indicator <= close
SPY,0.010985732399919136,-0.010866357504215966,1994-07-01,44.69,46.05,44.38,45.91,5452100,45.180952380952384,6,1,indicator <= close
SPY,-0.014604971287600757,0.01482143796349861,1994-08-01,45.94,47.98,45.66,47.66,7945800,45.26904761904762,6,1,indicator <= close
SPY,-0.033503759398496265,0.034665173014687606,1994-09-01,47.5,47.72,45.73,46.17,6309300,45.90857142857143,6,1,indicator <= close
SPY,-0.0012162440733870107,0.001217725124352519,1994-10-01,46.2,47.7,45.0,47.48,5437600,46.14380952380952,6,1,indicator <= close
SPY,-0.015409717186367066,0.01565089302154313,1994-11-01,47.28,47.33,44.61,45.59,4807300,46.551428571428566,6,0,indicator <= close
SPY,0.01634948457910775,-0.01608647893975016,1994-12-01,45.64,46.41,44.69,45.56,8568500,46.38619047619048,6,0,indicator <= close
SPY,0.011837032405960247,-0.011698556216917644,1995-01-01,45.7,47.23,45.69,47.09,2768000,46.240952380952386,6,1,indicator <= close
SPY,-0.014742113978755073,0.014962695744855162,1995-02-01,47.16,49.16,47.0,49.02,5954800,46.46476190476191,6,1,indicator <= close
SPY,-0.037214232231589824,0.03865266134733868,1995-03-01,48.97,50.89,48.22,50.11,4538000,47.147619047619045,6,1,indicator <= close
SPY,-0.040118263316506544,0.04179500638809939,1995-04-01,50.09,51.67,50.06,51.59,4395200,48.08047619047619,6,1,indicator <= close
SPY,-0.04470925130478946,0.0468017212203257,1995-05-01,51.55,53.64,51.39,53.64,6986200,49.2452380952381,6,1,indicator <= close
SPY,-0.050026301477340496,0.052660722665415174,1995-06-01,53.41,55.16,52.75,54.41,5790900,50.73809523809524,6,1,indicator <= close
SPY,-0.04233872730292785,0.044210545534214635,1995-07-01,54.47,56.7,54.2,56.16,5508200,52.16380952380952,6,1,indicator <= close
SPY,-0.0454426123997526,0.047605951187487124,1995-08-01,56.23,56.8,55.42,56.41,8100100,53.67476190476191,6,1,indicator <= close
SPY,-0.028204933329955585,0.029023540350541895,1995-09-01,56.39,58.91,56.34,58.48,7431600,54.799523809523805,6,1,indicator <= close
SPY,-0.03953325516253028,0.04116046221800225,1995-10-01,58.48,59.19,57.27,58.31,8944800,56.168095238095226,6,1,indicator <= close
SPY,-0.02059025394646551,0.021023125437981956,1995-11-01,58.28,61.2,58.23,60.91,8841700,57.07999999999999,6,1,indicator <= close
SPY,-0.04160614721454336,0.04341236861403074,1995-12-01,60.98,62.8,60.58,61.48,9816800,58.44285714285714,6,1,indicator <= close
SPY,-0.029993563945689052,0.030920994779883814,1996-01-01,61.41,63.69,59.64,63.67,10661800,59.56809523809523,6,1,indicator <= close
SPY,-0.041166034091674714,0.042933433269311844,1996-02-01,63.61,66.69,63.44,63.88,14850400,60.99142857142857,6,1,indicator <= close
SPY,-0.035309111268269494,0.03660147688830153,1996-03-01,64.64,65.97,62.0,64.69,19022700,62.35761904761906,6,1,indicator <= close
SPY,-0.024095238095238013,0.024690153215575203,1996-04-01,65.0,65.81,62.12,65.39,14999300,63.43380952380953,6,1,indicator <= close
SPY,-0.016394994828766617,0.016668271046376443,1996-05-01,65.38,68.44,63.08,66.88,17453200,64.30809523809523,6,1,indicator <= close
SPY,-0.0241334386946586,0.024730265029654426,1996-06-01,66.89,68.5,66.16,67.11,16871800,65.27571428571429,6,1,indicator <= close
SPY,-0.017934998018232215,0.018262536575522098,1996-07-01,67.28,67.7,60.38,64.09,28811500,66.07333333333334,6,0,indicator <= close
SPY,0.024002493765585914,-0.023439878234398664,1996-08-01,64.16,67.34,64.06,65.33,15593100,65.69999999999999,6,0,indicator <= close
SPY,0.014255430728208741,-0.014055069656342602,1996-09-01,64.47,69.25,64.38,68.62,17216100,65.38904761904762,6,1,indicator <= close
SPY,-0.03501074374436812,0.03628096739669146,1996-10-01,68.7,71.62,68.44,70.84,14791800,66.29476190476191,6,1,indicator <= close
SPY,-0.04655234875015091,0.04882528022291174,1996-11-01,70.98,76.69,70.27,76.02,24089700,67.67571428571429,6,1,indicator <= close
SPY,-0.07532364895378586,0.08145947375918267,1996-12-01,75.92,76.58,71.88,73.84,34952800,70.20142857142858,6,1,indicator <= close
SPY,-0.03391848807283052,0.035109343936381585,1997-01-01,74.38,79.69,72.75,78.41,43623700,71.85714285714286,6,1,indicator <= close
SPY,-0.05469052458381746,0.05785462433848912,1997-02-01,78.72,82.0,77.12,79.16,30028800,74.41476190476189,6,1,indicator <= close
SPY,-0.031268329554043864,0.03227759606501713,1997-03-01,78.75,81.8,75.25,75.38,37514300,76.28761904761905,6,0,indicator <= close
SPY,0.016351843062806404,-0.016088762149069992,1997-04-01,75.25,80.69,73.31,80.09,57679300,76.48047619047618,6,1,indicator <= close
SPY,-0.030398546853296203,0.031351589619262675,1997-05-01,80.22,85.56,79.31,85.16,37473400,77.78142857142858,6,1,indicator <= close
SPY,-0.0613400738781569,0.06534855933563594,1997-06-01,85.34,90.5,84.08,88.31,47332500,80.1052380952381,6,1,indicator <= close
SPY,-0.06346516007532949,0.06776593605469527,1997-07-01,88.5,96.03,88.39,95.31,65359700,82.88333333333334,6,1,indicator <= close
SPY,-0.0891199202193966,0.0978393558028651,1997-08-01,95.5,96.62,89.34,90.38,99046800,86.98904761904762,6,1,indicator <= close
SPY,-0.01950128380826369,0.019889147722708715,1997-09-01,90.69,96.38,90.25,94.38,78642200,88.92142857142856,6,1,indicator <= close
SPY,-0.038445194350706195,0.03998232251020358,1997-10-01,95.25,98.5,84.38,92.06,137440500,91.58809523809524,6,1,indicator <= close
SPY,-0.005109888144548574,0.005136133210751013,1997-11-01,93.19,96.81,90.09,95.62,93157400,92.71380952380952,6,1,indicator <= close
SPY,-0.022161514782591516,0.02266377844359871,1997-12-01,96.22,99.0,92.38,97.06,79162300,94.08761904761904,6,1,indicator <= close
SPY,-0.02112052302166371,0.02157622416077187,1998-01-01,97.31,99.56,90.91,98.31,104582300,95.2547619047619,6,1,indicator <= close
SPY,-0.031676127562425216,0.032712327418600626,1998-02-01,99.91,105.53,99.72,105.12,69733700,96.7452380952381,6,1,indicator <= close
SPY,-0.05414319647098743,0.05724248773067759,1998-03-01,105.25,111.53,103.16,109.94,87316900,99.55142857142857,6,1,indicator <= close
SPY,-0.06527060103345121,0.06982833866744256,1998-04-01,110.31,113.44,107.62,111.34,118629400,103.11,6,1,indicator <= close
SPY,-0.04820709491850436,0.05064872270126526,1998-05-01,111.75,113.31,107.58,109.03,116264800,106.36285714285714,6,1,indicator <= close
SPY,-0.009473992405074568,0.009564607423159097,1998-06-01,108.97,114.69,107.5,113.31,141993600,107.93761904761902,6,1,indicator <= close
SPY,-0.032443242069754345,0.03353109965265034,1998-07-01,114.06,119.23,111.31,111.78,155280200,110.35952380952382,6,1,indicator <= close
SPY,-0.004004464551968532,0.004020564761032982,1998-08-01,111.78,112.42,95.0,96.0,268542800,111.33238095238096,6,0,indicator <= close
SPY,0.11647482228369181,-0.10432373391586973,1998-09-01,96.06,107.0,93.62,101.75,269370500,107.24857142857144,6,0,indicator <= close
SPY,0.04705255090139636,-0.04493809872378356,1998-10-01,100.03,110.91,92.22,110.0,249152700,104.73666666666668,6,1,indicator <= close
SPY,-0.04526409426689168,0.04741006805660563,1998-11-01,110.81,119.72,110.19,116.12,136369000,105.79428571428573,6,1,indicator <= close
SPY,-0.06636402408017973,0.0710812627103382,1998-12-01,116.12,124.75,113.75,123.31,156026700,108.41380952380953,6,1,indicator <= close
SPY,-0.08601764583285097,0.0941130268441923,1999-01-01,123.38,128.5,120.38,127.66,141419000,112.76714285714284,6,1,indicator <= close
SPY,-0.08156181891514874,0.08880490880595647,1999-02-01,128.69,128.84,121.33,123.56,164624900,118.1938095238095,6,1,indicator <= close
SPY,-0.018453054843156683,0.018799971752963923,1999-03-01,123.66,132.62,121.78,128.38,148191100,121.37809523809524,6,1,indicator <= close
SPY,-0.03638713562377692,0.037761155925758065,1999-04-01,129.69,137.5,128.12,133.25,156755700,124.97095238095237,6,1,indicator <= close
SPY,-0.03909729359369639,0.04068808770444307,1999-05-01,133.44,138.0,128.0,130.2,182566900,128.22285714285715,6,1,indicator <= close
SPY,-0.005160072021430817,0.005186836471185518,1999-06-01,130.12,137.5,128.02,137.0,160692200,129.44857142857143,6,1,indicator <= close
SPY,-0.03669099756691001,0.03808850272782383,1999-07-01,137.0,142.25,132.56,132.75,115669100,131.97333333333333,6,1,indicator <= close
SPY,-0.0008644964577168056,0.0008652444584862261,1999-08-01,132.75,138.78,127.0,132.06,142925900,132.6352380952381,6,0,indicator <= close
SPY,0.001640553919777787,-0.0016378669107972043,1999-09-01,132.94,136.62,125.56,128.75,167972700,133.15809523809526,6,0,indicator <= close
SPY,0.030252275992466646,-0.02936394968244443,1999-10-01,127.94,137.69,123.44,137.0,196829400,131.81047619047618,6,1,indicator <= close
SPY,-0.025700331414617222,0.026378261476710102,1999-11-01,136.5,143.0,134.59,139.28,125042200,132.99190476190475,6,1,indicator <= close
SPY,-0.032155077234396756,0.033223377504026236,1999-12-01,139.31,147.56,139.0,146.88,121529300,134.8304761904762,6,1,indicator <= close
SPY,-0.06384003854492899,0.06819351518270722,2000-01-01,148.25,148.25,135.0,139.56,156770800,138.78571428571428,6,1,indicator <= close
SPY,0.00019081693500301133,-0.0001907805308468569,2000-02-01,139.75,144.56,132.72,137.44,186938300,139.77666666666667,6,0,indicator <= close
SPY,0.01602757074345512,-0.015774739982427156,2000-03-01,137.62,155.75,135.03,150.38,247594900,139.8257142857143,6,1,indicator <= close
SPY,-0.04594102495781177,0.04815323387716181,2000-04-01,150.12,153.11,133.5,145.09,229246200,143.2233333333333,6,1,indicator <= close
SPY,-0.013730765231857024,0.013921923900510716,2000-05-01,146.56,148.48,136.5,142.81,161024000,144.54761904761904,6,0,indicator <= close
SPY,0.006144179433900396,-0.0061066590251084825,2000-06-01,143.69,149.16,143.0,145.28,127146000,144.57285714285715,6,1,indicator <= close
SPY,-0.003784902299753776,0.0037992822117343837,2000-07-01,145.44,151.98,141.52,143.0,106780100,144.8895238095238,6,0,indicator <= close
SPY,0.008355382258738456,-0.00828614832205508,2000-08-01,143.62,153.09,142.62,152.34,102365500,144.82000000000002,6,1,indicator <= close
SPY,-0.03871047929775499,0.04026932413605847,2000-09-01,153.25,153.59,142.12,143.62,113203000,147.31761904761905,6,0,indicator <= close
SPY,0.015442855822672926,-0.015208000858070655,2000-10-01,144.28,145.75,130.16,142.95,178392400,146.50809523809525,6,0,indicator <= close
SPY,0.02212067955477452,-0.02164194502395751,2000-11-01,142.25,144.3,129.75,132.28,156699900,145.39666666666668,6,0,indicator <= close
SPY,0.06540960103539888,-0.06139385356752159,2000-12-01,133.19,139.56,125.53,131.19,165416700,141.90190476190477,6,0,indicator <= close
SPY,0.04975108225108213,-0.04739321834695907,2001-01-01,132.0,138.7,127.56,137.02,181296400,138.56714285714284,6,0,indicator <= close
SPY,0.001674134278072819,-0.001671336236788626,2001-02-01,137.1,137.99,121.8,123.95,178607000,137.32952380952378,6,0,indicator <= close
SPY,0.06951881921652156,-0.06500008972955494,2001-03-01,124.05,127.75,108.04,116.69,318187200,132.6738095238095,6,0,indicator <= close
SPY,0.0936739958236089,-0.08565074801204008,2001-04-01,116.3,127.27,109.3,126.66,251839700,127.19428571428571,6,0,indicator <= close
SPY,0.0038606951535712516,-0.0038458475087329125,2001-05-01,125.07,132.09,123.44,125.95,208040000,125.55285714285715,6,1,indicator <= close
SPY,-0.009093653309184307,0.009177106736224915,2001-06-01,126.2,129.23,120.4,122.6,203578200,125.05238095238094,6,0,indicator <= close
SPY,0.009066232356134607,-0.008984774304621482,2001-07-01,122.8,124.32,116.75,121.35,196892900,123.91333333333333,6,0,indicator <= close
SPY,0.008241683161745266,-0.008174313063411712,2001-08-01,121.97,123.25,112.04,114.15,269599600,122.97523809523807,6,0,indicator <= close
SPY,0.05786226655791882,-0.05469735369821967,2001-09-01,113.85,116.17,93.8,104.44,419156100,120.43761904761905,6,0,indicator <= close
SPY,0.11205829781383193,-0.10076656775469828,2001-10-01,103.9,111.79,102.83,105.8,512612000,115.54285714285714,6,0,indicator <= close
SPY,0.05075046904315207,-0.04829925899473271,2001-11-01,106.6,116.9,105.7,114.05,372515000,112.01,6,1,indicator <= close
SPY,-0.020053212662099702,0.020463573044181074,2001-12-01,113.65,118.0,112.0,114.3,308403900,111.37095238095237,6,1,indicator <= close
SPY,-0.029218428749312346,0.03009784035317991,2002-01-01,115.11,117.99,108.4,113.18,349380000,111.74666666666666,6,1,indicator <= close
SPY,-0.01042153531321465,0.010531287497766237,2002-02-01,113.09,113.3,107.82,111.15,424492600,111.91142857142856,6,0,indicator <= close
SPY,0.00346955824936497,-0.0034575620364786144,2002-03-01,111.72,117.9,111.51,114.52,385578100,112.10761904761905,6,1,indicator <= close
SPY,-0.009696393658575147,0.009791334290296569,2002-04-01,114.23,115.1,106.63,107.86,404461000,113.12238095238096,6,0,indicator <= close
SPY,0.03599765366922901,-0.03474684864558801,2002-05-01,107.97,111.25,104.9,107.22,452626500,111.85666666666665,6,0,indicator <= close
SPY,0.02973466910342442,-0.028876049331537007,2002-06-01,107.09,107.6,95.19,98.96,534883500,110.27428571428572,6,0,indicator <= close
SPY,0.07626825684901913,-0.07086361263901717,2002-07-01,99.18,99.8,77.68,91.16,1124248800,106.74428571428572,6,0,indicator <= close
SPY,0.11797346579476865,-0.10552438801479173,2002-08-01,90.88,97.15,83.55,91.78,936191200,101.60142857142857,6,0,indicator <= close
SPY,0.07432308314045327,-0.06918131454756848,2002-09-01,90.73,93.33,80.9,81.79,1013828600,97.47333333333333,6,0,indicator <= close
SPY,0.11577500101095865,-0.10376195998840232,2002-10-01,82.43,91.29,77.07,88.52,1344248100,91.97333333333333,6,0,indicator <= close
SPY,0.015042983803595115,-0.014820046090290345,2002-11-01,88.35,94.95,87.45,93.98,818243400,89.67904761904762,6,1,indicator <= close
SPY,-0.05359449739883392,0.05662952851767145,2002-12-01,95.47,96.05,87.11,88.23,728285900,90.35333333333332,6,0,indicator <= close
SPY,0.009448776696947794,-0.009360333000615902,2003-01-01,88.85,93.86,84.15,86.06,911319900,89.6895238095238,6,0,indicator <= close
SPY,0.030222119031034812,-0.029335536941742162,2003-02-01,86.14,86.81,81.0,84.9,862248300,88.74333333333334,6,0,indicator <= close
SPY,0.029456117422338175,-0.028613281249999793,2003-03-01,85.26,89.88,79.38,84.74,1156870200,87.77142857142856,6,0,indicator <= close
SPY,0.021198156682027566,-0.020758122743682227,2003-04-01,85.25,92.8,84.91,91.91,996114200,87.05714285714285,6,1,indicator <= close
SPY,-0.041402461767997036,0.04319066147859925,2003-05-01,91.92,97.09,90.5,96.95,881509900,88.11428571428571,6,1,indicator <= close
SPY,-0.07101111745836439,0.07643914668180304,2003-06-01,97.53,102.18,96.67,97.63,867970200,90.60428571428572,6,1,indicator <= close
SPY,-0.04456359407516202,0.0466421352575796,2003-07-01,97.25,101.9,96.43,99.39,895260500,92.9161904761905,6,1,indicator <= close
SPY,-0.038387126198397584,0.0399195219242848,2003-08-01,99.19,101.82,96.34,101.44,772702000,95.38238095238094,6,1,indicator <= close
SPY,-0.03652948782818902,0.03791448452931468,2003-09-01,101.64,104.7,99.25,99.95,818513400,97.92714285714287,6,1,indicator <= close
SPY,-0.009458252574772891,0.00954856531727035,2003-10-01,100.24,105.97,100.2,105.3,831700900,99.29190476190476,6,1,indicator <= close
SPY,-0.040027017899358454,0.041695983788804285,2003-11-01,105.75,106.95,103.62,106.45,630654200,101.51714285714284,6,1,indicator <= close
SPY,-0.032306081066025,0.03338460688232269,2003-12-01,106.85,111.52,105.96,111.28,678350400,103.39809523809522,6,1,indicator <= close
SPY,-0.0492895923359498,0.05184501183389498,2004-01-01,111.74,116.5,110.73,113.48,737674000,106.23238095238096,6,1,indicator <= close
SPY,-0.041893872764585185,0.043725712187509584,2004-02-01,113.7,116.6,112.78,115.02,676976900,108.93666666666667,6,1,indicator <= close
SPY,-0.03452927562777696,0.035764187101819056,2004-03-01,115.43,116.97,108.85,113.1,1125003900,111.44428571428571,6,1,indicator <= close
SPY,-0.003971412567857245,0.003987247572979735,2004-04-01,113.07,115.41,110.9,110.96,968620900,112.62095238095237,6,0,indicator <= close
SPY,0.011950726236440536,-0.011809593023255826,2004-05-01,111.37,113.26,108.06,112.86,981083900,112.70095238095239,6,1,indicator <= close
SPY,0.0032434812801164126,-0.003232995120962862,2004-06-01,112.46,114.94,111.87,114.53,721880400,112.82476190476189,6,1,indicator <= close
SPY,-0.009252891528602624,0.009339307124376788,2004-07-01,114.25,114.4,108.21,110.84,954619200,113.19285714285715,6,0,indicator <= close
SPY,0.01898020302594215,-0.018626665139890784,2004-08-01,110.19,111.63,106.59,111.11,922892000,112.28142857142856,6,0,indicator <= close
SPY,0.007249082598338996,-0.007196911591757403,2004-09-01,110.95,113.74,110.41,111.76,790891900,111.75428571428571,6,1,indicator <= close
SPY,-0.003966133041493821,0.003981925889332281,2004-10-01,112.26,114.68,109.35,113.2,1044071300,111.81476190476191,6,1,indicator <= close
SPY,-0.01122544826313757,0.011352889537275371,2004-11-01,113.56,119.14,113.2,117.89,961601700,112.2852380952381,6,1,indicator <= close
SPY,-0.035496663120224495,0.036803048535900634,2004-12-01,118.16,121.66,117.73,120.87,909170200,113.96571428571427,6,1,indicator <= close
SPY,-0.042890831883921766,0.04481289419507469,2005-01-01,121.56,121.76,116.37,118.16,1184211500,116.34619047619047,6,1,indicator <= close
SPY,-0.006910299003322241,0.006958383513983655,2005-02-01,118.25,121.67,118.1,120.63,1025608400,117.43285714285715,6,1,indicator <= close
SPY,-0.01613971196821709,0.016404475477412202,2005-03-01,120.82,123.25,116.25,117.96,1330548800,118.87,6,0,indicator <= close
SPY,0.004901193386399396,-0.004877288850541562,2005-04-01,118.63,119.26,113.55,115.75,1633318500,119.21142857142856,6,0,indicator <= close
SPY,0.021091541639486937,-0.02065587734241917,2005-05-01,116.07,120.25,114.8,119.48,1334647300,118.51809523809524,6,1,indicator <= close
SPY,-0.006936476062982165,0.006984926840815161,2005-06-01,119.52,121.94,118.75,119.18,1089322900,118.69095238095237,6,1,indicator <= close
SPY,-0.005617014491020511,0.005648743565483893,2005-07-01,119.45,124.64,118.26,123.74,1176306400,118.7790476190476,6,1,indicator <= close
SPY,-0.029160561907069237,0.030036441416462036,2005-08-01,123.83,124.74,120.38,122.58,1306564800,120.21904761904761,6,1,indicator <= close
SPY,-0.012250672387793,0.01240261273313936,2005-09-01,122.52,124.74,120.44,123.04,1287005000,121.0190476190476,6,1,indicator <= close
SPY,-0.008915016885088303,0.008995209328133517,2005-10-01,122.96,123.34,116.88,120.13,1784566400,121.86380952380954,6,0,indicator <= close
SPY,0.010303374957546485,-0.010198298068616706,2005-11-01,120.58,127.41,120.13,125.41,1183732800,121.82238095238095,6,1,indicator <= close
SPY,-0.023008441592793315,0.023550297231128663,2005-12-01,126.02,128.09,124.36,124.51,1073146800,123.12047619047618,6,1,indicator <= close
SPY,-0.010528758192309603,0.01064079252376688,2006-01-01,125.19,129.44,124.39,127.5,1233910800,123.87190476190476,6,1,indicator <= close
SPY,-0.021268748463240672,0.021730938324331067,2006-02-01,127.82,130.04,125.4,128.23,1145244400,125.10142857142857,6,1,indicator <= close
SPY,-0.01738872843071907,0.017696447144299875,2006-03-01,128.6,131.47,127.18,129.83,1350777100,126.36380952380952,6,1,indicator <= close
SPY,-0.017785295097511592,0.018107339473478222,2006-04-01,130.07,131.86,128.02,131.47,1300327900,127.75666666666666,6,1,indicator <= close
SPY,-0.01718298942000179,0.01748340661082112,2006-05-01,131.47,132.8,124.76,127.51,1752747100,129.21095238095236,6,0,indicator <= close
SPY,0.012545888193556716,-0.012390439129568085,2006-06-01,127.38,129.43,122.34,127.28,2163829300,128.97809523809525,6,0,indicator <= close
SPY,0.009925150315953164,-0.009827609811329185,2006-07-01,127.43,128.14,122.39,127.85,1691301400,128.69476190476192,6,0,indicator <= close
SPY,0.00737433343056081,-0.007320350723497095,2006-08-01,127.34,131.04,126.28,130.64,1420345400,128.27904761904762,6,1,indicator <= close
SPY,-0.016532676819393164,0.016810601053754638,2006-09-01,131.14,133.99,129.35,133.58,1363687900,128.97190476190477,6,1,indicator <= close
SPY,-0.02479014670118473,0.02542032016732377,2006-10-01,133.54,139.0,132.65,137.79,1443344100,130.22952380952378,6,1,indicator <= close
SPY,-0.04023261742839232,0.04191913390575199,2006-11-01,138.22,141.16,135.62,140.53,1502059900,132.6590476190476,6,1,indicator <= close
SPY,-0.03631151457238396,0.03767972235994032,2006-12-01,140.53,143.24,138.97,141.62,1212756800,135.42714285714288,6,1,indicator <= close
SPY,-0.029451836973805413,0.030345569746867394,2007-01-01,142.25,144.13,140.25,143.75,1330329900,138.06047619047618,6,1,indicator <= close
SPY,-0.025106122920899206,0.02575267268691867,2007-02-01,144.15,146.42,139.0,140.93,1494548900,140.53095238095239,6,1,indicator <= close
SPY,0.010669345964308014,-0.010556712743798607,2007-03-01,139.34,143.81,136.75,142.0,2918304400,140.82666666666668,6,1,indicator <= close
SPY,-0.004378031460192394,0.0043972829030814505,2007-04-01,142.16,149.8,141.48,148.29,1791289900,141.53761904761905,6,1,indicator <= close
SPY,-0.032295737322013844,0.03337356108429233,2007-05-01,148.42,153.89,147.67,153.32,2508178000,143.6266666666667,6,1,indicator <= close
SPY,-0.046074863530023234,0.04830029293548589,2007-06-01,153.88,154.4,148.06,150.43,3502885400,146.79000000000002,6,1,indicator <= close
SPY,-0.015989798849214365,0.016249627118209268,2007-07-01,150.87,155.53,145.04,145.72,3988676200,148.45761904761903,6,0,indicator <= close
SPY,0.020037523206003667,-0.01964390794470504,2007-08-01,145.18,150.59,137.0,147.59,6195918600,148.08904761904762,6,0,indicator <= close
SPY,0.005900305188199421,-0.00586569579288029,2007-09-01,147.45,154.39,144.33,152.58,2967009200,148.32,6,1,indicator <= close
SPY,-0.01942208075890902,0.01980676943443776,2007-10-01,152.6,157.52,148.66,154.65,3850069600,149.63619047619048,6,1,indicator <= close
SPY,-0.0172067261244637,0.017507981161298432,2007-11-01,153.29,153.41,140.66,148.66,5472709900,150.65238095238095,6,0,indicator <= close
SPY,0.01207587427980151,-0.01193178751385094,2007-12-01,148.19,152.89,143.96,146.21,3293787500,149.97952380952378,6,0,indicator <= close
SPY,0.017561818967674357,-0.017258724374594733,2008-01-01,146.53,146.99,126.0,137.37,6106834300,149.10333333333332,6,0,indicator <= close
SPY,0.05828275923969687,-0.05507295543732472,2008-02-01,137.94,139.61,131.73,133.82,4151028600,145.97952380952378,6,0,indicator <= close
SPY,0.06526248775009474,-0.06126423158665191,2008-03-01,133.14,135.81,126.07,131.97,5462121800,141.8290476190476,6,0,indicator <= close
SPY,0.03655628855838417,-0.0352670558867823,2008-04-01,133.61,140.59,132.33,138.26,4014652600,138.49428571428572,6,0,indicator <= close
SPY,-0.006889242183359727,0.006937033084311528,2008-05-01,138.38,144.3,137.52,140.35,3646997000,137.42666666666668,6,1,indicator <= close
SPY,-0.01678228324870674,0.017068735604315655,2008-06-01,139.83,140.89,127.04,127.98,5408930000,137.48333333333335,6,0,indicator <= close
SPY,0.06018999442964036,-0.056772837647860744,2008-07-01,126.52,129.16,120.02,126.83,7156206800,134.1352380952381,6,0,indicator <= close
SPY,0.03769216937876481,-0.03632307392406168,2008-08-01,127.12,131.51,124.76,128.79,4344355500,131.9114285714286,6,0,indicator <= close
SPY,0.007723492380879139,-0.007664297239544722,2008-09-01,130.03,130.71,110.53,115.99,8105188900,131.03428571428572,6,0,indicator <= close
SPY,0.09385004977960648,-0.08579791151311443,2008-10-01,115.27,116.69,83.58,96.83,11882352200,126.08809523809524,6,0,indicator <= close
SPY,0.20616223344059684,-0.17092413252943248,2008-11-01,96.78,100.86,74.34,90.09,8762237000,116.73238095238096,6,0,indicator <= close
SPY,0.21939261363327167,-0.1799195855218238,2008-12-01,87.51,92.43,81.86,90.24,6919927700,106.70904761904761,6,0,indicator <= close
SPY,0.10586339799077535,-0.09572918154549358,2009-01-01,90.44,94.45,80.05,82.83,6872039400,100.01428571428572,6,0,indicator <= close
SPY,0.13403620612153183,-0.11819393895715488,2009-02-01,81.57,87.74,73.81,73.93,7275092500,92.50333333333334,6,0,indicator <= close
SPY,0.16623985501536545,-0.14254345218992298,2009-03-01,72.52,83.3,67.1,79.52,8813959700,84.5757142857143,6,0,indicator <= close
SPY,0.03277485704583637,-0.03173475498772891,2009-04-01,78.53,89.02,78.33,87.42,6023006600,81.10380952380953,6,1,indicator <= close
SPY,-0.0630473140765913,0.06728975221887043,2009-05-01,87.44,93.7,86.72,92.53,5195735600,81.92714285714285,6,1,indicator <= close
SPY,-0.09282333623104413,0.10232112436115842,2009-06-01,93.67,96.11,88.85,91.95,5054855000,84.9752380952381,6,1,indicator <= close
SPY,-0.05403941953649566,0.05712650257584441,2009-07-01,92.34,99.83,87.0,98.81,4295844600,87.35,6,1,indicator <= close
SPY,-0.0808212318477716,0.08792765308346037,2009-08-01,99.85,104.35,98.11,102.46,3957574800,91.78,6,1,indicator <= close
SPY,-0.058955136738363875,0.06264859311173217,2009-09-01,101.95,108.06,99.57,105.59,3777956700,95.9395238095238,6,1,indicator <= close
SPY,-0.038858067498844275,0.040429062748021924,2009-10-01,103.0,110.31,101.99,103.56,4481700800,98.99761904761904,6,1,indicator <= close
SPY,-0.028009859470533537,0.028817020155447143,2009-11-01,104.13,111.74,103.08,109.94,3430866200,101.21333333333334,6,1,indicator <= close
SPY,-0.05720982947813103,0.06068140214748239,2009-12-01,110.92,113.03,109.02,111.44,2883885800,104.57428571428571,6,1,indicator <= close
SPY,-0.0430889451090572,0.0450292060989597,2010-01-01,112.37,115.14,107.22,107.39,3706842300,107.52809523809525,6,0,indicator <= close
SPY,0.0015939061708825507,-0.0015913696769343296,2010-02-01,108.15,111.58,104.58,110.74,4451912400,108.32238095238095,6,1,indicator <= close
SPY,-0.014452723535457512,0.014664667926742005,2010-03-01,111.2,118.17,111.17,117.0,3899688500,109.59285714285713,6,1,indicator <= close
SPY,-0.04661654135338346,0.04889589905362776,2010-04-01,117.8,122.12,117.1,118.81,3887089700,112.30857142857143,6,1,indicator <= close
SPY,-0.03860820588915744,0.040158659690729744,2010-05-01,119.38,120.68,104.38,109.37,7413878800,114.77095238095238,6,0,indicator <= close
SPY,0.04619948579339434,-0.04415934668363803,2010-06-01,108.35,113.2,102.88,103.22,5706059600,113.35571428571427,6,0,indicator <= close
SPY,0.07200332386953795,-0.06716707146917457,2010-07-01,103.15,112.29,101.13,110.27,4725402000,110.57714285714285,6,0,indicator <= close
SPY,-0.010953358930856732,0.011074663697372582,2010-08-01,111.99,113.18,104.29,105.31,4541971600,110.76333333333335,6,0,indicator <= close
SPY,0.023740368441951872,-0.023189833256338957,2010-09-01,106.73,115.79,106.66,114.13,4035642500,109.26380952380953,6,1,indicator <= close
SPY,-0.040463145863615484,0.04216945465844944,2010-10-01,114.99,119.76,113.18,118.49,3767490800,110.33714285714285,6,1,indicator <= close
SPY,-0.05341395817586293,0.05642800106467926,2010-11-01,119.07,122.95,117.59,118.49,3983708900,112.71,6,1,indicator <= close
SPY,-0.03976309325726963,0.041409669820078134,2010-12-01,120.2,126.2,120.19,125.75,2722749900,115.4204761904762,6,1,indicator <= close
SPY,-0.05748033567463761,0.0609858211454728,2011-01-01,126.71,130.35,125.7,128.68,2860314700,119.42666666666666,6,1,indicator <= close
SPY,-0.0491528914980176,0.05169379078772801,2011-02-01,129.46,134.69,129.38,133.15,2820073500,123.09666666666665,6,1,indicator <= close
SPY,-0.04837128382834752,0.050829995991443395,2011-03-01,133.57,133.69,125.28,132.59,4787459400,127.10904761904762,6,1,indicator <= close
SPY,-0.0270772877024283,0.027830872236999052,2011-04-01,133.41,136.57,129.51,136.43,2812718500,129.79761904761904,6,1,indicator <= close
SPY,-0.032211556834012514,0.03328367585030961,2011-05-01,137.07,137.18,131.38,134.9,3337607300,132.6547619047619,6,1,indicator <= close
SPY,-0.004361509677099644,0.004380615775194812,2011-06-01,134.51,134.92,126.19,131.97,4710433400,133.92333333333332,6,0,indicator <= close
SPY,0.013089920652945761,-0.012920788555974564,2011-07-01,132.09,135.7,127.97,129.33,3840768000,133.8190476190476,6,0,indicator <= close
SPY,0.017283923658121227,-0.01699026521127826,2011-08-01,130.84,130.96,110.27,122.22,9050451800,133.10142857142858,6,0,indicator <= close
SPY,0.06202664236845283,-0.058404036107913095,2011-09-01,122.29,123.4,111.3,113.15,6188283200,129.8752380952381,6,0,indicator <= close
SPY,0.10575331563863873,-0.09563915761587372,2011-10-01,112.49,129.42,107.43,125.5,5721102000,124.38619047619046,6,1,indicator <= close
SPY,0.004827072187557316,-0.004803883495145633,2011-11-01,122.03,128.02,116.2,124.99,5013586000,122.61904761904762,6,1,indicator <= close
SPY,-0.019833323798081552,0.020234644045372344,2011-12-01,124.85,127.26,120.03,125.5,3848636100,122.37380952380951,6,1,indicator <= close
SPY,-0.03396994364433315,0.035164479014746425,2012-01-01,127.76,133.4,126.43,131.32,2883821400,123.42,6,1,indicator <= close
SPY,-0.04779902738932137,0.05019846520243443,2012-02-01,132.29,138.19,132.13,137.02,2894582000,125.96666666666667,6,1,indicator <= close
SPY,-0.054121539373888056,0.057218280811747214,2012-03-01,137.31,141.83,134.36,140.81,3057516200,129.87857142857143,6,1,indicator <= close
SPY,-0.047023132347364306,0.04934341424592108,2012-04-01,140.64,142.21,135.76,139.87,3035644100,134.02666666666667,6,1,indicator <= close
SPY,-0.022881260666509955,0.023417072813604688,2012-05-01,139.79,141.66,129.55,131.47,4004156100,136.59142857142857,6,0,indicator <= close
SPY,0.04586014917519434,-0.04384921751857686,2012-06-01,129.41,136.27,127.14,136.1,3644886200,135.3447619047619,6,1,indicator <= close
SPY,-0.004242728744487312,0.0042608061893816915,2012-07-01,136.48,139.34,132.6,137.71,2864743300,135.90095238095236,6,1,indicator <= close
SPY,-0.014591272702303667,0.014807330499616713,2012-08-01,138.7,143.09,135.58,141.16,2413590900,136.67619047619047,6,1,indicator <= close
SPY,-0.02286754179834159,0.023402704112836088,2012-09-01,141.04,148.11,140.13,143.97,2391233500,137.8147619047619,6,1,indicator <= close
SPY,-0.03286742319402158,0.03398440294769979,2012-10-01,144.52,147.16,140.39,141.35,2719915500,139.77,6,1,indicator <= close
SPY,-0.006562116551527007,0.006605462365445788,2012-11-01,141.65,143.72,134.7,142.15,3032769100,140.7204761904762,6,1,indicator <= close
SPY,-0.006225823662798533,0.006264827373302588,2012-12-01,142.8,145.58,139.54,142.41,2889875900,141.91095238095238,6,1,indicator <= close
SPY,-0.0136874817461958,0.0138774287995741,2013-01-01,145.11,150.94,144.73,149.7,2587140200,143.12380952380954,6,1,indicator <= close
SPY,-0.03412830117111568,0.03533419729814644,2013-02-01,150.65,153.28,148.73,151.61,2581459300,145.50857142857143,6,1,indicator <= close
SPY,-0.024091601032497283,0.024686334350627434,2013-03-01,151.09,156.85,150.41,156.67,2330972300,147.45,6,1,indicator <= close
SPY,-0.03899172543402707,0.040573766601163956,2013-04-01,156.59,159.72,153.55,159.68,2907035000,150.4842857142857,6,1,indicator <= close
SPY,-0.03516809975104094,0.036449976148141855,2013-05-01,159.33,169.07,158.1,163.45,2781596000,153.72666666666666,6,1,indicator <= close
SPY,-0.03916952241434941,0.04076631968708314,2013-06-01,163.83,165.99,155.73,160.42,3533321800,157.41285714285715,6,1,indicator <= close
SPY,-0.011761544503699907,0.011901524817502855,2013-07-01,161.26,169.86,160.22,168.71,2330904500,159.36333333333334,6,1,indicator <= close
SPY,-0.04089036049739615,0.04263366648947661,2013-08-01,169.99,170.97,163.05,163.65,2283131700,163.03904761904764,6,1,indicator <= close
SPY,-0.0048186798776885245,0.004842011983400463,2013-09-01,165.23,173.6,163.7,168.01,2226749600,164.43380952380951,6,1,indicator <= close
SPY,-0.012806787994131721,0.012972929552574348,2013-10-01,168.14,177.51,164.53,175.79,2901739000,165.98666666666668,6,1,indicator <= close
SPY,-0.03851293954691295,0.040055598386071124,2013-11-01,176.02,181.75,174.76,181.0,1930952900,169.2409523809524,6,1,indicator <= close
SPY,-0.043850860792713074,0.045861946630071156,2013-12-01,181.09,184.69,177.32,184.69,2232775900,173.1490476190476,6,1,indicator <= close
SPY,-0.03760760745215584,0.03907720774121376,2014-01-01,183.98,184.94,176.88,178.18,2530650900,177.06095238095236,6,1,indicator <= close
SPY,0.0011451903343796912,-0.001143880373632121,2014-02-01,177.97,187.15,173.71,186.29,2394184600,178.17380952380955,6,1,indicator <= close
SPY,-0.020767733034183073,0.021208178830271363,2014-03-01,184.65,189.02,183.75,187.01,2554084300,180.8152380952381,6,1,indicator <= close
SPY,-0.022596331998314845,0.023118730508259036,2014-04-01,187.62,189.7,181.31,188.31,2345902000,183.38047619047617,6,1,indicator <= close
SPY,-0.01610071294483162,0.01636418803902318,2014-05-01,188.22,192.8,186.01,192.68,1781093800,185.1895238095238,6,1,indicator <= close
SPY,-0.026851269142018096,0.027592153481353795,2014-06-01,192.95,196.6,191.97,195.72,1675047300,187.7690476190476,6,1,indicator <= close
SPY,-0.027969516042910474,0.02877431984339412,2014-07-01,196.2,199.06,192.97,193.09,1893710200,190.71238095238095,6,1,indicator <= close
SPY,-0.002732605298039388,0.0027400928903887844,2014-08-01,192.56,200.82,190.55,200.71,1829885000,192.03380952380954,6,1,indicator <= close
SPY,-0.029390788011477664,0.030280763512705273,2014-09-01,200.97,201.9,196.05,197.02,2106462700,195.06333333333333,6,1,indicator <= close
SPY,-0.0030721185271259804,0.003081585523104433,2014-10-01,196.7,201.82,181.92,201.66,3943068000,196.0957142857143,6,1,indicator <= close
SPY,-0.018486812316051475,0.018835011641233607,2014-11-01,201.92,207.87,200.06,207.2,1571091800,198.18714285714287,6,1,indicator <= close
SPY,-0.026617294204503338,0.027345148055358516,2014-12-01,206.4,212.97,197.86,205.54,3045171000,200.90619047619052,6,1,indicator <= close
SPY,-0.016479079275861952,0.016755189369768445,2015-01-01,206.38,206.88,198.55,199.45,3183506000,202.9790476190476,6,0,indicator <= close
SPY,0.01353947227478839,-0.013358603828620894,2015-02-01,200.05,212.24,197.86,210.66,1901638100,202.75857142857143,6,1,indicator <= close
SPY,-0.02624944085234427,0.026957048297174747,2015-03-01,210.78,212.06,204.12,206.43,2749923000,205.24714285714288,6,1,indicator <= close
SPY,-0.0018204093498437551,0.0018237292836833562,2015-04-01,206.39,212.48,204.51,208.46,2036685200,206.01428571428573,6,1,indicator <= close
SPY,-0.010601719197707866,0.010715320011584262,2015-05-01,209.4,213.78,206.76,211.14,1892519900,207.17999999999998,6,1,indicator <= close
SPY,-0.015215447318872753,0.015450534106620483,2015-06-01,211.94,213.34,205.28,205.85,2535242600,208.7152380952381,6,0,indicator <= close
SPY,0.0050729770558395415,-0.005047371854230739,2015-07-01,207.73,213.18,204.11,210.5,2452758000,208.78380952380954,6,1,indicator <= close
SPY,-0.004237882552051481,0.004255918635379306,2015-08-01,210.46,211.31,182.4,197.67,3734926900,209.56809523809525,6,0,indicator <= close
SPY,0.061010671874383526,-0.057502411136545833,2015-09-01,193.12,202.89,186.93,191.63,3279512900,204.90238095238095,6,0,indicator <= close
SPY,0.0452961067809045,-0.043333277993733724,2015-10-01,192.08,209.44,189.12,207.93,2536184400,200.78047619047615,6,1,indicator <= close
SPY,-0.03043394777265747,0.03138924646004557,2015-11-01,208.32,211.66,202.18,208.69,1924512800,201.98,6,1,indicator <= close
SPY,-0.02811806540798143,0.02893156504630881,2015-12-01,209.44,211.0,199.83,203.87,2924882300,203.55095238095237,6,1,indicator <= close
SPY,0.0109422391331714,-0.010823802497909062,2016-01-01,200.49,201.9,181.02,193.72,3712950900,202.68380952380954,6,0,indicator <= close
SPY,0.038212968665365714,-0.036806483658635966,2016-02-01,192.53,196.68,181.09,193.56,2920730800,199.88714285714286,6,0,indicator <= close
SPY,0.0186803607141027,-0.018337803922132773,2016-03-01,195.01,206.87,194.45,205.52,2323306500,198.65285714285716,6,1,indicator <= close
SPY,-0.021300989199202928,0.02176459663709469,2016-04-01,204.35,210.92,203.09,206.33,1910635600,199.99714285714288,6,1,indicator <= close
SPY,-0.026235121924277096,0.02694194719378344,2016-05-01,206.92,210.69,202.78,209.84,1828530900,201.49142857142857,6,1,indicator <= close
SPY,-0.02600921776514735,0.0267037617188413,2016-06-01,209.12,212.52,198.65,209.48,2612406900,203.6809523809524,6,1,indicator <= close
SPY,-0.016667121307182547,0.016949622725255353,2016-07-01,209.48,217.54,207.06,217.12,1648453700,205.9885714285714,6,1,indicator <= close
SPY,-0.032777971449180994,0.03388877680783591,2016-08-01,217.19,219.6,214.25,217.38,1519703200,210.07095238095238,6,1,indicator <= close
SPY,-0.019963765972874806,0.020370436601961653,2016-09-01,217.37,219.22,212.31,216.3,2292393000,213.0304761904762,6,1,indicator <= close
SPY,-0.006197845647387108,0.0062364985024856755,2016-10-01,215.82,216.7,211.21,212.55,1725687400,214.4823809523809,6,0,indicator <= close
SPY,0.007666279774484164,-0.0076079550624636155,2016-11-01,212.93,221.82,208.38,220.38,2073824400,214.56238095238092,6,1,indicator <= close
SPY,-0.018779676959353443,0.019139103133492173,2016-12-01,220.73,228.34,219.15,223.53,1821910200,216.5847619047619,6,1,indicator <= close
SPY,-0.02557005738662333,0.026241042345276876,2017-01-01,225.04,229.71,223.88,227.53,1482408500,219.28571428571428,6,1,indicator <= close
SPY,-0.02449284552743426,0.025107807169981216,2017-02-01,227.53,237.31,226.82,236.47,1365136600,221.95714285714288,6,1,indicator <= close
SPY,-0.04677609119909556,0.04907146239957087,2017-03-01,238.39,240.32,231.61,235.74,1921474100,227.2390476190476,6,1,indicator <= close
SPY,-0.021289228159457208,0.021752318225149538,2017-04-01,235.8,239.53,232.51,238.08,1549613700,230.78,6,1,indicator <= close
SPY,-0.018801822723391415,0.019162105228912398,2017-05-01,238.68,242.08,235.43,241.44,1492547000,234.19238095238094,6,1,indicator <= close
SPY,-0.01922316225742257,0.01959993498793049,2017-06-01,241.97,245.01,239.96,241.8,1572753000,237.31857142857146,6,1,indicator <= close
SPY,-0.013120333772507571,0.013294765533737436,2017-07-01,242.88,248.0,240.34,246.77,1055908800,239.69333333333336,6,1,indicator <= close
SPY,-0.019933957580445968,0.020339402364389327,2017-08-01,247.46,248.91,241.83,247.49,1557031500,242.52714285714285,6,1,indicator <= close
SPY,-0.013619984941378935,0.01380805037961915,2017-09-01,247.92,251.32,244.95,251.23,1286405100,244.54333333333332,6,1,indicator <= close
SPY,-0.01735371471742716,0.01766018452146987,2017-10-01,251.49,257.89,251.29,257.15,1320624600,247.12571428571425,6,1,indicator <= close
SPY,-0.027932177366373778,0.028734802979793167,2017-11-01,258.04,266.05,255.63,265.01,1365620900,250.83238095238093,6,1,indicator <= close
SPY,-0.034834782984050065,0.036092041414163806,2017-12-01,264.76,268.6,260.76,266.86,1715222900,255.5371428571429,6,1,indicator <= close
SPY,-0.02913430904022284,0.03000858853238627,2018-01-01,267.84,286.63,267.4,281.9,1985506700,260.0366666666667,6,1,indicator <= close
SPY,-0.049604657033411305,0.052193708018995595,2018-02-01,281.07,283.06,252.92,271.65,2923722000,267.1276190476191,6,1,indicator <= close
SPY,-0.005717935086786705,0.005750817890178678,2018-03-01,271.41,280.41,257.83,263.15,2323561800,269.85809523809525,6,0,indicator <= close
SPY,0.024332780150719574,-0.02375476077914764,2018-04-01,262.55,271.3,254.67,264.51,1998466500,268.93857142857144,6,0,indicator <= close
SPY,0.015157175160206897,-0.014930865417776187,2018-05-01,263.87,274.25,259.05,270.94,1606397200,267.8695238095238,6,1,indicator <= close
SPY,-0.012654244914441178,0.012816427122173244,2018-06-01,272.41,279.48,268.49,271.28,1599001000,268.9628571428571,6,1,indicator <= close
SPY,-0.0023994162245059188,0.002405187269864206,2018-07-01,269.51,284.37,269.24,281.33,1266892500,268.8633333333334,6,1,indicator <= close
SPY,-0.0335021208369695,0.034663418885079934,2018-08-01,281.56,291.74,279.16,290.31,1308443700,272.12714285714287,6,1,indicator <= close
SPY,-0.041770172048946605,0.043590974555929016,2018-09-01,289.84,293.94,286.71,290.72,1228103300,277.7333333333333,6,1,indicator <= close
SPY,-0.03080868100894817,0.031788028230608424,2018-10-01,292.11,293.21,259.85,270.63,3024345800,283.11047619047616,6,0,indicator <= close
SPY,0.035419734904271,-0.034208093307730614,2018-11-01,271.6,281.22,263.07,275.65,2021061200,281.22,6,0,indicator <= close
SPY,0.004143815368305423,-0.004126715023171787,2018-12-01,280.28,280.4,233.76,249.92,3102780500,281.4414285714286,6,0,indicator <= close
SPY,0.10369987494143935,-0.0939565884674414,2019-01-01,245.98,270.47,243.67,269.93,2048691700,271.48809523809524,6,0,indicator <= close
SPY,-0.0021804464891638695,0.002185211225308174,2019-02-01,270.15,281.31,267.83,278.68,1371716300,269.56095238095236,6,1,indicator <= close
SPY,-0.033243678301444576,0.0343868227756056,2019-03-01,280.44,285.18,272.42,282.48,1678081300,271.1171428571429,6,1,indicator <= close
SPY,-0.03639587201231044,0.03777056464911223,2019-04-01,284.7,294.45,284.4,294.02,1209204700,274.3380952380952,6,1,indicator <= close
SPY,-0.04731690450338659,0.049666992861588766,2019-05-01,294.72,294.95,275.24,275.27,1845593200,280.77476190476193,6,0,indicator <= close
SPY,0.019086709181511567,-0.018729229818767065,2019-06-01,275.31,296.31,273.09,293.0,1340435600,280.56476190476195,6,1,indicator <= close
SPY,-0.03364856796163254,0.03482021844853703,2019-07-01,296.68,302.23,294.33,297.43,1110102300,286.69714285714286,6,1,indicator <= close
SPY,-0.0232590885816693,0.023812956240252755,2019-08-01,297.6,300.87,281.72,292.45,2034004800,290.67809523809524,6,1,indicator <= close
SPY,0.0026614355691687683,-0.002654371131425817,2019-09-01,290.57,302.63,289.27,296.77,1303830000,291.34333333333336,6,1,indicator <= close
SPY,-0.013989514661241766,0.014187997865393353,2019-10-01,297.74,304.55,284.82,303.33,1386748300,293.5747619047619,6,1,indicator <= close
SPY,-0.025197866106957213,0.025849211066378292,2019-11-01,304.92,315.48,304.74,314.31,1037123500,297.2366666666666,6,1,indicator <= close
SPY,-0.036283053225740346,0.037649076678776365,2019-12-01,314.59,323.8,307.13,321.86,1285175800,303.1757142857143,6,1,indicator <= close
SPY,-0.04246328561714609,0.0443463785558492,2020-01-01,323.54,332.95,320.36,321.73,1392003800,309.8014285714286,6,1,indicator <= close
SPY,-0.025533293571023692,0.026202325233452884,2020-02-01,323.35,339.08,285.54,296.26,2110214900,315.0938095238095,6,0,indicator <= close
SPY,0.04616593292358712,-0.04412869074657502,2020-03-01,298.21,313.84,218.26,257.75,5926017600,311.9771428571429,6,0,indicator <= close
SPY,0.18616516692974472,-0.15694708639237176,2020-04-01,247.98,294.88,243.9,290.48,2819312300,294.1452380952381,6,0,indicator <= close
SPY,0.014155029366553579,-0.01395746109487312,2020-05-01,285.31,306.84,272.99,304.32,1910460500,289.3485714285714,6,1,indicator <= close
SPY,-0.04249672993497497,0.04438285618814542,2020-06-01,303.62,323.41,296.74,308.36,2358674500,290.7171428571429,6,1,indicator <= close
SPY,-0.049300335180749943,0.0518568976145827,2020-07-01,309.57,327.23,309.07,326.52,1505145300,294.30809523809523,6,1,indicator <= close
SPY,-0.07431338763575601,0.0802792075019389,2020-08-01,328.32,351.3,327.73,349.31,1045563300,303.9214285714286,6,1,indicator <= close
SPY,-0.0875406728751863,0.09593926027478895,2020-09-01,350.21,358.75,319.8,334.89,1814712700,319.552380952381,6,1,indicator <= close
SPY,-0.025348692587876462,0.02600796038039681,2020-10-01,337.69,354.02,322.6,326.54,1629016100,329.13,6,0,indicator <= close
SPY,0.006346802803495699,-0.006306774946583706,2020-11-01,330.2,364.38,327.24,362.06,1535244300,332.29571428571427,6,1,indicator <= close
SPY,-0.06056425907617183,0.0644687618725404,2020-12-01,365.57,378.46,362.03,373.88,1344541500,343.42952380952386,6,1,indicator <= close
SPY,-0.05572409347954907,0.05901251222737007,2021-01-01,375.31,385.85,364.82,370.07,1402265400,354.39619047619044,6,1,indicator <= close
SPY,-0.03195414952880436,0.033008921543592896,2021-02-01,373.72,394.17,370.38,380.36,1307806200,361.77809523809526,6,1,indicator <= close
SPY,-0.03942134440850681,0.041039163403263856,2021-03-01,385.59,398.12,371.88,396.33,2401715800,370.38952380952384,6,1,indicator <= close
SPY,-0.04373446165614833,0.04573464158490087,2021-04-01,398.4,420.72,398.18,417.3,1462106600,380.9761904761905,6,1,indicator <= close
SPY,-0.059007519275025136,0.06270774791905202,2021-05-01,419.43,422.82,404.0,420.04,1547235900,394.6804761904762,6,1,indicator <= close
SPY,-0.041501154500184205,0.043298074583014386,2021-06-01,422.57,428.78,414.7,428.06,1282152400,405.03285714285715,6,1,indicator <= close
SPY,-0.03357438762106857,0.034740788314190696,2021-07-01,428.87,441.8,421.97,438.51,1422104700,414.4709523809523,6,1,indicator <= close
SPY,-0.035663999896184156,0.036982960184359745,2021-08-01,440.34,453.07,436.1,451.56,1254001400,424.63571428571424,6,1,indicator <= close
SPY,-0.03853737889003934,0.04008203547793658,2021-09-01,452.56,454.05,428.78,429.14,1745559600,435.1195238095238,6,0,indicator <= close
SPY,0.01222463090763255,-0.012076994112138011,2021-10-01,430.98,459.56,426.36,459.25,1508665200,436.2485714285715,6,1,indicator <= close
SPY,-0.03496994713592578,0.0362371586585722,2021-11-01,460.3,473.54,455.3,455.56,1335351500,444.2033333333334,6,1,indicator <= close
SPY,-0.023926085467546397,0.024512575442616112,2021-12-01,461.64,479.0,448.92,474.96,1927433900,450.59476190476187,6,1,indicator <= close
SPY,-0.03566179778650906,0.03698059218711117,2022-01-01,476.3,479.98,420.76,449.91,2485167800,459.31428571428575,6,0,indicator <= close
SPY,0.017252236831539185,-0.016959645019090995,2022-02-01,450.68,458.12,410.64,436.63,2297975100,458.4552380952381,6,0,indicator <= close
SPY,0.04044510411741006,-0.0388728861881847,2022-03-01,435.04,462.07,415.12,451.64,2380929500,452.6352380952381,6,0,indicator <= close
SPY,-0.000971688668849582,0.000972633766059002,2022-04-01,453.31,457.83,411.21,412.0,1856757400,452.8695238095238,6,0,indicator <= close
SPY,0.0684049288897979,-0.06402528389763132,2022-05-01,412.07,429.66,380.54,412.93,2418478100,440.257619047619,6,0,indicator <= close
SPY,0.03771490049400308,-0.03634418323958626,2022-06-01,415.17,417.44,362.17,377.25,1958611900,430.8280952380953,6,0,indicator <= close
SPY,0.0956554068408754,-0.08730428038198661,2022-07-01,376.56,413.03,371.04,411.99,1437748400,412.58000000000004,6,0,indicator <= close
SPY,-0.0018505263525426128,0.0018539571491035139,2022-08-01,409.15,431.73,395.04,395.18,1443394400,408.39285714285717,6,0,indicator <= close
SPY,0.022010280352310105,-0.021536261205437838,2022-09-01,392.89,411.73,357.04,357.18,1998908600,401.5376190476191,6,0,indicator <= close
SPY,0.07344896527349158,-0.06842334163019885,2022-10-01,361.08,389.52,348.11,386.21,2024732000,387.6009523809523,6,0,indicator <= close
SPY,-0.009691270777034872,0.009786110624955333,2022-11-01,390.14,407.68,368.79,407.68,1745985300,386.3590476190476,6,1,indicator <= close
SPY,-0.04228714016614315,0.04415429920558766,2022-12-01,408.77,410.49,374.77,382.43,1735973600,391.48428571428565,6,0,indicator <= close
SPY,0.014498678728457408,-0.014291471277842987,2023-01-01,384.37,408.16,377.83,406.48,1575450100,389.9428571428572,6,1,indicator <= close
SPY,-0.02770462346978229,0.02849404012250928,2023-02-01,405.21,418.31,393.64,396.26,1603094700,393.9838095238095,6,1,indicator <= close
SPY,6.0214774055227065e-06,-6.021441147550888e-06,2023-03-01,395.41,409.7,380.65,409.39,2515995800,395.41238095238094,6,1,indicator <= close
SPY,-0.020274055568173188,0.020693598738911353,2023-04-01,408.85,415.94,403.78,415.93,1395780500,400.5609523809524,6,1,indicator <= close
SPY,-0.024415263493897325,0.025026286882405113,2023-05-01,415.47,422.58,403.74,417.85,1780909100,405.3261904761905,6,1,indicator <= close
SPY,-0.020225765926452168,0.020643292324968303,2023-06-01,418.09,444.3,416.79,443.28,1749901500,409.6338095238096,6,1,indicator <= close
SPY,-0.05041112444255219,0.053087315721720915,2023-07-01,442.92,459.44,437.06,457.79,1374698500,420.5919047619048,6,1,indicator <= close
SPY,-0.051929360956910586,0.054773725520414956,2023-08-01,456.27,457.25,433.01,450.35,1754892500,432.5761904761904,6,1,indicator <= close
SPY,-0.02631830586019965,0.02702968127941501,2023-09-01,453.17,453.67,422.29,427.48,1588981600,441.24333333333334,6,0,indicator <= close
SPY,0.030364928306890884,-0.029470071692741844,2023-10-01,426.62,438.14,409.21,418.2,1999294400,439.5742857142858,6,0,indicator <= close
SPY,0.03754543802253748,-0.0361867891724294,2023-11-01,419.2,458.32,418.65,456.4,1500017600,434.9390476190477,6,1,indicator <= close
SPY,-0.0333397066398361,0.034489579088787706,2023-12-01,455.77,477.55,454.31,475.31,1643624300,440.5747619047619,6,1,indicator <= close
SPY,-0.048841393555049774,0.051349368258990294,2024-01-01,472.16,491.62,466.43,482.88,1700872500,449.0990476190477,6,1,indicator <= close
SPY,-0.051247736368343885,0.05401593053615134,2024-02-01,484.63,510.13,483.8,508.08,1393307200,459.7938095238095,6,1,indicator <= close
SPY,-0.06460914359063606,0.06907181436287266,2024-03-01,508.98,524.61,504.91,523.07,1473501100,476.0952380952381,6,1,indicator <= close
SPY,-0.05698049985318769,0.06042345873475234,2024-04-01,523.83,524.38,493.86,501.98,1593138700,493.98190476190473,6,1,indicator <= close
SPY,-0.0011064699524552582,0.0011076955843357932,2024-05-01,501.38,533.07,499.55,527.37,1153206200,500.825238095238,6,1,indicator <= close
SPY,-0.03282979669505685,0.033944177129189124,2024-06-01,529.02,550.28,522.6,544.22,888367600,511.652380952381,6,1,indicator <= close
SPY,-0.04012399820914743,0.04180123071551699,2024-07-01,545.63,565.16,537.45,550.81,1038465500,523.7371428571429,6,1,indicator <= close
SPY,-0.03305248117670074,0.03418229069652411,2024-08-01,552.57,564.2,510.27,563.68,1244599000,534.3061904761905,6,1,indicator <= close
SPY,-0.026969770625183916,0.02771729984433508,2024-09-01,558.35,574.71,539.44,573.76,1044988300,543.2914285714286,6,1,indicator <= close
SPY,-0.03343963326523492,0.03459652849019737,2024-10-01,573.4,586.12,565.27,568.64,976068800,554.2257142857143,6,1,indicator <= close
SPY,-0.015953864567601277,0.016212516865981092,2024-11-01,571.32,603.35,567.89,602.55,901760600,562.2052380952381,6,1,indicator <= close
SPY,-0.044899177642100226,0.047009882717151924,2024-12-01,602.97,609.07,580.91,586.08,1059516700,575.8971428571429,6,1,indicator <= close
SPY,-0.01222005964197045,0.012371236894668241,2025-01-01,589.39,610.78,575.35,601.82,995501600,582.187619047619,6,1,indicator <= close
SPY,-0.009007662659779326,0.009089538153196514,2025-02-01,592.67,613.23,582.44,594.18,871641300,587.3314285714285,6,1,indicator <= close
SPY,-0.007734960198981044,0.007795256195393272,2025-03-01,596.18,597.34,546.87,559.39,1496591400,591.5685714285714,6,0,indicator <= close
SPY,0.04572351139756281,-0.04372428361723968,2025-04-01,557.45,567.42,481.8,554.54,2237015100,582.9385714285714,6,0,indicator <= close
SPY,0.027718080825849,-0.026970510048412725,2025-05-01,560.37,595.54,556.04,589.39,1402172600,575.902380952381,6,1,indicator <= close
SPY,-0.017943831949548496,0.018271696195514005,2025-06-01,587.76,619.22,585.06,617.85,1495410200,577.2133333333334,6,1,indicator <= close
SPY,-0.04695307936919991,0.049266283068332806,2025-07-01,616.36,639.85,615.52,632.08,1479850800,587.42,6,1,indicator <= close
SPY,-0.04329813036503128,0.045257704347909086,2025-08-01,626.3,649.48,619.29,645.05,1424047400,599.1823809523809,6,1,indicator <= close
SPY,-0.039147712418300715,0.04074269575485823,2025-09-01,637.5,667.34,634.92,666.18,1606348500,612.5433333333333,6,1,indicator <= close
SPY,-0.04810086044158765,0.050531467508103556,2025-10-01,663.17,689.7,652.84,682.06,1781815100,631.2709523809523,6,1,indicator <= close
SPY,-0.049990728567886666,0.0526213059926531,2025-11-01,685.67,685.8,650.85,683.39,1664668300,651.3928571428571,6,1,indicator <= close
SPY,-0.022424396755947526,0.02293878517582978,2025-12-01,678.81,691.66,671.2,681.92,1656188700,663.5880952380952,6,1,indicator <= close
SPY,-0.017924417583165608,0.018251566278691702,2026-01-01,685.71,697.84,676.57,691.97,1600537800,673.4190476190475,6,1,indicator <= close
SPY,-0.0123650144532422,0.012519822236144144,2026-02-01,689.58,697.14,675.78,685.99,1614970000,681.0533333333333,6,1,indicator <= close
SPY,0.005695762908080539,-0.0056635049267888034,2026-03-01,678.7,688.62,662.39,677.18,663005100,682.5657142857143,6,0,indicator <= close
