symbol,moving_average_minus_open_over_open,open_minus_moving_average_over_moving_average,date,open,high,low,close,volume,WMA_24_months,moving_average_window_months,condition,screening_rule
AAPL,,,1985-01-01,0.13,0.14,0.12,0.13,6366416000,,24,0,indicator <= close
AAPL,,,1985-02-01,0.13,0.14,0.11,0.11,4733388800,,24,0,indicator <= close
AAPL,,,1985-03-01,0.11,0.12,0.09,0.1,4615587200,,24,0,indicator <= close
AAPL,,,1985-04-01,0.1,0.1,0.09,0.09,2868028800,,24,0,indicator <= close
AAPL,,,1985-05-01,0.09,0.1,0.08,0.08,4639129600,,24,0,indicator <= close
AAPL,,,1985-06-01,0.08,0.08,0.07,0.08,5811388800,,24,0,indicator <= close
AAPL,,,1985-07-01,0.08,0.08,0.07,0.07,2600595200,,24,0,indicator <= close
AAPL,,,1985-08-01,0.07,0.07,0.06,0.07,1818745600,,24,0,indicator <= close
AAPL,,,1985-09-01,0.07,0.08,0.07,0.07,1797196800,,24,0,indicator <= close
AAPL,,,1985-10-01,0.07,0.09,0.07,0.08,3785913600,,24,0,indicator <= close
AAPL,,,1985-11-01,0.08,0.09,0.08,0.09,2884672000,,24,0,indicator <= close
AAPL,,,1985-12-01,0.09,0.1,0.09,0.1,3571209600,,24,0,indicator <= close
AAPL,,,1986-01-01,0.1,0.11,0.1,0.1,6291801600,,24,0,indicator <= close
AAPL,,,1986-02-01,0.1,0.12,0.1,0.11,3420860800,,24,0,indicator <= close
AAPL,,,1986-03-01,0.11,0.13,0.11,0.13,4264332800,,24,0,indicator <= close
AAPL,,,1986-04-01,0.13,0.15,0.12,0.14,4462684800,,24,0,indicator <= close
AAPL,,,1986-05-01,0.14,0.17,0.13,0.17,4954051200,,24,0,indicator <= close
AAPL,,,1986-06-01,0.17,0.17,0.15,0.16,4063360000,,24,0,indicator <= close
AAPL,,,1986-07-01,0.16,0.17,0.13,0.14,5691638400,,24,0,indicator <= close
AAPL,,,1986-08-01,0.14,0.17,0.14,0.17,3643516800,,24,0,indicator <= close
AAPL,,,1986-09-01,0.17,0.17,0.14,0.15,3578198400,,24,0,indicator <= close
AAPL,,,1986-10-01,0.15,0.16,0.14,0.15,2984038400,,24,0,indicator <= close
AAPL,,,1986-11-01,0.16,0.18,0.15,0.18,5206163200,,24,0,indicator <= close
AAPL,-0.2770370370370369,0.3831967213114752,1986-12-01,0.18,0.2,0.17,0.18,4762576000,0.13013333333333335,24,1,indicator <= close
AAPL,-0.24907407407407395,0.3316892725030824,1987-01-01,0.18,0.26,0.18,0.25,8268915200,0.13516666666666668,24,1,indicator <= close
AAPL,-0.41746666666666665,0.7166399633783475,1987-02-01,0.25,0.32,0.23,0.31,6616176000,0.14563333333333334,24,1,indicator <= close
AAPL,-0.4822580645161289,0.9314641744548283,1987-03-01,0.31,0.31,0.28,0.29,5959318400,0.16050000000000003,24,1,indicator <= close
AAPL,-0.3846428571428573,0.6250725478816022,1987-04-01,0.28,0.36,0.28,0.35,6813161600,0.17229999999999998,24,1,indicator <= close
AAPL,-0.4597142857142857,0.8508725542041248,1987-05-01,0.35,0.37,0.32,0.35,3838956800,0.1891,24,1,indicator <= close
AAPL,-0.4141904761904762,0.7070395057714193,1987-06-01,0.35,0.39,0.34,0.36,3497536000,0.20503333333333332,24,1,indicator <= close
AAPL,-0.3864814814814816,0.6299426501660129,1987-07-01,0.36,0.4,0.33,0.37,3070256000,0.22086666666666663,24,1,indicator <= close
AAPL,-0.3606306306306306,0.5640411441454135,1987-08-01,0.37,0.48,0.36,0.48,3119300800,0.23656666666666668,24,1,indicator <= close
AAPL,-0.46761904761904766,0.8783542039355995,1987-09-01,0.49,0.52,0.43,0.5,3075486400,0.26086666666666664,24,1,indicator <= close
AAPL,-0.4404575163398693,0.7871743955145428,1987-10-01,0.51,0.53,0.25,0.34,6575699200,0.28536666666666666,24,1,indicator <= close
AAPL,-0.15542857142857128,0.18403247631935027,1987-11-01,0.35,0.36,0.27,0.29,4234238400,0.29560000000000003,24,0,indicator <= close
AAPL,0.0031111111111111387,-0.003101462117855588,1987-12-01,0.3,0.39,0.27,0.38,4702264000,0.30093333333333333,24,1,indicator <= close
AAPL,-0.17903508771929824,0.2180788545784806,1988-01-01,0.38,0.41,0.34,0.37,6221600000,0.31196666666666667,24,1,indicator <= close
AAPL,-0.13171171171171175,0.15169122224527917,1988-02-01,0.37,0.39,0.34,0.38,3368467200,0.32126666666666664,24,1,indicator <= close
AAPL,-0.15059829059829066,0.177299255383377,1988-03-01,0.39,0.43,0.35,0.36,4882102400,0.33126666666666665,24,1,indicator <= close
AAPL,-0.03676190476190468,0.038164919912991806,1988-04-01,0.35,0.38,0.34,0.37,3297929600,0.33713333333333334,24,1,indicator <= close
AAPL,-0.0470370370370371,0.04935872522347461,1988-05-01,0.36,0.39,0.33,0.37,2638507200,0.34306666666666663,24,1,indicator <= close
AAPL,-0.05657657657657665,0.059969442322383576,1988-06-01,0.37,0.42,0.37,0.41,3534731200,0.34906666666666664,24,1,indicator <= close
AAPL,-0.14666666666666664,0.17187499999999997,1988-07-01,0.42,0.42,0.38,0.4,2186419200,0.3584,24,1,indicator <= close
AAPL,-0.08683333333333335,0.09509034495345867,1988-08-01,0.4,0.41,0.35,0.36,2653313600,0.3652666666666667,24,0,indicator <= close
AAPL,0.04933333333333345,-0.04701397712833556,1988-09-01,0.35,0.4,0.34,0.39,3060321600,0.3672666666666667,24,1,indicator <= close
AAPL,-0.0235087719298246,0.024074739489759293,1988-10-01,0.38,0.39,0.33,0.34,3563649600,0.37106666666666666,24,0,indicator <= close
AAPL,0.09088235294117641,-0.08331086546238874,1988-11-01,0.34,0.35,0.32,0.34,2939865600,0.3709,24,0,indicator <= close
AAPL,0.08862745098039203,-0.08141210374639758,1988-12-01,0.34,0.38,0.33,0.36,2946070400,0.3701333333333333,24,0,indicator <= close
AAPL,0.028981481481481684,-0.028165211913974815,1989-01-01,0.36,0.39,0.32,0.34,7345833600,0.3704333333333334,24,0,indicator <= close
AAPL,0.08392156862745087,-0.07742402315484796,1989-02-01,0.34,0.36,0.31,0.32,4886268800,0.3685333333333333,24,0,indicator <= close
AAPL,0.1397916666666667,-0.12264668250776826,1989-03-01,0.32,0.33,0.3,0.32,3859676800,0.36473333333333335,24,0,indicator <= close
AAPL,0.12781250000000013,-0.11332779163203115,1989-04-01,0.32,0.37,0.3,0.35,3966424000,0.36090000000000005,24,0,indicator <= close
AAPL,0.0545098039215685,-0.05169207883971725,1989-05-01,0.34,0.44,0.34,0.43,5253382400,0.3585333333333333,24,1,indicator <= close
AAPL,-0.15488372093023242,0.1832691249312051,1989-06-01,0.43,0.45,0.35,0.37,3941280000,0.36340000000000006,24,1,indicator <= close
AAPL,-0.018378378378378305,0.018722466960352346,1989-07-01,0.37,0.38,0.34,0.35,3688630400,0.3632,24,0,indicator <= close
AAPL,0.03247619047619071,-0.03145466285398048,1989-08-01,0.35,0.41,0.35,0.4,3352305600,0.3613666666666667,24,1,indicator <= close
AAPL,-0.09099999999999997,0.10011001100110006,1989-09-01,0.4,0.42,0.38,0.4,2020849600,0.36360000000000003,24,1,indicator <= close
AAPL,-0.08466666666666664,0.09249817916970135,1989-10-01,0.4,0.45,0.38,0.42,4125049600,0.36613333333333337,24,1,indicator <= close
AAPL,-0.09796747967479666,0.10860748084722838,1989-11-01,0.41,0.42,0.38,0.4,2524939200,0.36983333333333335,24,1,indicator <= close
AAPL,-0.06866666666666674,0.07372942018611317,1989-12-01,0.4,0.41,0.29,0.31,5941185600,0.3725333333333333,24,0,indicator <= close
AAPL,0.1861290322580646,-0.1569214033179223,1990-01-01,0.31,0.35,0.29,0.3,3747497600,0.3677,24,0,indicator <= close
AAPL,0.17129032258064528,-0.146240705039934,1990-02-01,0.31,0.31,0.29,0.3,2483891200,0.36310000000000003,24,0,indicator <= close
AAPL,0.19300000000000003,-0.16177703269069574,1990-03-01,0.3,0.39,0.3,0.36,4556473600,0.3579,24,1,indicator <= close
AAPL,-0.006111111111111055,0.006148686416992677,1990-04-01,0.36,0.4,0.34,0.35,3642475200,0.3578,24,0,indicator <= close
AAPL,0.019619047619047682,-0.019241546796189113,1990-05-01,0.35,0.38,0.35,0.37,4115630400,0.35686666666666667,24,1,indicator <= close
AAPL,-0.033603603603603656,0.0347720704763681,1990-06-01,0.37,0.4,0.33,0.4,3952054400,0.35756666666666664,24,1,indicator <= close
AAPL,-0.09833333333333347,0.10905730129390034,1990-07-01,0.4,0.43,0.36,0.38,4163812800,0.36066666666666664,24,1,indicator <= close
AAPL,-0.0467543859649121,0.04904757522775355,1990-08-01,0.38,0.39,0.3,0.33,3128339200,0.3622333333333334,24,0,indicator <= close
AAPL,0.09050505050505046,-0.08299370137087807,1990-09-01,0.33,0.33,0.24,0.26,2206948800,0.35986666666666667,24,0,indicator <= close
AAPL,0.3537179487179488,-0.2612936831139313,1990-10-01,0.26,0.29,0.22,0.27,5056116800,0.3519666666666667,24,0,indicator <= close
AAPL,0.27876543209876553,-0.21799575207569036,1990-11-01,0.27,0.34,0.27,0.33,3254608000,0.3452666666666667,24,0,indicator <= close
AAPL,0.041212121212121214,-0.03958090803259604,1990-12-01,0.33,0.4,0.33,0.38,4094092800,0.3436,24,1,indicator <= close
AAPL,-0.089561403508772,0.09837171211099344,1991-01-01,0.38,0.5,0.38,0.5,7037307200,0.34596666666666664,24,1,indicator <= close
AAPL,-0.2842666666666668,0.3971684053651269,1991-02-01,0.5,0.56,0.49,0.51,5545780800,0.3578666666666666,24,1,indicator <= close
AAPL,-0.2744444444444445,0.37825421133231246,1991-03-01,0.51,0.63,0.51,0.61,5210598400,0.3700333333333333,24,1,indicator <= close
AAPL,-0.3613661202185792,0.5658423889792076,1991-04-01,0.61,0.65,0.49,0.49,7243051200,0.38956666666666667,24,1,indicator <= close
AAPL,-0.08434108527131784,0.0921097189299018,1991-05-01,0.43,0.48,0.39,0.42,7972843200,0.3937333333333333,24,1,indicator <= close
AAPL,-0.05523809523809511,0.05846774193548372,1991-06-01,0.42,0.44,0.36,0.37,4091662400,0.39680000000000004,24,0,indicator <= close
AAPL,0.04394736842105261,-0.04209730274766824,1991-07-01,0.38,0.43,0.37,0.41,3783494400,0.3967,24,1,indicator <= close
AAPL,-0.026910569105691073,0.02765477483499041,1991-08-01,0.41,0.5,0.41,0.47,4172649600,0.39896666666666664,24,1,indicator <= close
AAPL,-0.13652482269503544,0.1581108829568788,1991-09-01,0.47,0.48,0.42,0.44,2393070400,0.4058333333333333,24,1,indicator <= close
AAPL,-0.06803030303030298,0.07299626077060635,1991-10-01,0.44,0.5,0.42,0.46,3593990400,0.4100666666666667,24,1,indicator <= close
AAPL,-0.09615942028985522,0.10638980197226026,1991-11-01,0.46,0.49,0.42,0.45,3696033600,0.4157666666666666,24,1,indicator <= close
AAPL,-0.06555555555555549,0.07015457788347199,1991-12-01,0.45,0.52,0.43,0.5,2607169600,0.42050000000000004,24,1,indicator <= close
AAPL,-0.1418666666666667,0.1653200745804848,1992-01-01,0.5,0.62,0.5,0.58,4703160000,0.42906666666666665,24,1,indicator <= close
AAPL,-0.23551724137931035,0.30807397383852053,1992-02-01,0.58,0.62,0.55,0.6,2534996800,0.44339999999999996,24,1,indicator <= close
AAPL,-0.23594444444444437,0.3088053515596596,1992-03-01,0.6,0.61,0.52,0.52,2985662400,0.45843333333333336,24,1,indicator <= close
AAPL,-0.08771241830065372,0.09614557959593081,1992-04-01,0.51,0.55,0.47,0.54,3931390400,0.4652666666666666,24,1,indicator <= close
AAPL,-0.12222222222222233,0.13924050632911406,1992-05-01,0.54,0.56,0.52,0.53,2703724800,0.474,24,1,indicator <= close
AAPL,-0.05941176470588223,0.063164477798624,1992-06-01,0.51,0.53,0.38,0.43,4851683200,0.47970000000000007,24,0,indicator <= close
AAPL,0.11286821705426366,-0.10142100863750356,1992-07-01,0.43,0.44,0.39,0.42,3632809600,0.47853333333333337,24,0,indicator <= close
AAPL,0.13444444444444445,-0.11851126346718903,1992-08-01,0.42,0.42,0.37,0.41,2746531200,0.47646666666666665,24,0,indicator <= close
AAPL,0.1547967479674797,-0.13404674739509997,1992-09-01,0.41,0.45,0.39,0.4,3055662400,0.47346666666666665,24,0,indicator <= close
AAPL,0.1734999999999999,-0.147848317000426,1992-10-01,0.4,0.48,0.37,0.47,3531427200,0.4694,24,1,indicator <= close
AAPL,0.0009929078014185666,-0.0009919229134194266,1992-11-01,0.47,0.53,0.46,0.51,3126547200,0.4704666666666667,24,1,indicator <= close
AAPL,-0.07045751633986935,0.07579805934467734,1992-12-01,0.51,0.55,0.49,0.53,3334318400,0.47406666666666664,24,1,indicator <= close
AAPL,-0.0968553459119496,0.10724233983286896,1993-01-01,0.53,0.58,0.51,0.53,5542264000,0.47866666666666674,24,1,indicator <= close
AAPL,-0.08911949685534583,0.09783884554305038,1993-02-01,0.53,0.55,0.46,0.47,4651281600,0.48276666666666673,24,0,indicator <= close
AAPL,0.02546099290780145,-0.024828826336537827,1993-03-01,0.47,0.52,0.45,0.46,3661526400,0.48196666666666665,24,0,indicator <= close
AAPL,0.04456521739130439,-0.042663891779396494,1993-04-01,0.46,0.47,0.42,0.46,3914411200,0.48050000000000004,24,0,indicator <= close
AAPL,0.042463768115942054,-0.040734046990129315,1993-05-01,0.46,0.53,0.46,0.51,3200545600,0.47953333333333337,24,1,indicator <= close
AAPL,-0.036666666666666625,0.03806228373702418,1993-06-01,0.5,0.52,0.34,0.35,7674396800,0.4816666666666667,24,0,indicator <= close
AAPL,0.3472380952380954,-0.2577407040859608,1993-07-01,0.35,0.35,0.23,0.25,7142912000,0.47153333333333336,24,0,indicator <= close
AAPL,0.8140000000000001,-0.4487320837927233,1993-08-01,0.25,0.27,0.23,0.24,3683164800,0.4535,24,0,indicator <= close
AAPL,0.8133333333333336,-0.44852941176470595,1993-09-01,0.24,0.24,0.21,0.21,3668022400,0.43520000000000003,24,0,indicator <= close
AAPL,1.0723333333333334,-0.5174521473379443,1993-10-01,0.2,0.29,0.2,0.27,5905323200,0.4144666666666667,24,0,indicator <= close
AAPL,0.481975308641975,-0.32522492502499156,1993-11-01,0.27,0.31,0.27,0.28,3452108800,0.4001333333333333,24,0,indicator <= close
AAPL,0.33804597701149436,-0.25264152564212705,1993-12-01,0.29,0.29,0.24,0.26,3956971200,0.38803333333333334,24,0,indicator <= close
AAPL,0.4387179487179486,-0.3049367314204241,1994-01-01,0.26,0.31,0.26,0.29,7332035200,0.37406666666666666,24,0,indicator <= close
AAPL,0.2527586206896551,-0.2017616295072942,1994-02-01,0.29,0.34,0.29,0.33,4284459200,0.36329999999999996,24,0,indicator <= close
AAPL,0.08090909090909074,-0.07485281749369203,1994-03-01,0.33,0.34,0.28,0.3,5257985600,0.35669999999999996,24,0,indicator <= close
AAPL,0.19931034482758628,-0.16618746405980453,1994-04-01,0.29,0.31,0.24,0.27,4042136000,0.3478,24,0,indicator <= close
AAPL,0.2519753086419751,-0.2012622029385661,1994-05-01,0.27,0.3,0.25,0.26,3361657600,0.3380333333333333,24,0,indicator <= close
AAPL,0.3102666666666669,-0.23679658084868235,1994-06-01,0.25,0.26,0.22,0.24,4671788800,0.32756666666666673,24,0,indicator <= close
AAPL,0.321527777777778,-0.2433000525486076,1994-07-01,0.24,0.3,0.23,0.3,4848065600,0.3171666666666667,24,0,indicator <= close
AAPL,0.04066666666666663,-0.03907751441383725,1994-08-01,0.3,0.33,0.29,0.32,4574897600,0.3122,24,1,indicator <= close
AAPL,-0.033645833333333444,0.03481729007222174,1994-09-01,0.32,0.33,0.3,0.3,3232644800,0.3092333333333333,24,0,indicator <= close
AAPL,0.016555555555555584,-0.016285932888840338,1994-10-01,0.3,0.39,0.29,0.39,7713484800,0.30496666666666666,24,1,indicator <= close
AAPL,-0.19096491228070175,0.23604033394773935,1994-11-01,0.38,0.39,0.32,0.33,4048945600,0.30743333333333334,24,1,indicator <= close
AAPL,-0.07212121212121225,0.07772697583278917,1994-12-01,0.33,0.36,0.31,0.35,3787795200,0.30619999999999997,24,1,indicator <= close
AAPL,-0.12238095238095223,0.13944655453065635,1995-01-01,0.35,0.43,0.34,0.36,8162100800,0.3071666666666667,24,1,indicator <= close
AAPL,-0.14018518518518516,0.16304113719577856,1995-02-01,0.36,0.4,0.34,0.35,5299347200,0.3095333333333333,24,1,indicator <= close
AAPL,-0.10952380952380952,0.1229946524064171,1995-03-01,0.35,0.36,0.3,0.31,6997144000,0.31166666666666665,24,0,indicator <= close
AAPL,-0.025625000000000127,0.02629890955740873,1995-04-01,0.32,0.35,0.3,0.34,5674300800,0.31179999999999997,24,1,indicator <= close
AAPL,-0.07647058823529435,0.0828025477707009,1995-05-01,0.34,0.4,0.33,0.37,6384672000,0.31399999999999995,24,1,indicator <= close
AAPL,-0.13783783783783796,0.1598746081504704,1995-06-01,0.37,0.45,0.37,0.41,5521947200,0.31899999999999995,24,1,indicator <= close
AAPL,-0.21801587301587294,0.278798335532325,1995-07-01,0.42,0.45,0.38,0.4,5699579200,0.32843333333333335,24,1,indicator <= close
AAPL,-0.15991666666666668,0.1903580993949013,1995-08-01,0.4,0.41,0.37,0.38,5292918400,0.33603333333333335,24,1,indicator <= close
AAPL,-0.10122807017543854,0.11262931875853986,1995-09-01,0.38,0.41,0.31,0.33,7311483200,0.34153333333333336,24,0,indicator <= close
AAPL,0.009901960784313777,-0.009804873313270606,1995-10-01,0.34,0.35,0.3,0.32,6498508800,0.3433666666666667,24,0,indicator <= close
AAPL,0.04222222222222211,-0.040511727078891155,1995-11-01,0.33,0.38,0.32,0.34,4864294400,0.3439333333333333,24,0,indicator <= close
AAPL,0.01499999999999998,-0.01477832512315269,1995-12-01,0.34,0.36,0.28,0.28,6560243200,0.3451,24,0,indicator <= close
AAPL,0.17965517241379306,-0.1522946506869336,1996-01-01,0.29,0.32,0.24,0.25,10300214400,0.34209999999999996,24,0,indicator <= close
AAPL,0.34320000000000017,-0.2555092316855272,1996-02-01,0.25,0.27,0.24,0.25,4652099200,0.33580000000000004,24,0,indicator <= close
AAPL,0.3185333333333331,-0.24158155526342387,1996-03-01,0.25,0.25,0.21,0.22,3346750400,0.3296333333333333,24,0,indicator <= close
AAPL,0.46060606060606074,-0.31535269709543573,1996-04-01,0.22,0.24,0.21,0.22,2867076800,0.32133333333333336,24,0,indicator <= close
AAPL,0.4239393939393938,-0.2977229197701638,1996-05-01,0.22,0.26,0.21,0.23,3603902400,0.31326666666666664,24,0,indicator <= close
AAPL,0.3311594202898549,-0.2487751769188894,1996-06-01,0.23,0.23,0.18,0.19,4673939200,0.30616666666666664,24,0,indicator <= close
AAPL,0.5575438596491228,-0.35796350529398513,1996-07-01,0.19,0.2,0.14,0.2,4803489600,0.2959333333333333,24,0,indicator <= close
AAPL,0.43333333333333335,-0.3023255813953488,1996-08-01,0.2,0.22,0.19,0.22,3187374400,0.2866666666666667,24,0,indicator <= close
AAPL,0.26969696969696966,-0.2124105011933174,1996-09-01,0.22,0.22,0.18,0.2,3213548800,0.2793333333333333,24,0,indicator <= close
AAPL,0.3536666666666666,-0.26126569810391526,1996-10-01,0.2,0.25,0.2,0.21,5816977600,0.2707333333333333,24,0,indicator <= close
AAPL,0.2536507936507939,-0.20232970372246153,1996-11-01,0.21,0.24,0.21,0.22,2581364800,0.2632666666666667,24,0,indicator <= close
AAPL,0.16893939393939414,-0.14452365521710966,1996-12-01,0.22,0.23,0.19,0.19,4147483200,0.2571666666666667,24,0,indicator <= close
AAPL,0.31070175438596503,-0.2370499263820105,1997-01-01,0.19,0.2,0.15,0.15,9072739200,0.24903333333333336,24,0,indicator <= close
AAPL,0.5882222222222222,-0.3703651881908493,1997-02-01,0.15,0.16,0.14,0.15,4574169600,0.23823333333333332,24,0,indicator <= close
AAPL,0.520888888888889,-0.342489772063121,1997-03-01,0.15,0.17,0.14,0.16,4502243200,0.22813333333333333,24,0,indicator <= close
AAPL,0.3718749999999998,-0.27107061503416846,1997-04-01,0.16,0.18,0.15,0.15,3809724800,0.21949999999999997,24,0,indicator <= close
AAPL,0.40400000000000014,-0.2877492877492878,1997-05-01,0.15,0.16,0.15,0.15,2292707200,0.2106,24,0,indicator <= close
AAPL,0.3488888888888886,-0.25864909390444796,1997-06-01,0.15,0.15,0.12,0.13,2572304000,0.20233333333333328,24,0,indicator <= close
AAPL,0.6033333333333333,-0.37629937629937626,1997-07-01,0.12,0.16,0.11,0.16,6782372800,0.1924,24,0,indicator <= close
AAPL,0.16666666666666669,-0.14285714285714288,1997-08-01,0.16,0.26,0.16,0.19,17675705600,0.18666666666666668,24,1,indicator <= close
AAPL,-0.07533333333333336,0.08147080028839224,1997-09-01,0.2,0.21,0.19,0.19,3606075200,0.18493333333333334,24,1,indicator <= close
AAPL,-0.03684210526315778,0.038251366120218455,1997-10-01,0.19,0.22,0.14,0.15,6430043200,0.18300000000000002,24,0,indicator <= close
AAPL,0.11979166666666666,-0.1069767441860465,1997-11-01,0.16,0.19,0.15,0.16,5547483200,0.17916666666666667,24,0,indicator <= close
AAPL,0.09937499999999981,-0.09039226833428068,1997-12-01,0.16,0.16,0.11,0.12,5097792000,0.17589999999999997,24,0,indicator <= close
AAPL,0.41694444444444434,-0.2942560282297588,1998-01-01,0.12,0.18,0.12,0.16,10211577600,0.17003333333333331,24,0,indicator <= close
AAPL,-0.007450980392156858,0.007506914263137095,1998-02-01,0.17,0.21,0.16,0.21,7354166400,0.16873333333333335,24,1,indicator <= close
AAPL,-0.18619047619047605,0.22878876535985934,1998-03-01,0.21,0.25,0.19,0.25,10625977600,0.17090000000000002,24,1,indicator <= close
AAPL,-0.26833333333333326,0.36674259681093385,1998-04-01,0.24,0.26,0.22,0.24,8081886400,0.1756,24,1,indicator <= close
AAPL,-0.2758666666666666,0.3809611489596758,1998-05-01,0.25,0.28,0.23,0.24,6803339200,0.18103333333333335,24,1,indicator <= close
AAPL,-0.22680555555555545,0.29333572839949684,1998-06-01,0.24,0.26,0.23,0.26,3909841600,0.18556666666666669,24,1,indicator <= close
AAPL,-0.2628205128205128,0.3565217391304347,1998-07-01,0.26,0.34,0.25,0.31,10927660800,0.19166666666666668,24,1,indicator <= close
AAPL,-0.34989247311827953,0.5382070790605358,1998-08-01,0.31,0.39,0.28,0.28,13220872000,0.20153333333333334,24,1,indicator <= close
AAPL,-0.25488095238095243,0.3420674229110082,1998-09-01,0.28,0.36,0.27,0.34,8080318400,0.20863333333333334,24,1,indicator <= close
AAPL,-0.3347474747474748,0.5031885818402674,1998-10-01,0.33,0.37,0.25,0.33,12930926400,0.21953333333333333,24,1,indicator <= close
AAPL,-0.30303030303030304,0.43478260869565216,1998-11-01,0.33,0.35,0.28,0.29,10123523200,0.23,24,1,indicator <= close
AAPL,-0.18321839080459765,0.22431747818744713,1998-12-01,0.29,0.37,0.28,0.37,12924105600,0.23686666666666667,24,1,indicator <= close
AAPL,-0.34026315789473677,0.5157558835261267,1999-01-01,0.38,0.42,0.33,0.37,15127403200,0.25070000000000003,24,1,indicator <= close
AAPL,-0.2889189189189189,0.40630938806537437,1999-02-01,0.37,0.37,0.31,0.31,8116516800,0.2631,24,1,indicator <= close
AAPL,-0.12913978494623649,0.14828991233485606,1999-03-01,0.31,0.33,0.29,0.32,9951995200,0.2699666666666667,24,1,indicator <= close
AAPL,-0.13406250000000014,0.1548177553229883,1999-04-01,0.32,0.42,0.3,0.41,15888969600,0.27709999999999996,24,1,indicator <= close
AAPL,-0.29048780487804876,0.40941904434513576,1999-05-01,0.41,0.45,0.37,0.39,8908905600,0.2909,24,1,indicator <= close
AAPL,-0.24241666666666675,0.3199868001319988,1999-06-01,0.4,0.44,0.38,0.41,6918620800,0.3030333333333333,24,1,indicator <= close
AAPL,-0.23138211382113805,0.3010365982652843,1999-07-01,0.41,0.51,0.4,0.5,11466582400,0.3151333333333334,24,1,indicator <= close
AAPL,-0.33306666666666673,0.49940023990403853,1999-08-01,0.5,0.59,0.47,0.58,9244603200,0.33346666666666663,24,1,indicator <= close
AAPL,-0.40222222222222226,0.6728624535315986,1999-09-01,0.6,0.72,0.51,0.57,18967468800,0.35866666666666663,24,1,indicator <= close
AAPL,-0.3117575757575759,0.452976400140895,1999-10-01,0.55,0.72,0.53,0.72,14468496000,0.3785333333333333,24,1,indicator <= close
AAPL,-0.4225352112676056,0.7317073170731707,1999-11-01,0.71,0.93,0.69,0.87,8624929600,0.41,24,1,indicator <= close
AAPL,-0.49462962962962964,0.9787467936973252,1999-12-01,0.9,1.05,0.81,0.92,9418214400,0.4548333333333333,24,1,indicator <= close
AAPL,-0.467659574468085,0.878497202238209,2000-01-01,0.94,1.08,0.77,0.93,12555177600,0.5004000000000001,24,1,indicator <= close
AAPL,-0.41673835125448033,0.714496405088183,2000-02-01,0.93,1.07,0.87,1.02,7319782400,0.5424333333333333,24,1,indicator <= close
AAPL,-0.44119496855345913,0.7895329206527856,2000-03-01,1.06,1.34,1.02,1.21,8698356800,0.5923333333333334,24,1,indicator <= close
AAPL,-0.4616528925619834,0.8575376112987408,2000-04-01,1.21,1.25,0.94,1.11,8662404800,0.6514000000000001,24,1,indicator <= close
AAPL,-0.3700600600600601,0.5874529246317396,2000-05-01,1.11,1.13,0.73,0.75,9807750400,0.6992333333333334,24,1,indicator <= close
AAPL,-0.0221917808219178,0.02269543289436816,2000-06-01,0.73,1.03,0.72,0.94,8105204800,0.7138,24,1,indicator <= close
AAPL,-0.2013620071684588,0.25213176555066874,2000-07-01,0.93,1.08,0.84,0.91,5746770400,0.7427333333333334,24,1,indicator <= close
AAPL,-0.14774074074074076,0.1733518751901265,2000-08-01,0.9,1.1,0.79,1.09,5636086400,0.7670333333333333,24,1,indicator <= close
AAPL,-0.2618654434250765,0.3547665409951528,2000-09-01,1.09,1.15,0.45,0.46,14516930400,0.8045666666666667,24,0,indicator <= close
AAPL,0.6470833333333333,-0.39286617758664305,2000-10-01,0.48,0.48,0.31,0.35,21905788800,0.7906,24,0,indicator <= close
AAPL,1.187809523809524,-0.5429218178652273,2000-11-01,0.35,0.41,0.29,0.29,8488373600,0.7657333333333334,24,0,indicator <= close
AAPL,1.4560000000000004,-0.5928338762214984,2000-12-01,0.3,0.31,0.24,0.27,8858970400,0.7368000000000001,24,0,indicator <= close
AAPL,1.612716049382716,-0.6172565326276993,2001-01-01,0.27,0.4,0.26,0.39,13709460800,0.7054333333333334,24,0,indicator <= close
AAPL,0.8444144144144144,-0.4578224979240952,2001-02-01,0.37,0.39,0.32,0.33,7023766400,0.6824333333333333,24,0,indicator <= close
AAPL,1.0482291666666665,-0.5117733814779026,2001-03-01,0.32,0.42,0.31,0.39,10799062400,0.6554333333333333,24,0,indicator <= close
AAPL,0.6256410256410256,-0.38485804416403785,2001-04-01,0.39,0.48,0.33,0.46,11158991200,0.634,24,0,indicator <= close
AAPL,0.37140740740740735,-0.2708220805876633,2001-05-01,0.45,0.48,0.34,0.36,7468434400,0.6171333333333333,24,0,indicator <= close
AAPL,0.6470370370370371,-0.39284911176073756,2001-06-01,0.36,0.45,0.35,0.42,7638265600,0.5929333333333333,24,0,indicator <= close
AAPL,0.3658730158730162,-0.2678675188843697,2001-07-01,0.42,0.45,0.32,0.34,8655102400,0.5736666666666668,24,0,indicator <= close
AAPL,0.6116666666666664,-0.3795243019648396,2001-08-01,0.34,0.36,0.31,0.33,5129359200,0.5479666666666666,24,0,indicator <= close
AAPL,0.5818181818181821,-0.3678160919540231,2001-09-01,0.33,0.34,0.26,0.28,5531523200,0.5220000000000001,24,0,indicator <= close
AAPL,0.7604761904761903,-0.43197186908304025,2001-10-01,0.28,0.35,0.26,0.31,7544247200,0.49293333333333333,24,0,indicator <= close
AAPL,0.4623958333333334,-0.31619061186694214,2001-11-01,0.32,0.38,0.31,0.38,5369744800,0.4679666666666667,24,0,indicator <= close
AAPL,0.18184210526315772,-0.15386328211979503,2001-12-01,0.38,0.43,0.36,0.39,4629839200,0.44909999999999994,24,0,indicator <= close
AAPL,0.10965811965811953,-0.09882153585457897,2002-01-01,0.39,0.44,0.36,0.44,8515376800,0.43276666666666663,24,1,indicator <= close
AAPL,-0.019844961240309957,0.020246757355267195,2002-02-01,0.43,0.46,0.37,0.39,7837424000,0.4214666666666667,24,0,indicator <= close
AAPL,0.04777777777777778,-0.045599151643690355,2002-03-01,0.39,0.45,0.39,0.42,5318583200,0.40863333333333335,24,1,indicator <= close
AAPL,-0.04658730158730148,0.04886373095812858,2002-04-01,0.42,0.47,0.41,0.43,6422836000,0.40043333333333336,24,1,indicator <= close
AAPL,-0.07984496124030993,0.08677337826453227,2002-05-01,0.43,0.46,0.4,0.42,5976157600,0.3956666666666667,24,1,indicator <= close
AAPL,-0.06579365079365068,0.07042732138305995,2002-06-01,0.42,0.42,0.29,0.32,8708016800,0.3923666666666667,24,0,indicator <= close
AAPL,0.19406249999999997,-0.16252289976445955,2002-07-01,0.32,0.34,0.25,0.27,8118415200,0.3821,24,0,indicator <= close
AAPL,0.3698765432098763,-0.2700072098053351,2002-08-01,0.27,0.29,0.25,0.26,5151686400,0.3698666666666666,24,0,indicator <= close
AAPL,0.38051282051282065,-0.2756315007429421,2002-09-01,0.26,0.27,0.25,0.26,5291837600,0.3589333333333334,24,0,indicator <= close
AAPL,0.3491025641025641,-0.2587665114511071,2002-10-01,0.26,0.29,0.24,0.29,6611432800,0.35076666666666667,24,0,indicator <= close
AAPL,0.23190476190476192,-0.1882489369926556,2002-11-01,0.28,0.31,0.27,0.28,4531721600,0.34493333333333337,24,0,indicator <= close
AAPL,0.21190476190476193,-0.17485265225933205,2002-12-01,0.28,0.29,0.25,0.26,4530439200,0.3393333333333334,24,0,indicator <= close
AAPL,0.27769230769230785,-0.21733895243829027,2003-01-01,0.26,0.27,0.24,0.26,6045832800,0.33220000000000005,24,0,indicator <= close
AAPL,0.25038461538461554,-0.20024607812980633,2003-02-01,0.26,0.27,0.25,0.27,4114303200,0.32510000000000006,24,0,indicator <= close
AAPL,0.18209876543209863,-0.15404699738903385,2003-03-01,0.27,0.27,0.25,0.25,4028404800,0.31916666666666665,24,0,indicator <= close
AAPL,0.2472000000000001,-0.1982039769082746,2003-04-01,0.25,0.27,0.23,0.25,7775342400,0.3118,24,0,indicator <= close
AAPL,0.21960000000000002,-0.18005903574942606,2003-05-01,0.25,0.34,0.25,0.32,10811544800,0.3049,24,1,indicator <= close
AAPL,-0.04916666666666663,0.051709027169149824,2003-06-01,0.32,0.35,0.3,0.34,6113335200,0.3042666666666667,24,1,indicator <= close
AAPL,-0.1018627450980391,0.11341556598624589,2003-07-01,0.34,0.39,0.33,0.38,5218270400,0.30536666666666673,24,1,indicator <= close
AAPL,-0.18438596491228054,0.22607012260701204,2003-08-01,0.38,0.41,0.35,0.4,4307564800,0.3099333333333334,24,1,indicator <= close
AAPL,-0.21008333333333337,0.26595632450680456,2003-09-01,0.4,0.42,0.36,0.37,5347484800,0.3159666666666667,24,1,indicator <= close
AAPL,-0.13684684684684678,0.1585429495877256,2003-10-01,0.37,0.45,0.36,0.41,7040191200,0.3193666666666667,24,1,indicator <= close
AAPL,-0.20569105691056908,0.2589559877175025,2003-11-01,0.41,0.42,0.35,0.37,4974104800,0.32566666666666666,24,1,indicator <= close
AAPL,-0.1335087719298246,0.15407977323344813,2003-12-01,0.38,0.39,0.34,0.38,5453873600,0.32926666666666665,24,1,indicator <= close
AAPL,-0.12403508771929832,0.14159823753254566,2004-01-01,0.38,0.44,0.38,0.4,7927802400,0.33286666666666664,24,1,indicator <= close
AAPL,-0.15475000000000003,0.18308192842354334,2004-02-01,0.4,0.43,0.39,0.43,4922030400,0.3381,24,1,indicator <= close
AAPL,-0.19573643410852715,0.24337349397590363,2004-03-01,0.43,0.5,0.42,0.48,11626115200,0.3458333333333333,24,1,indicator <= close
AAPL,-0.2553472222222221,0.34290776834840975,2004-04-01,0.48,0.53,0.46,0.46,8930174400,0.3574333333333334,24,1,indicator <= close
AAPL,-0.20166666666666677,0.2526096033402924,2004-05-01,0.46,0.51,0.46,0.5,5304275200,0.3672333333333333,24,1,indicator <= close
AAPL,-0.23973333333333335,0.3153279551034725,2004-06-01,0.5,0.61,0.49,0.58,8227234400,0.3801333333333333,24,1,indicator <= close
AAPL,-0.301111111111111,0.4308426073131953,2004-07-01,0.57,0.6,0.51,0.58,9696579200,0.3983666666666667,24,1,indicator <= close
AAPL,-0.25898809523809524,0.349505984416419,2004-08-01,0.56,0.63,0.53,0.62,8011365600,0.4149666666666667,24,1,indicator <= close
AAPL,-0.2875409836065574,0.4035895075931892,2004-09-01,0.61,0.7,0.61,0.69,7673506400,0.4346,24,1,indicator <= close
AAPL,-0.34247619047619055,0.5208574739281577,2004-10-01,0.7,0.95,0.67,0.94,16094366400,0.4602666666666666,24,1,indicator <= close
AAPL,-0.4641843971631206,0.8663136995367308,2004-11-01,0.94,1.24,0.93,1.2,17439604000,0.5036666666666666,24,1,indicator <= close
AAPL,-0.5318457300275482,1.1360480169471576,2004-12-01,1.21,1.21,1.1,1.15,15948615200,0.5664666666666667,24,1,indicator <= close
AAPL,-0.4636494252873563,0.8644521832306455,2005-01-01,1.16,1.39,1.12,1.37,25708244800,0.6221666666666666,24,1,indicator <= close
AAPL,-0.4982125603864734,0.9928757100221429,2005-02-01,1.38,1.62,1.37,1.6,21448946400,0.6924666666666667,24,1,indicator <= close
AAPL,-0.5171221532091097,1.0709171204390515,2005-03-01,1.61,1.61,1.39,1.49,14675920000,0.7774333333333334,24,1,indicator <= close
AAPL,-0.4339111111111111,0.7665070267723952,2005-04-01,1.5,1.59,1.21,1.29,19375518400,0.8491333333333334,24,1,indicator <= close
AAPL,-0.3024289405684755,0.4335457104756262,2005-05-01,1.29,1.46,1.18,1.42,12858294400,0.8998666666666666,24,1,indicator <= close
AAPL,-0.32568075117370887,0.48297709392188254,2005-06-01,1.42,1.46,1.27,1.31,11327195600,0.9575333333333333,24,1,indicator <= close
AAPL,-0.23974747474747474,0.31535242144423037,2005-07-01,1.32,1.59,1.3,1.52,10094246400,1.0035333333333334,24,1,indicator <= close
AAPL,-0.301140350877193,0.430902472699887,2005-08-01,1.52,1.73,1.5,1.67,9400806800,1.0622666666666667,24,1,indicator <= close
AAPL,-0.32738095238095244,0.48672566371681425,2005-09-01,1.68,1.95,1.65,1.91,12347770400,1.13,24,1,indicator <= close
AAPL,-0.3712607944732298,0.5904845621360292,2005-10-01,1.93,2.07,1.71,2.06,18643447200,1.2134666666666665,24,1,indicator <= close
AAPL,-0.362483660130719,0.5685872462579455,2005-11-01,2.04,2.54,2.03,2.42,13456427600,1.3005333333333333,24,1,indicator <= close
AAPL,-0.42448509485094854,0.7375744590681139,2005-12-01,2.46,2.69,2.46,2.57,13064164400,1.4157666666666666,24,1,indicator <= close
AAPL,-0.40754182754182744,0.6878828691836466,2006-01-01,2.59,3.09,2.53,2.7,21878371200,1.5344666666666669,24,1,indicator <= close
AAPL,-0.3832089552238806,0.6212946158499698,2006-02-01,2.68,2.73,2.25,2.45,18760697200,1.653,24,1,indicator <= close
AAPL,-0.29010840108401087,0.4086657759114335,2006-03-01,2.46,2.5,2.06,2.24,23192632400,1.7463333333333333,24,1,indicator <= close
AAPL,-0.19925110132158597,0.24883094019915286,2006-04-01,2.27,2.57,2.18,2.51,20119282400,1.8176999999999999,24,1,indicator <= close
AAPL,-0.24747035573122517,0.32885130521560985,2006-05-01,2.53,2.64,2.1,2.13,15608779200,1.9039000000000001,24,1,indicator <= close
AAPL,-0.0878504672897198,0.09631147540983628,2006-06-01,2.14,2.25,1.98,2.05,17936623600,1.9519999999999997,24,1,indicator <= close
AAPL,-0.030520325203251923,0.03148113982858952,2006-07-01,2.05,2.45,1.79,2.43,17479742000,1.9874333333333334,24,1,indicator <= close
AAPL,-0.1475277777777778,0.17305875069243057,2006-08-01,2.4,2.5,2.23,2.42,17887646000,2.045933333333333,24,1,indicator <= close
AAPL,-0.141918367346939,0.1653902868287117,2006-09-01,2.45,2.78,2.42,2.75,17721558400,2.1022999999999996,24,1,indicator <= close
AAPL,-0.18995024875621902,0.2344920771404006,2006-10-01,2.68,2.95,2.59,2.9,14387956800,2.170933333333333,24,1,indicator <= close
AAPL,-0.2239425287356321,0.2885643615681975,2006-11-01,2.9,3.33,2.78,3.27,13834884000,2.250566666666667,24,1,indicator <= close
AAPL,-0.2822967479674796,0.3933335221319134,2006-12-01,3.28,3.3,2.74,3.03,16890792800,2.3540666666666668,24,1,indicator <= close
AAPL,-0.2095238095238095,0.2650602409638554,2007-01-01,3.08,3.49,2.92,3.06,27209781200,2.4346666666666668,24,1,indicator <= close
AAPL,-0.18543290043290062,0.22764594903409271,2007-02-01,3.08,3.24,2.96,3.02,13722354800,2.508866666666666,24,1,indicator <= close
AAPL,-0.1430000000000001,0.16686114352392079,2007-03-01,3.0,3.46,2.99,3.32,15918644000,2.5709999999999997,24,1,indicator <= close
AAPL,-0.2091369047619048,0.26444135024272764,2007-04-01,3.36,3.66,3.2,3.56,13459740000,2.6572999999999998,24,1,indicator <= close
AAPL,-0.22657303370786516,0.2929469020120578,2007-05-01,3.56,4.36,3.52,4.33,17365068000,2.7534,24,1,indicator <= close
AAPL,-0.32807098765432113,0.4882524517121796,2007-06-01,4.32,4.56,4.12,4.36,23279541600,2.902733333333333,24,1,indicator <= close
AAPL,-0.29574074074074075,0.41993163292137786,2007-07-01,4.32,5.32,4.26,4.71,24018573600,3.0424,24,1,indicator <= close
AAPL,-0.3274493361285813,0.48687683132104465,2007-08-01,4.77,4.99,3.99,4.95,24360798000,3.208066666666667,24,1,indicator <= close
AAPL,-0.3237399999999999,0.4787212019045927,2007-09-01,5.0,5.54,4.64,5.48,20931223600,3.3813000000000004,24,1,indicator <= close
AAPL,-0.3505314009661835,0.5397203213329366,2007-10-01,5.52,6.79,5.46,6.78,23277791600,3.5850666666666666,24,1,indicator <= close
AAPL,-0.4251533135509396,0.7395942667377874,2007-11-01,6.74,6.88,5.38,6.51,26199790400,3.874466666666667,24,1,indicator <= close
AAPL,-0.36391371340523876,0.5721137541785765,2007-12-01,6.49,7.25,6.32,7.07,17252678800,4.1282000000000005,24,1,indicator <= close
AAPL,-0.37936797752808993,0.6112607209939126,2008-01-01,7.12,7.15,4.51,4.83,35173888400,4.4189,24,1,indicator <= close
AAPL,-0.07299794661190968,0.07874626204452324,2008-02-01,4.87,4.88,4.12,4.47,24865954400,4.5145,24,0,indicator <= close
AAPL,0.02891891891891873,-0.02810612030470169,2008-03-01,4.44,5.2,4.21,5.12,22927273600,4.5684,24,1,indicator <= close
AAPL,-0.10381226053639832,0.11583762638678076,2008-04-01,5.22,6.43,5.13,6.21,22786982400,4.678100000000001,24,1,indicator <= close
AAPL,-0.22234133333333334,0.2859112138316039,2008-05-01,6.25,6.87,6.14,6.74,18588214400,4.860366666666667,24,1,indicator <= close
AAPL,-0.24785855588526212,0.32953716062939314,2008-06-01,6.74,6.78,5.86,5.98,19475794800,5.0694333333333335,24,1,indicator <= close
AAPL,-0.11523566155593404,0.13024446911884563,2008-07-01,5.87,6.46,5.23,5.68,19749760800,5.193566666666667,24,1,indicator <= close
AAPL,-0.07317571511967308,0.07895316977923345,2008-08-01,5.71,6.44,5.46,6.05,13085755200,5.292166666666667,24,1,indicator <= close
AAPL,-0.12082251082251064,0.13742675661036954,2008-09-01,6.16,6.2,3.59,4.06,24067562400,5.415733333333335,24,0,indicator <= close
AAPL,0.33853333333333335,-0.252913636816416,2008-10-01,4.0,4.16,3.04,3.84,41426711200,5.354133333333333,24,0,indicator <= close
AAPL,0.39432098765432094,-0.2828050292190543,2008-11-01,3.78,3.99,2.83,3.31,23619461600,5.270533333333333,24,0,indicator <= close
AAPL,0.5774233128834357,-0.36605476042314883,2008-12-01,3.26,3.7,3.02,3.05,20213846800,5.1424,24,0,indicator <= close
AAPL,0.6283821932681867,-0.3858935548828463,2009-01-01,3.07,3.47,2.79,3.22,18105740800,4.999133333333333,24,0,indicator <= close
AAPL,0.5297798742138361,-0.34631118054556276,2009-02-01,3.18,3.68,3.09,3.19,13867450800,4.864699999999999,24,0,indicator <= close
AAPL,0.5008042328042329,-0.3336905785963082,2009-03-01,3.15,3.93,2.94,3.75,15424598000,4.727533333333334,24,0,indicator <= close
AAPL,0.24609318996415744,-0.19749180233561509,2009-04-01,3.72,4.54,3.71,4.49,11821681200,4.635466666666666,24,0,indicator <= close
AAPL,0.025345211581291834,-0.024718710630348913,2009-05-01,4.49,4.85,4.26,4.85,9457142800,4.603800000000001,24,1,indicator <= close
AAPL,-0.055557837097878295,0.05882608727162056,2009-06-01,4.87,5.23,4.75,5.09,12675572000,4.599433333333333,24,1,indicator <= close
AAPL,-0.09897786458333349,0.10985064705159814,2009-07-01,5.12,5.89,4.8,5.84,10942136800,4.613233333333333,24,1,indicator <= close
AAPL,-0.20563276836158187,0.25886360888458987,2009-08-01,5.9,6.16,5.69,6.01,8165124800,4.686766666666667,24,1,indicator <= close
AAPL,-0.20591111111111124,0.2593048637152294,2009-09-01,6.0,6.75,5.86,6.62,9989319200,4.764533333333333,24,1,indicator <= close
AAPL,-0.2615458207452164,0.3541801618743051,2009-10-01,6.62,7.45,6.45,6.73,12956176800,4.888566666666668,24,1,indicator <= close
AAPL,-0.2593313667649951,0.35013142872315,2009-11-01,6.78,7.43,6.63,7.14,8454784800,5.021733333333334,24,1,indicator <= close
AAPL,-0.28116805170821785,0.3911457363245749,2009-12-01,7.22,7.64,6.74,7.53,11393958800,5.189966666666667,24,1,indicator <= close
AAPL,-0.2929440069991251,0.41431514604072184,2010-01-01,7.62,7.7,6.79,6.86,15168994400,5.387766666666667,24,1,indicator <= close
AAPL,-0.19593886462882093,0.24368652582414593,2010-02-01,6.87,7.33,6.82,7.31,10776080000,5.5239,24,1,indicator <= close
AAPL,-0.22560997732426308,0.2913389515850381,2010-03-01,7.35,8.48,7.34,8.39,12154172800,5.691766666666666,24,1,indicator <= close
AAPL,-0.2994889937106919,0.427529319342349,2010-04-01,8.48,9.73,8.31,9.32,12367129600,5.940333333333333,24,1,indicator <= close
AAPL,-0.33617480537862715,0.5064206783690574,2010-05-01,9.42,9.57,7.12,9.17,18082654800,6.253233333333332,24,1,indicator <= close
AAPL,-0.29411362819129805,0.41665860106873404,2010-06-01,9.27,9.96,8.65,8.98,16651252800,6.543566666666667,24,1,indicator <= close
AAPL,-0.24997063142437587,0.3332811245766195,2010-07-01,9.08,9.5,8.56,9.19,15669704400,6.810266666666667,24,1,indicator <= close
AAPL,-0.23829390681003593,0.3128423271659547,2010-08-01,9.3,9.44,8.41,8.68,9589120800,7.083866666666666,24,1,indicator <= close
AAPL,-0.17322398190045238,0.2095174244393666,2010-09-01,8.84,10.53,8.8,10.13,11849919200,7.308700000000001,24,1,indicator <= close
AAPL,-0.25293542074364,0.3385723641126393,2010-10-01,10.22,11.39,9.92,10.75,12234577600,7.635,24,1,indicator <= close
AAPL,-0.2598548038307074,0.35108625331302035,2010-11-01,10.79,11.48,10.63,11.11,9508086000,7.986166666666667,24,1,indicator <= close
AAPL,-0.2582978093546477,0.3482500289366865,2010-12-01,11.26,11.67,11.25,11.52,6973234800,8.351566666666667,24,1,indicator <= close
AAPL,-0.2502235597592435,0.3337308914093054,2011-01-01,11.63,12.45,11.6,12.12,10841535600,8.719899999999999,24,1,indicator <= close
AAPL,-0.25311730926989334,0.3388983469712779,2011-02-01,12.19,13.03,12.06,12.61,9295949600,9.1045,24,1,indicator <= close
AAPL,-0.2519790026246718,0.3368608682227117,2011-03-01,12.7,12.92,11.65,12.45,11306458800,9.499866666666668,24,1,indicator <= close
AAPL,-0.21446570972886742,0.2730189024018838,2011-04-01,12.54,12.68,11.43,12.5,9253829200,9.850600000000002,24,1,indicator <= close
AAPL,-0.1859140645850013,0.22837154715150237,2011-05-01,12.49,12.57,11.77,12.42,6912060400,10.167933333333334,24,1,indicator <= close
AAPL,-0.16081861958266452,0.19163749736998142,2011-06-01,12.46,12.58,11.09,11.99,9263850400,10.4562,24,1,indicator <= close
AAPL,-0.10980277777777776,0.12334657426100956,2011-07-01,12.0,14.45,11.94,13.95,10653946800,10.682366666666667,24,1,indicator <= close
AAPL,-0.22150598170302618,0.2845313855944463,2011-08-01,14.21,14.27,12.61,13.74,16142599200,11.062399999999998,24,1,indicator <= close
AAPL,-0.17414126753749382,0.21086084180311046,2011-09-01,13.78,15.1,13.09,13.62,11977448000,11.380333333333335,24,1,indicator <= close
AAPL,-0.14165439371624933,0.16503188538419733,2011-10-01,13.58,15.24,12.65,14.46,13141427600,11.656333333333334,24,1,indicator <= close
AAPL,-0.15729856706600892,0.18665990221275694,2011-11-01,14.19,14.57,12.98,13.65,8963701600,11.957933333333333,24,1,indicator <= close
AAPL,-0.10743533430941922,0.1203670035787223,2011-12-01,13.66,14.61,13.49,14.46,6306532400,12.192433333333334,24,1,indicator <= close
AAPL,-0.14621979024167794,0.17126162983218843,2012-01-01,14.62,16.37,14.61,16.3,6859854400,12.482266666666668,24,1,indicator <= close
AAPL,-0.2126593361840767,0.2700982509316901,2012-02-01,16.37,19.56,16.21,19.37,11368554400,12.888766666666665,24,1,indicator <= close
AAPL,-0.30947906026557703,0.44818200644951317,2012-03-01,19.58,22.19,18.44,21.41,15584338000,13.5204,24,1,indicator <= close
AAPL,-0.33624631611602285,0.506582975402059,2012-04-01,21.49,23.0,19.82,20.86,15598990400,14.264066666666668,24,1,indicator <= close
AAPL,-0.28595659805329504,0.40047509335383286,2012-05-01,20.89,21.31,18.65,20.63,11106345600,14.916366666666667,24,1,indicator <= close
AAPL,-0.2382866043613706,0.31282974111488265,2012-06-01,20.33,21.07,19.59,20.86,7855825600,15.485633333333334,24,1,indicator <= close
AAPL,-0.23074553001277143,0.29995994695565736,2012-07-01,20.88,22.14,20.36,21.81,8909650400,16.062033333333332,24,1,indicator <= close
AAPL,-0.2414227272727274,0.3182572638971282,2012-08-01,22.0,24.32,21.44,23.76,8276206400,16.688699999999997,24,1,indicator <= close
AAPL,-0.2676436781609196,0.36545554422035637,2012-09-01,23.78,25.18,23.43,23.83,9199005200,17.415433333333333,24,1,indicator <= close
AAPL,-0.2445737727715199,0.32375599887339906,2012-10-01,23.97,24.17,20.99,21.26,12142830000,18.107566666666667,24,1,indicator <= close
AAPL,-0.13178526841448185,0.15178879558265265,2012-11-01,21.36,21.54,18.06,20.9,12929851200,18.545066666666667,24,1,indicator <= close
AAPL,-0.1068616352201257,0.11964734629495304,2012-12-01,21.2,21.24,17.9,19.01,12132752800,18.934533333333334,24,1,indicator <= close
AAPL,-0.030471857094708447,0.031429574600481805,2013-01-01,19.78,19.82,15.54,16.27,13123423600,19.177266666666668,24,0,indicator <= close
AAPL,0.1660020325203253,-0.1423685618810717,2013-02-01,16.4,17.32,15.63,15.76,9344034000,19.122433333333333,24,0,indicator <= close
AAPL,0.21437127024722938,-0.17652860825963573,2013-03-01,15.64,16.78,14.96,15.81,9176876800,18.992766666666668,24,0,indicator <= close
AAPL,0.19546894803548798,-0.16350817673407725,2013-04-01,15.78,15.9,13.75,15.81,10963489600,18.8645,24,0,indicator <= close
AAPL,0.18038017223272398,-0.1528153187218738,2013-05-01,15.87,16.63,14.96,16.06,9447530400,18.73263333333333,24,0,indicator <= close
AAPL,0.15577018633540368,-0.13477608972533167,2013-06-01,16.1,16.23,13.89,14.16,7018536000,18.6079,24,0,indicator <= close
AAPL,0.27492582290217904,-0.2156406419601348,2013-07-01,14.38,16.33,14.33,16.16,6538114800,18.333433333333335,24,0,indicator <= close
AAPL,0.11812244062244058,-0.1056435649003554,2013-08-01,16.28,18.35,16.19,17.4,8058338400,18.203033333333334,24,0,indicator <= close
AAPL,0.03192125686163157,-0.030933810743189127,2013-09-01,17.61,18.14,15.97,17.03,8630941200,18.17213333333333,24,0,indicator <= close
AAPL,0.0583304076457967,-0.05511549816994278,2013-10-01,17.09,19.26,17.08,18.67,7837732000,18.086866666666666,24,1,indicator <= close
AAPL,-0.032035256410256334,0.033095478551679526,2013-11-01,18.72,19.94,18.3,19.86,5225155600,18.1203,24,1,indicator <= close
AAPL,-0.08502592406756984,0.09292714001860847,2013-12-01,19.93,20.54,19.24,20.04,7057397200,18.235433333333333,24,1,indicator <= close
AAPL,-0.07691351805205723,0.08332211505226522,2014-01-01,19.85,20.01,17.63,17.88,8765954400,18.323266666666665,24,0,indicator <= close
AAPL,0.016248839368616593,-0.015989036089538666,2014-02-01,17.95,19.69,17.83,18.79,5880366800,18.241666666666667,24,1,indicator <= close
AAPL,-0.02546816479400744,0.02613374327440425,2014-03-01,18.69,19.61,18.67,19.17,5001698800,18.214000000000002,24,1,indicator <= close
AAPL,-0.05096824570536174,0.053705521943513426,2014-04-01,19.21,21.41,18.26,21.07,6435060800,18.230900000000002,24,1,indicator <= close
AAPL,-0.12914853358561967,0.14830144814175059,2014-05-01,21.14,23.01,20.73,22.61,5735668400,18.4098,24,1,indicator <= close
AAPL,-0.17368080094228502,0.2101860892743872,2014-06-01,22.64,23.76,22.23,23.23,4827739200,18.707866666666668,24,1,indicator <= close
AAPL,-0.1848830909609353,0.22681788208625508,2014-07-01,23.38,24.86,23.14,23.9,4140344000,19.057433333333332,24,1,indicator <= close
AAPL,-0.18134569462003094,0.22151681537405635,2014-08-01,23.73,25.73,23.32,25.62,3748308000,19.426666666666666,24,1,indicator <= close
AAPL,-0.22544513457556933,0.2910641255245783,2014-09-01,25.76,25.93,24.03,25.19,6105680000,19.952533333333335,24,1,indicator <= close
AAPL,-0.18795228628230617,0.2314547324095383,2014-10-01,25.15,27.01,23.8,27.0,5441120800,20.423,24,1,indicator <= close
AAPL,-0.22238236018723825,0.28597905808924867,2014-11-01,27.06,29.94,26.93,29.73,3281632800,21.042333333333332,24,1,indicator <= close
AAPL,-0.2641795735129069,0.3590272354549005,2014-12-01,29.7,29.81,26.57,27.59,4294378400,21.853866666666665,24,1,indicator <= close
AAPL,-0.19249311789347703,0.238379538501672,2015-01-01,27.85,30.0,26.16,29.29,5221053600,22.489066666666666,24,1,indicator <= close
AAPL,-0.212803569411499,0.2703309633307267,2015-02-01,29.51,33.4,29.02,32.12,4546140800,23.230166666666666,24,1,indicator <= close
AAPL,-0.25250490044361923,0.33780141246875656,2015-03-01,32.31,32.57,30.41,31.11,4554568400,24.151566666666664,24,1,indicator <= close
AAPL,-0.20100641025641025,0.25157449676275445,2015-04-01,31.2,33.63,30.77,31.29,3984542000,24.9286,24,1,indicator <= close
AAPL,-0.185284475465313,0.22742229635446742,2015-05-01,31.52,33.24,30.84,32.57,3816608400,25.679833333333335,24,1,indicator <= close
AAPL,-0.18750690819772795,0.23077969534707077,2015-06-01,32.57,32.85,31.12,31.36,3514426800,26.4629,24,1,indicator <= close
AAPL,-0.14516650908708895,0.16981846246110432,2015-07-01,31.73,33.24,29.81,30.33,4233122400,27.123866666666668,24,1,indicator <= close
AAPL,-0.0908821593153389,0.09996741373692007,2015-08-01,30.38,30.64,23.0,28.19,6427276400,27.619000000000003,24,1,indicator <= close
AAPL,0.01089082546598881,-0.010773493231545042,2015-09-01,27.54,29.22,26.84,27.58,4826189200,27.83993333333333,24,0,indicator <= close
AAPL,0.026995477325510164,-0.02628587751507093,2015-10-01,27.27,30.31,26.83,29.88,4450048400,28.00616666666666,24,1,indicator <= close
AAPL,-0.060501103752759355,0.06439720578111009,2015-11-01,30.2,30.95,27.75,29.58,3002562400,28.372866666666667,24,1,indicator <= close
AAPL,-0.03467497473896919,0.03592051778580258,2015-12-01,29.69,29.97,26.2,26.32,3687660800,28.660500000000006,24,0,indicator <= close
AAPL,0.11471345029239764,-0.10290846518655306,2016-01-01,25.65,26.46,23.1,24.33,5087392000,28.592399999999998,24,0,indicator <= close
AAPL,0.1767233278054174,-0.1501825651191988,2016-02-01,24.12,24.72,23.15,24.17,3243450400,28.38256666666667,24,0,indicator <= close
AAPL,0.15425508671309582,-0.13364037853396768,2016-03-01,24.41,27.6,24.35,27.25,2984198400,28.17536666666667,24,0,indicator <= close
AAPL,0.03609783008458994,-0.03484017535452498,2016-04-01,27.19,28.1,23.13,23.43,3489534800,28.1715,24,0,indicator <= close
AAPL,0.18539946076344552,-0.15640251822287882,2016-05-01,23.49,25.18,22.37,24.97,3602686000,27.845033333333333,24,0,indicator <= close
AAPL,0.11561750841750859,-0.10363543736554545,2016-06-01,24.75,25.47,22.88,23.9,3117990800,27.611533333333337,24,0,indicator <= close
AAPL,0.14372015081692494,-0.12566024189944539,2016-07-01,23.87,26.14,23.59,26.05,2743118400,27.3006,24,0,indicator <= close
AAPL,0.040859514687100855,-0.03925555188817569,2016-08-01,26.1,27.56,26.0,26.52,2520514000,27.166433333333334,24,0,indicator <= close
AAPL,0.019930895841186052,-0.019541417876892613,2016-09-01,26.53,29.05,25.63,28.26,3872062400,27.058766666666667,24,1,indicator <= close
AAPL,-0.03901585048497745,0.040599889711674726,2016-10-01,28.18,29.67,28.07,28.39,2747657200,27.080533333333335,24,1,indicator <= close
AAPL,-0.04419605077574045,0.046239661189525764,2016-11-01,28.36,28.44,26.02,27.63,2886220000,27.1066,24,1,indicator <= close
AAPL,-0.018965808867947374,0.019332464698362865,2016-12-01,27.59,29.5,27.06,28.95,2435086800,27.06673333333333,24,1,indicator <= close
AAPL,-0.06242832469775468,0.0665851223349187,2017-01-01,28.95,30.61,28.69,30.34,2252488000,27.1427,24,1,indicator <= close
AAPL,-0.1360264483627204,0.15744283850465382,2017-02-01,31.76,34.37,31.75,34.25,2299874400,27.4398,24,1,indicator <= close
AAPL,-0.1892602262837249,0.23344139811494935,2017-03-01,34.47,36.12,34.26,35.92,2246513600,27.9462,24,1,indicator <= close
AAPL,-0.20505983857500693,0.25795631989132484,2017-04-01,35.93,36.37,35.01,35.91,1493216400,28.5622,24,1,indicator <= close
AAPL,-0.1954125321572952,0.24287295038442974,2017-05-01,36.28,39.16,36.07,38.19,2615927200,29.19043333333333,24,1,indicator <= close
AAPL,-0.2174562548968399,0.27788383238329173,2017-06-01,38.29,38.99,35.55,36.01,2736712400,29.9636,24,1,indicator <= close
AAPL,-0.15648536720044184,0.18551588925147547,2017-07-01,36.22,38.5,35.6,37.18,1688047600,30.552099999999996,24,1,indicator <= close
AAPL,-0.16281026466380552,0.19447236127235243,2017-08-01,37.28,41.13,37.1,41.0,2644276000,31.21043333333333,24,1,indicator <= close
AAPL,-0.21943284789644027,0.281119756711627,2017-09-01,41.2,41.24,37.29,38.53,2721496400,32.15936666666666,24,1,indicator <= close
AAPL,-0.14804028354080234,0.17376441712064486,2017-10-01,38.56,42.41,38.12,42.26,2017165200,32.85156666666666,24,1,indicator <= close
AAPL,-0.20369829683698293,0.2558054265460767,2017-11-01,42.47,44.06,41.32,42.96,2402653600,33.818933333333334,24,1,indicator <= close
AAPL,-0.18223111320310664,0.22283938181713536,2017-12-01,42.49,44.3,41.62,42.31,2124735200,34.747,24,1,indicator <= close
AAPL,-0.16228490832157963,0.19372327171094714,2018-01-01,42.54,45.03,41.17,41.86,2638717600,35.6364,24,1,indicator <= close
AAPL,-0.1287508973438621,0.14777736579738798,2018-02-01,41.79,45.15,37.56,44.53,3711577200,36.4095,24,1,indicator <= close
AAPL,-0.16309881245798788,0.19488419288424105,2018-03-01,44.63,45.88,41.24,41.94,2854910800,37.3509,24,1,indicator <= close
AAPL,-0.08815890542486779,0.0966823122464611,2018-04-01,41.66,44.74,40.16,41.31,2664617200,37.987300000000005,24,1,indicator <= close
AAPL,-0.07282051282051283,0.07853982300884957,2018-05-01,41.6,47.59,41.32,46.72,2483905200,38.57066666666667,24,1,indicator <= close
AAPL,-0.15902836879432625,0.18910075309714364,2018-06-01,47.0,48.55,45.18,46.28,2110498000,39.525666666666666,24,1,indicator <= close
AAPL,-0.12264360313315936,0.13978766618803534,2018-07-01,45.96,48.99,45.85,47.57,1574765600,40.323299999999996,24,1,indicator <= close
AAPL,-0.169286862193652,0.20378498243170357,2018-08-01,49.78,57.22,49.33,56.91,2801275600,41.352900000000005,24,1,indicator <= close
AAPL,-0.24887624051371862,0.3313385276002098,2018-09-01,57.1,57.42,53.83,56.44,2715888000,42.88916666666667,24,1,indicator <= close
AAPL,-0.2224121190852196,0.28602827351625715,2018-10-01,56.99,58.37,51.52,54.72,3158994000,44.314733333333336,24,1,indicator <= close
AAPL,-0.1697248599951303,0.2044200191205711,2018-11-01,54.76,55.59,42.56,44.65,3845305600,45.46586666666666,24,0,indicator <= close
AAPL,-0.0061188204683433655,0.0061564909310655395,2018-12-01,46.12,46.24,36.65,39.44,3595690000,45.8378,24,0,indicator <= close
AAPL,0.17654872589531675,-0.15005645071007892,2019-01-01,38.72,42.25,35.5,41.61,3312349600,45.55596666666666,24,0,indicator <= close
AAPL,0.08967816642708833,-0.08229784645601487,2019-02-01,41.74,43.97,41.48,43.29,1890162400,45.48316666666667,24,0,indicator <= close
AAPL,0.04483589625889369,-0.042911902643689485,2019-03-01,43.57,49.42,42.38,47.49,2603925600,45.5235,24,1,indicator <= close
AAPL,-0.04235650177415972,0.04422992674479666,2019-04-01,47.91,52.12,47.1,50.17,2024470800,45.880700000000004,24,1,indicator <= close
AAPL,-0.11258306333778013,0.1268660295815753,2019-05-01,52.47,53.83,43.75,43.77,2957826400,46.562766666666676,24,0,indicator <= close
AAPL,0.05934548215641623,-0.0560208951244233,2019-06-01,43.9,50.39,42.57,49.48,2060874800,46.50526666666667,24,1,indicator <= close
AAPL,-0.07500951630898486,0.08109220325129433,2019-07-01,50.79,55.34,49.6,53.26,1895406800,46.98026666666666,24,1,indicator <= close
AAPL,-0.10938657190948196,0.12282160638876466,2019-08-01,53.47,54.51,48.15,52.19,2724326400,47.6211,24,1,indicator <= close
AAPL,-0.0688012659045404,0.07388462138683212,2019-09-01,51.61,56.6,51.06,55.99,2170268400,48.05916666666667,24,1,indicator <= close
AAPL,-0.13212487411883192,0.15223949872360187,2019-10-01,56.27,62.44,53.78,62.19,2433210800,48.83533333333333,24,1,indicator <= close
AAPL,-0.1977995083894411,0.24657116326658407,2019-11-01,62.38,67.0,62.29,66.81,1793326000,50.041266666666665,24,1,indicator <= close
AAPL,-0.22873341314975557,0.29656854977197183,2019-12-01,66.82,73.49,64.07,73.41,2388794800,51.53603333333333,24,1,indicator <= close
AAPL,-0.277222522279233,0.38355168890076186,2020-01-01,74.06,81.96,73.19,77.38,2934370400,53.52890000000001,24,1,indicator <= close
AAPL,-0.2693900354936242,0.3687193558544374,2020-02-01,76.07,81.81,64.09,68.34,3019279200,55.5775,24,1,indicator <= close
AAPL,-0.19127344008313255,0.23651188122570674,2020-03-01,70.57,76.0,53.15,63.57,6280072400,57.07183333333333,24,1,indicator <= close
AAPL,-0.0625819539110678,0.0667599201574691,2020-04-01,61.62,73.63,59.22,73.45,3265299200,57.7637,24,1,indicator <= close
AAPL,-0.17294251909819272,0.2091058035163645,2020-05-01,71.56,81.06,71.46,79.49,2805936000,59.18423333333333,24,1,indicator <= close
AAPL,-0.23042170191339373,0.2994129414593532,2020-06-01,79.44,93.1,79.3,91.2,3243375600,61.1353,24,1,indicator <= close
AAPL,-0.29967754893368387,0.42791366816441856,2020-07-01,91.28,106.42,89.14,106.26,3020283200,63.92543333333334,24,1,indicator <= close
AAPL,-0.3722911275415897,0.5930952132053166,2020-08-01,108.2,131.0,107.89,129.04,4070061100,67.9181,24,1,indicator <= close
AAPL,-0.44500728130963135,0.801825440808894,2020-09-01,132.76,137.98,103.1,115.81,3885245100,73.68083333333334,24,1,indicator <= close
AAPL,-0.33711521024594815,0.5085577697008662,2020-10-01,117.64,125.39,107.72,108.86,2894666500,77.98176666666666,24,1,indicator <= close
AAPL,-0.25398099776983474,0.3404484296118174,2020-11-01,109.11,121.99,107.32,119.05,2123077300,81.39813333333333,24,1,indicator <= close
AAPL,-0.29274164669586533,0.4139104831045818,2020-12-01,121.01,138.79,120.01,132.69,2322189600,85.58533333333334,24,1,indicator <= close
AAPL,-0.32202142001198325,0.47497285241323545,2021-01-01,133.52,145.09,126.38,131.96,2240262000,90.5237,24,1,indicator <= close
AAPL,-0.288489968847352,0.40546156233384023,2021-02-01,133.75,137.88,118.39,121.26,1833855600,95.16446666666667,24,1,indicator <= close
AAPL,-0.2024360942760943,0.25381802363831146,2021-03-01,123.75,128.72,116.21,122.15,2650418200,98.69853333333333,24,1,indicator <= close
AAPL,-0.1754962531672867,0.212850764889118,2021-04-01,123.66,137.07,122.49,131.46,1889857500,101.95813333333332,24,1,indicator <= close
AAPL,-0.1999724830859334,0.24995700630058837,2021-05-01,132.04,134.07,122.25,124.61,1711934900,105.63563333333335,24,1,indicator <= close
AAPL,-0.1326263191557404,0.15290563004707308,2021-06-01,125.08,137.41,123.13,136.96,1606590000,108.49109999999999,24,1,indicator <= close
AAPL,-0.18010566129819428,0.2196693559116017,2021-07-01,136.6,150.0,135.76,145.86,1919035100,111.99756666666666,24,1,indicator <= close
AAPL,-0.20744192402295714,0.2617371903847282,2021-08-01,146.36,153.49,144.5,151.83,1461542800,115.9988,24,1,indicator <= close
AAPL,-0.21345285611463724,0.2713796086782911,2021-09-01,152.83,157.26,141.27,141.5,1797835100,120.208,24,1,indicator <= close
AAPL,-0.13174489076814674,0.15173523238429504,2021-10-01,141.9,153.17,138.27,149.8,1565079200,123.20539999999998,24,1,indicator <= close
AAPL,-0.1510533145401257,0.1779302718618898,2021-11-01,148.99,165.7,147.48,165.3,1691029000,126.48456666666668,24,1,indicator <= close
AAPL,-0.21809031924209843,0.2789200909121683,2021-12-01,167.48,182.13,157.8,177.57,2444766700,130.95423333333335,24,1,indicator <= close
AAPL,-0.23569495210781832,0.3083781178180406,2022-01-01,177.83,182.94,154.7,174.78,2108446000,135.91636666666668,24,1,indicator <= close
AAPL,-0.19414401471179796,0.24091651393811428,2022-02-01,174.01,176.65,152.0,165.12,1627516300,140.22700000000003,24,1,indicator <= close
AAPL,-0.12892309249139833,0.1480042593025866,2022-03-01,164.7,179.61,150.1,174.61,2180800100,143.4663666666667,24,1,indicator <= close
AAPL,-0.15452297496600192,0.18276425070189023,2022-04-01,174.03,178.49,155.38,157.65,1687795600,147.13836666666668,24,1,indicator <= close
AAPL,-0.048879671580201185,0.05139168002161238,2022-05-01,156.71,166.48,132.61,148.84,2401040300,149.05006666666668,24,0,indicator <= close
AAPL,0.0015552590615966768,-0.0015528439869147816,2022-06-01,149.9,151.74,129.04,136.72,1749099800,150.13313333333335,24,0,indicator <= close
AAPL,0.10167989806919542,-0.09229531940030825,2022-07-01,136.04,163.63,135.66,162.51,1447125400,149.87253333333334,24,1,indicator <= close
AAPL,-0.05931101587893074,0.06305061171131696,2022-08-01,161.01,176.15,157.14,157.22,1510239600,151.46033333333335,24,1,indicator <= close
AAPL,-0.02628638917262499,0.026996016981101007,2022-09-01,156.64,164.26,138.0,138.2,2084722800,152.5225,24,0,indicator <= close
AAPL,0.09999758821117613,-0.09090709769081669,2022-10-01,138.21,157.5,134.37,153.34,1868139700,152.03066666666666,24,1,indicator <= close
AAPL,-0.014573983320436733,0.014789525620141852,2022-11-01,155.08,155.45,134.38,148.03,1724847700,152.81986666666668,24,0,indicator <= close
AAPL,0.031686345950565485,-0.03071315819477151,2022-12-01,148.21,150.92,125.87,129.93,1675731200,152.90623333333332,24,0,indicator <= close
AAPL,0.16263074403848124,-0.13988168201502368,2023-01-01,130.28,147.23,124.17,144.29,1443652500,151.46753333333334,24,0,indicator <= close
AAPL,0.04976615498599236,-0.04740689604977445,2023-02-01,143.97,157.38,141.32,147.41,1307198900,151.13483333333332,24,0,indicator <= close
AAPL,0.028378850825217156,-0.02759571611419731,2023-03-01,146.83,165.0,143.9,164.9,1520266600,150.99686666666665,24,1,indicator <= close
AAPL,-0.07361559221606712,0.0794654914283024,2023-04-01,164.27,169.85,159.78,169.68,969776400,152.17716666666666,24,1,indicator <= close
AAPL,-0.09249232041587893,0.10191904982915947,2023-05-01,169.28,179.35,164.31,177.25,1275364700,153.62290000000002,24,1,indicator <= close
AAPL,-0.12426505346088894,0.141898018289646,2023-06-01,177.7,194.48,176.93,193.97,1297383300,155.61810000000003,24,1,indicator <= close
AAPL,-0.18090463412116833,0.22085906190797502,2023-07-01,193.78,198.23,186.6,196.45,996114000,158.7243,24,1,indicator <= close
AAPL,-0.1753123726049735,0.21258033560990802,2023-08-01,196.24,196.73,171.96,187.87,1322657800,161.8367,24,1,indicator <= close
AAPL,-0.1332374619592942,0.15371852856086052,2023-09-01,189.49,189.98,167.62,171.21,1337823000,164.24283333333335,24,1,indicator <= close
AAPL,-0.0359469298757933,0.03728729360424315,2023-10-01,171.22,182.34,165.67,170.77,1172816900,165.06516666666667,24,1,indicator <= close
AAPL,-0.030572124756335303,0.03153625508101985,2023-11-01,171.0,192.93,170.12,189.95,1099651600,165.77216666666666,24,1,indicator <= close
AAPL,-0.11757368780539067,0.13323910017254914,2023-12-01,190.33,199.62,187.45,192.53,1063181200,167.9522,24,1,indicator <= close
AAPL,-0.09269747973995901,0.1021682158596794,2024-01-01,187.15,196.38,180.17,184.4,1187490800,169.80166666666668,24,1,indicator <= close
AAPL,-0.06860554015616796,0.07365895237091181,2024-02-01,183.99,191.05,179.25,180.75,1161553500,171.36726666666667,24,1,indicator <= close
AAPL,-0.03901754385964921,0.040601723382503375,2024-03-01,179.55,180.53,168.49,171.48,1433151800,172.5444,24,0,indicator <= close
AAPL,0.010591934887162388,-0.010480921647514465,2024-04-01,171.19,178.36,164.08,170.33,1246144100,173.00323333333333,24,0,indicator <= close
AAPL,0.022188544246570102,-0.02170689974120648,2024-05-01,169.58,193.0,169.11,192.25,1336511300,173.34273333333337,24,1,indicator <= close
AAPL,-0.09017660273025753,0.0991144028619899,2024-06-01,192.9,220.2,192.15,210.62,1717952100,175.50493333333333,24,1,indicator <= close
AAPL,-0.15574048752887928,0.1844699233213634,2024-07-01,212.09,237.23,211.92,222.08,1153099800,179.059,24,1,indicator <= close
AAPL,-0.18285881950944122,0.22377873478321653,2024-08-01,224.37,232.92,196.0,229.0,1122667000,183.34196666666668,24,1,indicator <= close
AAPL,-0.17852490337635826,0.21732235597903868,2024-09-01,228.55,233.09,213.92,233.0,1232097700,187.74813333333333,24,1,indicator <= close
AAPL,-0.16350557685604733,0.1954652324417345,2024-10-01,229.52,237.49,221.33,225.91,930736000,191.99220000000003,24,1,indicator <= close
AAPL,-0.11640539439742945,0.13174072550844326,2024-11-01,220.97,237.81,219.71,237.33,891588300,195.24790000000002,24,1,indicator <= close
AAPL,-0.15881499276492328,0.18879912432930585,2024-12-01,237.27,260.1,237.16,250.42,977916100,199.58796666666666,24,1,indicator <= close
AAPL,-0.17822694465646294,0.21688097887555619,2025-01-01,248.93,249.1,219.38,236.0,1200176400,204.5639666666667,24,1,indicator <= close
AAPL,-0.0972248068756613,0.10769547902527554,2025-02-01,229.99,250.0,225.7,241.84,862272300,207.62926666666667,24,1,indicator <= close
AAPL,-0.12588678881122722,0.1440165726817288,2025-03-01,241.79,244.03,208.42,222.13,1115239500,211.35183333333336,24,1,indicator <= close
AAPL,-0.030983728371472164,0.0319744149594113,2025-04-01,219.81,225.19,169.21,212.5,1607318600,212.9994666666667,24,0,indicator <= close
AAPL,0.02163557808813207,-0.02117739294927497,2025-05-01,209.08,214.56,193.25,200.85,1195728200,213.60356666666667,24,0,indicator <= close
AAPL,0.06536349111244248,-0.061353229820359755,2025-06-01,200.28,207.39,195.07,205.17,1100409300,213.37099999999998,24,0,indicator <= close
AAPL,0.033407686972790805,-0.032327693507538634,2025-07-01,206.67,216.23,206.14,207.57,1079935600,213.57436666666666,24,0,indicator <= close
AAPL,0.015178862174167406,-0.01495190920510249,2025-08-01,210.87,235.12,201.5,232.14,1218079100,214.07076666666669,24,1,indicator <= close
AAPL,-0.057846019629225746,0.06139762802515687,2025-09-01,229.25,257.6,225.95,254.63,1265536400,215.9888,24,1,indicator <= close
AAPL,-0.1380273682559598,0.16012964121225898,2025-10-01,255.04,277.32,244.0,270.37,1097142200,219.8375,24,1,indicator <= close
AAPL,-0.1693025663782265,0.20380773976883618,2025-11-01,270.42,280.38,265.32,278.85,877578200,224.6372,24,1,indicator <= close
AAPL,-0.17372504586165968,0.21025089165727454,2025-12-01,278.01,288.62,266.95,271.86,924528800,229.71269999999998,24,1,indicator <= close
AAPL,-0.14039545532456718,0.16332563176196016,2026-01-01,272.26,277.84,243.42,259.48,1040017300,234.03593333333333,24,1,indicator <= close
AAPL,-0.08819341358048427,0.09672381719329577,2026-02-01,260.03,280.91,255.45,264.18,988921000,237.09706666666665,24,1,indicator <= close
AAPL,-0.08503817181763904,0.09294177002615904,2026-03-01,262.41,266.53,253.68,260.83,279734200,240.09513333333337,24,1,indicator <= close
