symbol,moving_average_minus_open_over_open,open_minus_moving_average_over_moving_average,date,open,high,low,close,volume,EMA_12_months,moving_average_window_months,condition,screening_rule
AAPL,0.0,0.0,1985-01-01,0.13,0.14,0.12,0.13,6366416000,0.13,12,0,indicator < open
AAPL,0.0,0.0,1985-02-01,0.13,0.14,0.11,0.11,4733388800,0.13,12,0,indicator < open
AAPL,0.15384615384615377,-0.13333333333333328,1985-03-01,0.11,0.12,0.09,0.1,4615587200,0.12692307692307692,12,0,indicator < open
AAPL,0.2278106508875738,-0.18554216867469867,1985-04-01,0.1,0.1,0.09,0.09,2868028800,0.12278106508875739,12,0,indicator < open
AAPL,0.30819804784301824,-0.23558974755479956,1985-05-01,0.09,0.1,0.08,0.08,4639129600,0.11773782430587164,12,0,indicator < open
AAPL,0.39915006477364234,-0.28528038187113103,1985-06-01,0.08,0.08,0.07,0.08,5811388800,0.11193200518189139,12,0,indicator < open
AAPL,0.3377423625007743,-0.25247190488114546,1985-07-01,0.08,0.08,0.07,0.07,2600595200,0.10701938900006194,12,0,indicator < open
AAPL,0.44748711978096845,-0.3091475659200902,1985-08-01,0.07,0.07,0.06,0.07,1818745600,0.1013240983846678,12,0,indicator < open
AAPL,0.3786429475069733,-0.2746490294616751,1985-09-01,0.07,0.08,0.07,0.07,1797196800,0.09650500632548814,12,0,indicator < open
AAPL,0.32039018635205435,-0.2426481124016996,1985-10-01,0.07,0.09,0.07,0.08,3785913600,0.09242731304464381,12,0,indicator < open
AAPL,0.13144273412604035,-0.11617267950160164,1985-11-01,0.08,0.09,0.08,0.09,2884672000,0.09051541873008323,12,0,indicator < open
AAPL,0.004845817120440681,-0.004822448417337506,1985-12-01,0.09,0.1,0.09,0.1,3571209600,0.09043612354083966,12,0,indicator < open
AAPL,-0.08092510850058757,0.08805061399138364,1986-01-01,0.1,0.11,0.1,0.1,6291801600,0.09190748914994125,12,1,indicator < open
AAPL,-0.06847509180818945,0.07350859993760867,1986-02-01,0.1,0.12,0.1,0.11,3420860800,0.09315249081918106,12,1,indicator < open
AAPL,-0.129596224467838,0.14889207527690618,1986-03-01,0.11,0.13,0.11,0.13,4264332800,0.09574441530853782,12,1,indicator < open
AAPL,-0.22296534414561187,0.2869438865637858,1986-04-01,0.13,0.15,0.12,0.14,4462684800,0.10101450526107046,12,1,indicator < open
AAPL,-0.23562661655396974,0.3082611478328726,1986-05-01,0.14,0.17,0.13,0.17,4954051200,0.10701227368244424,12,1,indicator < open
AAPL,-0.3135135699063862,0.4566930330489321,1986-06-01,0.17,0.17,0.15,0.16,4063360000,0.11670269311591436,12,1,indicator < open
AAPL,-0.22897614217545292,0.2969767275704176,1986-07-01,0.16,0.17,0.13,0.14,5691638400,0.12336381725192754,12,1,indicator < open
AAPL,-0.10054835726856998,0.11178850812171236,1986-08-01,0.14,0.17,0.14,0.17,3643516800,0.12592322998240021,12,1,indicator < open
AAPL,-0.21938663809665052,0.2810439185433948,1986-09-01,0.17,0.17,0.14,0.15,3578198400,0.13270427152356942,12,1,indicator < open
AAPL,-0.09756564781576216,0.10811384515628844,1986-10-01,0.15,0.16,0.14,0.15,2984038400,0.13536515282763567,12,1,indicator < open
AAPL,-0.13028044177692683,0.14979592047246035,1986-11-01,0.16,0.18,0.15,0.18,5206163200,0.1391551293156917,12,1,indicator < open
AAPL,-0.19200580236213294,0.23763264999111733,1986-12-01,0.18,0.2,0.17,0.18,4762576000,0.14543895557481606,12,1,indicator < open
AAPL,-0.162466448152574,0.193982017549275,1987-01-01,0.18,0.26,0.18,0.25,8268915200,0.15075603933253667,12,1,indicator < open
AAPL,-0.3359026361052605,0.5058032968769646,1987-02-01,0.25,0.32,0.23,0.31,6616176000,0.16602434097368488,12,1,indicator < open
AAPL,-0.39298566979887506,0.6474075655984353,1987-03-01,0.31,0.31,0.28,0.29,5959318400,0.18817444236234873,12,1,indicator < open
AAPL,-0.27749481703685824,0.3840731161246417,1987-04-01,0.28,0.36,0.28,0.35,6813161600,0.2023014512296797,12,1,indicator < open
AAPL,-0.3570734146095655,0.5553875399206318,1987-05-01,0.35,0.37,0.32,0.35,3838956800,0.22502430488665207,12,1,indicator < open
AAPL,-0.3021390431311708,0.4329502032708805,1987-06-01,0.35,0.39,0.34,0.36,3497536000,0.2442513349040902,12,1,indicator < open
AAPL,-0.272058828216882,0.3737373825833537,1987-07-01,0.36,0.4,0.33,0.37,3070256000,0.2620588218419225,12,1,indicator < open
AAPL,-0.24685092718063464,0.3277583895264771,1987-08-01,0.37,0.48,0.36,0.48,3119300800,0.2786651569431652,12,1,indicator < open
AAPL,-0.3649424291405311,0.5746603865325602,1987-09-01,0.49,0.52,0.43,0.5,3075486400,0.31117820972113974,12,1,indicator < open
AAPL,-0.3298702402816686,0.4922483078804312,1987-10-01,0.51,0.53,0.25,0.34,6575699200,0.341766177456349,12,1,indicator < open
AAPL,-0.019905944611024226,0.020310239105698926,1987-11-01,0.35,0.36,0.27,0.29,4234238400,0.3430329193861415,12,1,indicator < open
AAPL,0.12137490083270679,-0.10823757580321855,1987-12-01,0.3,0.39,0.27,0.38,4702264000,0.336412470249812,12,0,indicator < open
AAPL,-0.0970572524801756,0.10748992972895514,1988-01-01,0.38,0.41,0.34,0.37,6221600000,0.3431182440575333,12,1,indicator < open
AAPL,-0.06147594914077636,0.0655027956763546,1988-02-01,0.37,0.39,0.34,0.38,3368467200,0.34725389881791274,12,1,indicator < open
AAPL,-0.09274302031616567,0.10222354017985648,1988-03-01,0.39,0.43,0.35,0.36,4882102400,0.3538302220766954,12,1,indicator < open
AAPL,0.009259877548054891,-0.009174918922320868,1988-04-01,0.35,0.38,0.34,0.37,3297929600,0.3532409571418192,12,0,indicator < open
AAPL,-0.015886639196578834,0.016143098782450353,1988-05-01,0.36,0.39,0.33,0.37,2638507200,0.3542808098892316,12,1,indicator < open
AAPL,-0.035948251812568006,0.03728871596380209,1988-06-01,0.37,0.42,0.37,0.41,3534731200,0.35669914682934983,12,1,indicator < open
AAPL,-0.12752919136944177,0.14617015275228895,1988-07-01,0.42,0.42,0.38,0.4,2186419200,0.36643773962483445,12,1,indicator < open
AAPL,-0.07099708925515799,0.0764228921502894,1988-08-01,0.4,0.41,0.35,0.36,2653313600,0.3716011642979368,12,1,indicator < open
AAPL,0.05222259500600116,-0.049630748525888974,1988-09-01,0.35,0.4,0.34,0.39,3060321600,0.3682779082521004,12,0,indicator < open
AAPL,-0.026101823730140833,0.026801388857830896,1988-10-01,0.38,0.39,0.33,0.34,3563649600,0.3700813069825465,12,1,indicator < open
AAPL,0.0748629811782831,-0.06964885989116217,1988-11-01,0.34,0.35,0.32,0.34,2939865600,0.3654534136006163,12,0,indicator < open
AAPL,0.06334559945854729,-0.059571976872620426,1988-12-01,0.34,0.38,0.33,0.36,2946070400,0.3615375038159061,12,0,indicator < open
AAPL,0.003613791020292165,-0.0036007785590693397,1989-01-01,0.36,0.39,0.32,0.34,7345833600,0.36130096476730517,12,0,indicator < open
AAPL,0.05301145077836123,-0.050342710650654765,1989-02-01,0.34,0.36,0.31,0.32,4886268800,0.35802389326464285,12,0,indicator < open
AAPL,0.10054394853631528,-0.09135841296482089,1989-03-01,0.32,0.33,0.3,0.32,3859676800,0.3521740635316209,12,0,indicator < open
AAPL,0.08507564876149755,-0.07840526958521525,1989-04-01,0.32,0.37,0.3,0.35,3966424000,0.3472242076036792,12,0,indicator < open
AAPL,0.017978797203726426,-0.017661268833017118,1989-05-01,0.34,0.44,0.34,0.43,5253382400,0.346112791049267,12,0,indicator < open
AAPL,-0.16507321975993966,0.1977098155990126,1989-06-01,0.43,0.45,0.35,0.37,3941280000,0.35901851550322594,12,1,indicator < open
AAPL,-0.025113582009254634,0.025760520965113127,1989-07-01,0.37,0.38,0.34,0.35,3688630400,0.3607079746565758,12,1,indicator < open
AAPL,0.02588741125765586,-0.02523416407451571,1989-08-01,0.35,0.41,0.35,0.4,3352305600,0.35906059394017953,12,0,indicator < open
AAPL,-0.086602589741928,0.09481370186659412,1989-09-01,0.4,0.42,0.38,0.4,2020849600,0.3653589641032288,12,1,indicator < open
AAPL,-0.07327911439701601,0.07907355443849301,1989-10-01,0.4,0.45,0.38,0.42,4125049600,0.3706883542411936,12,1,indicator < open
AAPL,-0.08113097623768661,0.08829438596754026,1989-11-01,0.41,0.42,0.38,0.4,2524939200,0.37673629974254846,12,1,indicator < open
AAPL,-0.04921167362153214,0.05175881135286793,1989-12-01,0.4,0.41,0.29,0.31,5941185600,0.38031533055138717,12,1,indicator < open
AAPL,0.19192770125688802,-0.16102293876927284,1990-01-01,0.31,0.35,0.29,0.3,3747497600,0.3694975873896353,12,0,indicator < open
AAPL,0.16240036260198212,-0.139711211237457,1990-02-01,0.31,0.31,0.29,0.3,2483891200,0.36034411240661446,12,0,indicator < open
AAPL,0.17020134268532291,-0.14544620355224758,1990-03-01,0.3,0.39,0.3,0.36,4556473600,0.35106040280559686,12,0,indicator < open
AAPL,-0.02101187374752875,0.021462848408551585,1990-04-01,0.36,0.4,0.34,0.35,3642475200,0.35243572545088964,12,1,indicator < open
AAPL,0.0058885670241288456,-0.005854094794565443,1990-05-01,0.35,0.38,0.35,0.37,4115630400,0.3520609984584451,12,0,indicator < open
AAPL,-0.04102474365012558,0.04277977286533661,1990-06-01,0.37,0.4,0.33,0.4,3952054400,0.35482084484945353,12,1,indicator < open
AAPL,-0.09557128974154061,0.10567034046744173,1990-07-01,0.4,0.43,0.36,0.38,4163812800,0.3617714841033838,12,1,indicator < open
AAPL,-0.040589812725258814,0.042307047875483235,1990-08-01,0.38,0.39,0.3,0.33,3128339200,0.36457587116440165,12,1,indicator < open
AAPL,0.08865607990872215,-0.08143626030743839,1990-09-01,0.33,0.33,0.24,0.26,2206948800,0.3592565063698783,12,0,indicator < open
AAPL,0.3230241331564087,-0.2441558888164443,1990-10-01,0.26,0.29,0.22,0.27,5056116800,0.3439862746206663,12,0,indicator < open
AAPL,0.23186581789952385,-0.18822327442682218,1990-11-01,0.27,0.34,0.27,0.33,3254608000,0.33260377083287146,12,0,indicator < open
AAPL,0.006676335468901215,-0.0066320576273320615,1990-12-01,0.33,0.4,0.33,0.38,4094092800,0.3322031907047374,12,0,indicator < open
AAPL,-0.10643014215544302,0.11910668340153134,1991-01-01,0.38,0.5,0.38,0.5,7037307200,0.33955654598093166,12,1,indicator < open
AAPL,-0.2715196914168849,0.37272070118818623,1991-02-01,0.5,0.56,0.49,0.51,5545780800,0.36424015429155754,12,1,indicator < open
AAPL,-0.2418338314921368,0.31897206910206344,1991-03-01,0.51,0.63,0.51,0.61,5210598400,0.38666474593901023,12,1,indicator < open
AAPL,-0.3097966954187752,0.44884846734650424,1991-04-01,0.61,0.65,0.49,0.49,7243051200,0.4210240157945471,12,1,indicator < open
AAPL,-0.017662938508046802,0.01798052745889552,1991-05-01,0.43,0.48,0.39,0.42,7972843200,0.42240493644153987,12,1,indicator < open
AAPL,0.0048451100470583855,-0.004821748146668576,1991-06-01,0.42,0.44,0.36,0.37,4091662400,0.4220349462197645,12,0,indicator < open
AAPL,0.093600082675589,-0.085588949889788,1991-07-01,0.38,0.43,0.37,0.41,3783494400,0.4155680314167238,12,0,indicator < open
AAPL,0.011491246826259356,-0.011360698238680033,1991-08-01,0.41,0.5,0.41,0.47,4172649600,0.4147114111987663,12,0,indicator < open
AAPL,-0.09953755757996237,0.1105404877436645,1991-09-01,0.47,0.48,0.42,0.44,2393070400,0.42321734793741767,12,1,indicator < open
AAPL,-0.032274330889581454,0.03335070249738195,1991-10-01,0.44,0.5,0.42,0.46,3593990400,0.42579929440858416,12,1,indicator < open
AAPL,-0.06291099690728663,0.06713449490887086,1991-11-01,0.46,0.49,0.42,0.45,3696033600,0.43106094142264817,12,1,indicator < open
AAPL,-0.03561190501724284,0.036926943833622876,1991-12-01,0.45,0.52,0.43,0.5,2607169600,0.43397464274224073,12,1,indicator < open
AAPL,-0.11173521997466951,0.125790442768071,1992-01-01,0.5,0.62,0.5,0.58,4703160000,0.44413239001266525,12,1,indicator < open
AAPL,-0.198215346135369,0.2472176851726506,1992-02-01,0.58,0.62,0.55,0.6,2534996800,0.46503509924148595,12,1,indicator < open
AAPL,-0.1903351164543146,0.2350788830321983,1992-03-01,0.6,0.61,0.52,0.52,2985662400,0.4857989301274112,12,1,indicator < open
AAPL,-0.04015260461515484,0.041832279598004105,1992-04-01,0.51,0.55,0.47,0.54,3931390400,0.48952217164627104,12,1,indicator < open
AAPL,-0.07909631223518791,0.08588988543108991,1992-05-01,0.54,0.56,0.52,0.53,2703724800,0.49728799139299856,12,1,indicator < open
AAPL,-0.021090813676774622,0.021545219895209626,1992-06-01,0.51,0.53,0.38,0.43,4851683200,0.49924368502484495,12,1,indicator < open
AAPL,0.13625769861776296,-0.11991795416085453,1992-07-01,0.43,0.44,0.39,0.42,3632809600,0.48859081040563807,12,0,indicator < open
AAPL,0.1381866143703331,-0.12140945309463214,1992-08-01,0.42,0.42,0.37,0.41,2746531200,0.4780383780355399,12,0,indicator < open
AAPL,0.140416915270345,-0.12312770302697418,1992-09-01,0.41,0.45,0.39,0.4,3055662400,0.4675709352608414,12,0,indicator < open
AAPL,0.14293851689793372,-0.12506229756425152,1992-10-01,0.4,0.48,0.37,0.47,3531427200,0.4571754067591735,12,0,indicator < open
AAPL,-0.02308846573634885,0.02363414180973083,1992-11-01,0.47,0.53,0.46,0.51,3126547200,0.459148421103916,12,1,indicator < open
AAPL,-0.08436913542336712,0.09214317547320502,1992-12-01,0.51,0.55,0.49,0.53,3334318400,0.4669717409340828,12,1,indicator < open
AAPL,-0.10062566759435264,0.11188407759558693,1993-01-01,0.53,0.58,0.51,0.53,5542264000,0.4766683961749931,12,1,indicator < open
AAPL,-0.08514479565675996,0.09306914936105551,1993-02-01,0.53,0.55,0.46,0.47,4651281600,0.48487325830191724,12,1,indicator < open
AAPL,0.026776733440440285,-0.026078438056069866,1993-03-01,0.47,0.52,0.45,0.46,3661526400,0.4825850647170069,12,0,indicator < open
AAPL,0.04154443342593246,-0.039887336624978294,1993-04-01,0.46,0.47,0.42,0.46,3914411200,0.47911043937592895,12,0,indicator < open
AAPL,0.035152982129635114,-0.03395921447022678,1993-05-01,0.46,0.53,0.46,0.51,3200545600,0.4761703717796322,12,0,indicator < open
AAPL,-0.040327063142160946,0.04202167383629657,1993-06-01,0.5,0.52,0.34,0.35,7674396800,0.4798364684289195,12,1,indicator < open
AAPL,0.31389036323475056,-0.23890148829614963,1993-07-01,0.35,0.35,0.23,0.25,7142912000,0.45986162713216266,12,0,indicator < open
AAPL,0.7103008918319351,-0.4153075609234575,1993-08-01,0.25,0.27,0.23,0.24,3683164800,0.4275752229579838,12,0,indicator < open
AAPL,0.66132290145443,-0.39807005662503353,1993-09-01,0.24,0.24,0.21,0.21,3668022400,0.39871749634906317,12,0,indicator < open
AAPL,0.8407278691691134,-0.4567366438302527,1993-10-01,0.2,0.29,0.2,0.27,5905323200,0.3681455738338227,12,0,indicator < open
AAPL,0.30757872141653836,-0.23522768945286085,1993-11-01,0.27,0.31,0.27,0.28,3452108800,0.3530462547824654,12,0,indicator < open
AAPL,0.18395458955095995,-0.1553730110719269,1993-12-01,0.29,0.29,0.24,0.26,3956971200,0.34334683096977836,12,0,indicator < open
AAPL,0.27124708303774026,-0.21337085973056866,1994-01-01,0.26,0.31,0.26,0.29,7332035200,0.3305242415898125,12,0,indicator < open
AAPL,0.1182404927023706,-0.10573798165422124,1994-02-01,0.29,0.34,0.29,0.33,4284459200,0.32428974288368745,12,0,indicator < open
AAPL,-0.01464168491362203,0.014859249360816038,1994-03-01,0.33,0.34,0.28,0.3,5257985600,0.32516824397850475,12,1,indicator < open
AAPL,0.10261291346513325,-0.09306340621629049,1994-04-01,0.29,0.31,0.24,0.27,4042136000,0.3197577449048886,12,0,indicator < open
AAPL,0.15593595269338306,-0.1349001666831499,1994-05-01,0.27,0.3,0.25,0.26,3361657600,0.31210270722721345,12,0,indicator < open
AAPL,0.21019377830749164,-0.17368605100701867,1994-06-01,0.25,0.26,0.22,0.24,4671788800,0.3025484445768729,12,0,indicator < open
AAPL,0.22052336229025707,-0.18067934551982268,1994-07-01,0.24,0.3,0.23,0.3,4848065600,0.2929256069496617,12,0,indicator < open
AAPL,-0.01995341629582592,0.020359661089180265,1994-08-01,0.3,0.33,0.29,0.32,4574897600,0.2940139751112522,12,1,indicator < open
AAPL,-0.0687130465808235,0.07378289401408102,1994-09-01,0.32,0.33,0.3,0.3,3232644800,0.2980118250941365,12,1,indicator < open
AAPL,-0.0056076728114098,0.005639296139044206,1994-10-01,0.3,0.39,0.29,0.39,7713484800,0.29831769815657705,12,1,indicator < open
AAPL,-0.18188366807239922,0.2223200551978408,1994-11-01,0.38,0.39,0.32,0.33,4048945600,0.3108842061324883,12,1,indicator < open
AAPL,-0.049014856070542824,0.05154113750716875,1994-12-01,0.33,0.36,0.31,0.35,3787795200,0.3138250974967209,12,1,indicator < open
AAPL,-0.08745580824968568,0.09583734030670911,1995-01-01,0.35,0.43,0.34,0.36,8162100800,0.31939046711261,12,1,indicator < open
AAPL,-0.09544975678660043,0.10552178555335609,1995-02-01,0.36,0.4,0.34,0.35,5299347200,0.32563808755682383,12,1,indicator < open
AAPL,-0.05889693118130495,0.06258287017938896,1995-03-01,0.35,0.36,0.3,0.31,6997144000,0.32938607408654325,12,1,indicator < open
AAPL,0.024818945901917272,-0.024217883559983118,1995-04-01,0.32,0.35,0.3,0.34,5674300800,0.32794206268861353,12,0,indicator < open
AAPL,-0.030008441272681298,0.03093680661721839,1995-05-01,0.34,0.4,0.33,0.37,6384672000,0.3297971299672884,12,1,indicator < open
AAPL,-0.09194003541784355,0.10124885911047705,1995-06-01,0.37,0.45,0.37,0.41,5521947200,0.3359821868953979,12,1,indicator < open
AAPL,-0.16926665643784303,0.20375570301780982,1995-07-01,0.42,0.45,0.38,0.4,5699579200,0.3489080042961059,12,1,indicator < open
AAPL,-0.10807922168131451,0.121175808780965,1995-08-01,0.4,0.41,0.37,0.38,5292918400,0.3567683113274742,12,1,indicator < open
AAPL,-0.05173048084975371,0.05455250833761893,1995-09-01,0.38,0.41,0.31,0.33,7311483200,0.3603424172770936,12,1,indicator < open
AAPL,0.05062592535023293,-0.04818644212815941,1995-10-01,0.34,0.35,0.3,0.32,6498508800,0.3572128146190792,12,0,indicator < open
AAPL,0.06977644774122878,-0.06522526074354855,1995-11-01,0.33,0.38,0.32,0.34,4864294400,0.3530262277546055,12,0,indicator < open
AAPL,0.0324182138689277,-0.03140027310002825,1995-12-01,0.34,0.36,0.28,0.28,6560243200,0.35102219271543544,12,0,indicator < open
AAPL,0.17804883816174807,-0.15113875791395812,1996-01-01,0.29,0.32,0.24,0.25,10300214400,0.3416341630669069,12,0,indicator < open
AAPL,0.310146398072608,-0.236726520432276,1996-02-01,0.25,0.27,0.24,0.25,4652099200,0.327536599518152,12,0,indicator < open
AAPL,0.26243156759989916,-0.20787785598456396,1996-03-01,0.25,0.25,0.21,0.22,3346750400,0.3156078918999748,12,0,indicator < open
AAPL,0.3677226611537492,-0.26885762121068824,1996-04-01,0.22,0.24,0.21,0.22,2867076800,0.3008989854538248,12,0,indicator < open
AAPL,0.3111499440531723,-0.23731072518777757,1996-05-01,0.22,0.26,0.21,0.23,3603902400,0.2884529876916979,12,0,indicator < open
AAPL,0.21504443632397222,-0.17698483273136362,1996-06-01,0.23,0.23,0.18,0.19,4673939200,0.2794602203545136,12,0,indicator < open
AAPL,0.3984058396354856,-0.28490001138677723,1996-07-01,0.19,0.2,0.14,0.2,4803489600,0.26569710953074227,12,0,indicator < open
AAPL,0.2779493095531402,-0.2174963494055414,1996-08-01,0.2,0.22,0.19,0.22,3187374400,0.25558986191062805,12,0,indicator < open
AAPL,0.13688408427164636,-0.12040285035685253,1996-09-01,0.22,0.22,0.18,0.2,3213548800,0.2501144985397622,12,0,indicator < open
AAPL,0.21202287843745546,-0.17493306620646976,1996-10-01,0.2,0.25,0.2,0.21,5816977600,0.2424045756874911,12,0,indicator < open
AAPL,0.13056788738549532,-0.11548876351639639,1996-11-01,0.21,0.24,0.21,0.22,2581364800,0.237419256350954,12,0,indicator < open
AAPL,0.06699713981136156,-0.06279036495187441,1996-12-01,0.22,0.23,0.19,0.19,4147483200,0.23473937075849954,12,0,indicator < open
AAPL,0.19924416127266995,-0.16614144784430446,1997-01-01,0.19,0.2,0.15,0.15,9072739200,0.2278563906418073,12,0,indicator < open
AAPL,0.4391898959281437,-0.30516466045983953,1997-02-01,0.15,0.16,0.14,0.15,4574169600,0.21587848438922155,12,0,indicator < open
AAPL,0.3716222196315063,-0.27093627845380386,1997-03-01,0.15,0.17,0.14,0.16,4502243200,0.20574333294472594,12,0,indicator < open
AAPL,0.24191185691922362,-0.19478987624719815,1997-04-01,0.16,0.18,0.15,0.15,3809724800,0.19870589710707579,12,0,indicator < open
AAPL,0.2747512144501711,-0.21553320470353698,1997-05-01,0.15,0.16,0.15,0.15,2292707200,0.19121268216752565,12,0,indicator < open
AAPL,0.23248179684245251,-0.1886289902520731,1997-06-01,0.15,0.15,0.12,0.13,2572304000,0.18487226952636787,12,0,indicator < open
AAPL,0.4574326697372094,-0.3138619568749542,1997-07-01,0.12,0.16,0.11,0.16,6782372800,0.17489192036846513,12,0,indicator < open
AAPL,0.07875534810245985,-0.0730057544938166,1997-08-01,0.16,0.26,0.16,0.19,17675705600,0.17260085569639358,12,0,indicator < open
AAPL,-0.11591945666910408,0.1311186605604524,1997-09-01,0.2,0.21,0.19,0.19,3606075200,0.1768161086661792,12,1,indicator < open
AAPL,-0.058713686102036006,0.06237601167162046,1997-10-01,0.19,0.22,0.14,0.15,6430043200,0.17884439964061316,12,1,indicator < open
AAPL,0.09965788271478117,-0.090626261386633,1997-11-01,0.16,0.19,0.15,0.16,5547483200,0.175945261234365,12,0,indicator < open
AAPL,0.08432590075866109,-0.0777680406782329,1997-12-01,0.16,0.16,0.11,0.12,5097792000,0.17349214412138578,12,0,indicator < open
AAPL,0.3771881957277202,-0.27388282654311463,1998-01-01,0.12,0.18,0.12,0.16,10211577600,0.16526258348732642,12,0,indicator < open
AAPL,-0.023579901194302883,0.024149340251337012,1998-02-01,0.17,0.21,0.16,0.21,7354166400,0.16599141679696852,12,1,indicator < open
AAPL,-0.1773239616239363,0.21554530988160073,1998-03-01,0.21,0.25,0.19,0.25,10625977600,0.17276196805897337,12,1,indicator < open
AAPL,-0.2370571638946451,0.3107141881097758,1998-04-01,0.24,0.26,0.22,0.24,8081886400,0.18310628066528517,12,1,indicator < open
AAPL,-0.22640951159441947,0.29267359796662434,1998-05-01,0.25,0.28,0.23,0.24,6803339200,0.19339762210139513,12,1,indicator < open
AAPL,-0.16430325541174792,0.19660631260769137,1998-06-01,0.24,0.26,0.23,0.26,3909841600,0.2005672187011805,12,1,indicator < open
AAPL,-0.19342029416775577,0.23980307559087546,1998-07-01,0.26,0.34,0.25,0.31,10927660800,0.2097107235163835,12,1,indicator < open
AAPL,-0.2737424420148341,0.37692198725514037,1998-08-01,0.31,0.39,0.28,0.28,13220872000,0.22513984297540143,12,1,indicator < open
AAPL,-0.1657861888106001,0.1987334500902431,1998-09-01,0.28,0.36,0.27,0.34,8080318400,0.233579867133032,12,1,indicator < open
AAPL,-0.24723110991530256,0.32842896826871454,1998-10-01,0.33,0.37,0.25,0.33,12930926400,0.24841373372795017,12,1,indicator < open
AAPL,-0.20919555454371758,0.26453512716789906,1998-11-01,0.33,0.35,0.28,0.29,10123523200,0.2609654670005732,12,1,indicator < open
AAPL,-0.08471614403015773,0.092557236181547,1998-12-01,0.29,0.37,0.28,0.37,12924105600,0.26543231823125424,12,1,indicator < open
AAPL,-0.25511022256198457,0.34248049884563364,1999-01-01,0.38,0.42,0.33,0.37,15127403200,0.2830581154264459,12,1,indicator < open
AAPL,-0.19882759465885555,0.24817079736313868,1999-02-01,0.37,0.37,0.31,0.31,8116516800,0.29643378997622344,12,1,indicator < open
AAPL,-0.03702935738499801,0.03845325677264955,1999-03-01,0.31,0.33,0.29,0.32,9951995200,0.2985208992106506,12,1,indicator < open
AAPL,-0.05679569920260651,0.06021569150457744,1999-04-01,0.32,0.42,0.3,0.41,15888969600,0.3018253762551659,12,1,indicator < open
AAPL,-0.22324969253155247,0.2874150037470325,1999-05-01,0.41,0.45,0.37,0.39,8908905600,0.31846762606206347,12,1,indicator < open
AAPL,-0.17247232948409658,0.20841880655975237,1999-06-01,0.4,0.44,0.38,0.41,6918620800,0.3310110682063614,12,1,indicator < open
AAPL,-0.16301655717261251,0.1947667645872795,1999-07-01,0.41,0.51,0.4,0.5,11466582400,0.34316321155922885,12,1,indicator < open
AAPL,-0.2654161035151512,0.3613148951198464,1999-08-01,0.5,0.59,0.47,0.58,9244603200,0.3672919482424244,12,1,indicator < open
AAPL,-0.3281780217094015,0.4884895587137924,1999-09-01,0.6,0.72,0.51,0.57,18967468800,0.4030931869743591,12,1,indicator < open
AAPL,-0.22601048157790918,0.29200716056035225,1999-10-01,0.55,0.72,0.53,0.72,14468496000,0.42569423513215,12,1,indicator < open
AAPL,-0.3388259386290737,0.5124610271711617,1999-11-01,0.71,0.93,0.69,0.87,8624929600,0.4694335835733577,12,1,indicator < open
AAPL,-0.40480603253786884,0.6801245554687587,1999-12-01,0.9,1.05,0.81,0.92,9418214400,0.5356745707159181,12,1,indicator < open
AAPL,-0.36395906073035195,0.5722258399723109,2000-01-01,0.94,1.08,0.77,0.93,12555177600,0.5978784829134691,12,1,indicator < open
AAPL,-0.30217838610023495,0.43303099256487027,2000-02-01,0.93,1.07,0.87,1.02,7319782400,0.6489741009267815,12,1,indicator < open
AAPL,-0.3281048541223079,0.4883274661758521,2000-03-01,1.06,1.34,1.02,1.21,8698356800,0.7122088546303537,12,1,indicator < open
AAPL,-0.3481056960626897,0.5339910073768116,2000-04-01,1.21,1.25,0.94,1.11,8662404800,0.7887921077641454,12,1,indicator < open
AAPL,-0.24485702110841312,0.3242525295909112,2000-05-01,1.11,1.13,0.73,0.75,9807750400,0.8382087065696615,12,1,indicator < open
AAPL,0.12542631952226316,-0.11144782856642796,2000-06-01,0.73,1.03,0.72,0.94,8105204800,0.8215612132512521,12,0,indicator < open
AAPL,-0.09866225427925787,0.10946202436065072,2000-07-01,0.93,1.08,0.84,0.91,5746770400,0.8382441035202902,12,1,indicator < open
AAPL,-0.058061099254428,0.06163998451329588,2000-08-01,0.9,1.1,0.79,1.09,5636086400,0.8477450106710148,12,1,indicator < open
AAPL,-0.1880596247437429,0.2316175306399676,2000-09-01,1.09,1.15,0.45,0.46,14516930400,0.8850150090293203,12,1,indicator < open
AAPL,0.713968765917071,-0.4165587962363229,2000-10-01,0.48,0.48,0.31,0.35,21905788800,0.822705007640194,12,0,indicator < open
AAPL,1.1428033151740957,-0.5333216105656653,2000-11-01,0.35,0.41,0.29,0.29,8488373600,0.7499811603109334,12,0,indicator < open
AAPL,1.2691776316462224,-0.5593117144934444,2000-12-01,0.3,0.31,0.24,0.27,8858970400,0.6807532894938667,12,0,indicator < open
AAPL,1.2872610212058497,-0.5627958546363032,2001-01-01,0.27,0.4,0.26,0.39,13709460800,0.6175604757255795,12,0,indicator < open
AAPL,0.5661466180834458,-0.3614901769390284,2001-02-01,0.37,0.39,0.32,0.33,7023766400,0.5794742486908749,12,0,indicator < open
AAPL,0.686109792211448,-0.40691881120716833,2001-03-01,0.32,0.42,0.31,0.39,10799062400,0.5395551335076634,12,0,indicator < open
AAPL,0.32447859340913165,-0.24498590994509198,2001-04-01,0.39,0.48,0.33,0.46,11158991200,0.5165466514295614,12,0,indicator < open
AAPL,0.12513045567951717,-0.11121417525218907,2001-05-01,0.45,0.48,0.34,0.36,7468434400,0.5063087050557827,12,0,indicator < open
AAPL,0.3438879819687202,-0.2558903618327948,2001-06-01,0.36,0.45,0.35,0.42,7638265600,0.48379967350873926,12,0,indicator < open
AAPL,0.12853414076852238,-0.11389477387098956,2001-07-01,0.42,0.45,0.32,0.34,8655102400,0.4739843391227794,12,0,indicator < open
AAPL,0.33344518786212046,-0.2500629128946236,2001-08-01,0.34,0.36,0.31,0.33,5129359200,0.453371363873121,12,0,indicator < open
AAPL,0.3163368304438999,-0.2403160218021277,2001-09-01,0.33,0.34,0.26,0.28,5531523200,0.434391154046487,12,0,indicator < open
AAPL,0.4665666743163067,-0.3181353309653062,2001-10-01,0.28,0.35,0.26,0.31,7544247200,0.4106386688085659,12,0,indicator < open
AAPL,0.2396695569457272,-0.19333342147743002,2001-11-01,0.32,0.38,0.31,0.38,5369744800,0.3966942582226327,12,0,indicator < open
AAPL,0.03717344948359508,-0.035841111727362096,2001-12-01,0.38,0.43,0.36,0.39,4629839200,0.39412591080376613,12,0,indicator < open
AAPL,0.008951680244857513,-0.008872258622618156,2002-01-01,0.39,0.44,0.36,0.44,8515376800,0.39349115529549444,12,0,indicator < open
AAPL,-0.0718420915473276,0.07740287605488942,2002-02-01,0.43,0.46,0.37,0.39,7837424000,0.3991079006346491,12,1,indicator < open
AAPL,0.019760731159988255,-0.01937781143769894,2002-03-01,0.39,0.45,0.39,0.42,5318583200,0.39770668515239543,12,0,indicator < open
AAPL,-0.04491327167099813,0.04702533323814202,2002-04-01,0.42,0.47,0.41,0.43,6422836000,0.40113642589818077,12,1,indicator < open
AAPL,-0.05679773079069969,0.06021797513094835,2002-05-01,0.43,0.46,0.4,0.42,5976157600,0.4055769757599991,12,1,indicator < open
AAPL,-0.029057374842492555,0.029926974148218936,2002-06-01,0.42,0.42,0.29,0.32,8708016800,0.4077959025661531,12,1,indicator < open
AAPL,0.23215262697780878,-0.18841223229562604,2002-07-01,0.32,0.34,0.25,0.27,8118415200,0.3942888406328988,12,0,indicator < open
AAPL,0.38950918716862876,-0.2803214190777124,2002-08-01,0.27,0.29,0.25,0.26,5151686400,0.3751674805355298,12,0,indicator < open
AAPL,0.3748054100268721,-0.27262433453731183,2002-09-01,0.26,0.27,0.25,0.26,5291837600,0.35744940660698676,12,0,indicator < open
AAPL,0.3171430392535071,-0.24078101603395213,2002-10-01,0.26,0.29,0.24,0.29,6611432800,0.34245719020591187,12,0,indicator < open
AAPL,0.18874425611676648,-0.1587761666528101,2002-11-01,0.28,0.31,0.27,0.28,4531721600,0.33284839171269465,12,0,indicator < open
AAPL,0.15970667825264862,-0.13771299350735963,2002-12-01,0.28,0.29,0.25,0.26,4530439200,0.32471786991074164,12,0,indicator < open
AAPL,0.21062028669176266,-0.17397716609170694,2003-01-01,0.26,0.27,0.24,0.26,6045832800,0.3147612745398583,12,0,indicator < open
AAPL,0.17821716566226078,-0.15126003155970588,2003-02-01,0.26,0.27,0.25,0.27,4114303200,0.3063364630721878,12,0,indicator < open
AAPL,0.11387495549688492,-0.1022331590587624,2003-03-01,0.27,0.27,0.25,0.25,4028404800,0.30074623798415895,12,0,indicator < open
AAPL,0.17175649779253788,-0.14658036726581716,2003-04-01,0.25,0.27,0.23,0.25,7775342400,0.29293912444813447,12,0,indicator < open
AAPL,0.14533242120907053,-0.12689103924575043,2003-05-01,0.25,0.34,0.25,0.32,10811544800,0.28633310530226763,12,0,indicator < open
AAPL,-0.08902303886419612,0.09772260184626667,2003-06-01,0.32,0.35,0.3,0.34,6113335200,0.29151262756345725,12,1,indicator < open
AAPL,-0.12066993140316068,0.13722939282141866,2003-07-01,0.34,0.39,0.33,0.38,5218270400,0.2989722233229254,12,1,indicator < open
AAPL,-0.18042622337000414,0.22014640843182956,2003-08-01,0.38,0.41,0.35,0.4,4307564800,0.31143803511939844,12,1,indicator < open
AAPL,-0.18734261801665722,0.23053087582793558,2003-09-01,0.4,0.42,0.36,0.37,5347484800,0.32506295279333713,12,1,indicator < open
AAPL,-0.10276663602355328,0.11453724320738813,2003-10-01,0.37,0.45,0.36,0.41,7040191200,0.3319763446712853,12,1,indicator < open
AAPL,-0.16102442938383893,0.19192981896431052,2003-11-01,0.41,0.42,0.35,0.37,4974104800,0.343979983952626,12,1,indicator < open
AAPL,-0.08020651346581248,0.08720056690989766,2003-12-01,0.38,0.39,0.34,0.38,5453873600,0.34952152488299126,12,1,indicator < open
AAPL,-0.06786704985568752,0.07280833688496943,2004-01-01,0.38,0.44,0.38,0.4,7927802400,0.35421052105483875,12,1,indicator < open
AAPL,-0.09686235930707193,0.1072509382210609,2004-02-01,0.4,0.43,0.39,0.43,4922030400,0.36125505627717125,12,1,indicator < open
AAPL,-0.13527627566209594,0.15643872355378405,2004-03-01,0.43,0.5,0.42,0.48,11626115200,0.37183120146529874,12,1,indicator < open
AAPL,-0.19068217690412076,0.2356085229591327,2004-04-01,0.48,0.53,0.46,0.46,8930174400,0.388472555086022,12,1,indicator < open
AAPL,-0.13157222308591274,0.15150623527203122,2004-05-01,0.46,0.51,0.46,0.5,5304275200,0.39947677738048015,12,1,indicator < open
AAPL,-0.17011622289457207,0.2049880086678217,2004-06-01,0.5,0.61,0.49,0.58,8227234400,0.41494188855271397,12,1,indicator < open
AAPL,-0.23018073224293464,0.29900619779703097,2004-07-01,0.57,0.6,0.51,0.58,9696579200,0.4387969826215272,12,1,indicator < open
AAPL,-0.18313642735758257,0.22419463113671081,2004-08-01,0.56,0.63,0.53,0.62,8011365600,0.4574436006797538,12,1,indicator < open
AAPL,-0.2116166951478825,0.268418539364652,2004-09-01,0.61,0.7,0.61,0.69,7673506400,0.48091381595979166,12,1,indicator < open
AAPL,-0.26482945323541657,0.36022859512109967,2004-10-01,0.7,0.95,0.67,0.94,16094366400,0.5146193827352084,12,1,indicator < open
AAPL,-0.38291217593393684,0.6205148781106783,2004-11-01,0.94,1.24,0.93,1.2,17439604000,0.5800625546220993,12,1,indicator < open
AAPL,-0.440515696068462,0.7873602404445046,2004-12-01,1.21,1.21,1.1,1.15,15948615200,0.6769760077571609,12,1,indicator < open
AAPL,-0.352338455880055,0.5440163293295719,2005-01-01,1.16,1.39,1.12,1.37,25708244800,0.7512873911791361,12,1,indicator < open
AAPL,-0.38549825512984964,0.627334679434163,2005-02-01,1.38,1.62,1.37,1.6,21448946400,0.8480124079208075,12,1,indicator < open
AAPL,-0.4004712619623086,0.667976756665719,2005-03-01,1.61,1.61,1.39,1.49,14675920000,0.9652412682406832,12,1,indicator < open
AAPL,-0.3016587717616659,0.4319647180543005,2005-04-01,1.5,1.59,1.21,1.29,19375518400,1.0475118423575012,12,1,indicator < open
AAPL,-0.15905603661702367,0.1891398755954772,2005-05-01,1.29,1.46,1.18,1.42,12858294400,1.0848177127640395,12,1,indicator < open
AAPL,-0.1997294235967262,0.2495773673129252,2005-06-01,1.42,1.46,1.27,1.31,11327195600,1.1363842184926487,12,1,indicator < open
AAPL,-0.11770242404317396,0.1334044513445808,2005-07-01,1.32,1.59,1.3,1.52,10094246400,1.1646328002630104,12,1,indicator < open
AAPL,-0.19782587029893148,0.24661212942961847,2005-08-01,1.52,1.73,1.5,1.67,9400806800,1.2193046771456242,12,1,indicator < open
AAPL,-0.23203519008233217,0.3021429980720188,2005-09-01,1.68,1.95,1.65,1.91,12347770400,1.290180880661682,12,1,indicator < open
AAPL,-0.2805105744408728,0.3898744922107554,2005-10-01,1.93,2.07,1.71,2.06,18643447200,1.3886145913291155,12,1,indicator < open
AAPL,-0.27018248474282536,0.3702055364451179,2005-11-01,2.04,2.54,2.03,2.42,13456427600,1.4888277311246363,12,1,indicator < open
AAPL,-0.3340492482060351,0.5016125401257673,2005-12-01,2.46,2.69,2.46,2.57,13064164400,1.6382388494131537,12,1,indicator < open
AAPL,-0.31094067883740145,0.4512538605715026,2006-01-01,2.59,3.09,2.53,2.7,21878371200,1.7846636418111301,12,1,indicator < open
AAPL,-0.28268369518018277,0.39408513828664493,2006-02-01,2.68,2.73,2.25,2.45,18760697200,1.9224076969171102,12,1,indicator < open
AAPL,-0.1849129247627201,0.22686278605128185,2006-03-01,2.46,2.5,2.06,2.24,23192632400,2.0051142050837085,12,1,indicator < open
AAPL,-0.09873750403521542,0.10955465746915251,2006-04-01,2.27,2.57,2.18,2.51,20119282400,2.045865865840061,12,1,indicator < open
AAPL,-0.16191777062205315,0.19320033875701437,2006-05-01,2.53,2.64,2.1,2.13,15608779200,2.1203480403262054,12,1,indicator < open
AAPL,-0.007770365075907289,0.007831216486999741,2006-06-01,2.14,2.25,1.98,2.05,17936623600,2.1233714187375585,12,1,indicator < open
AAPL,0.03028463812807303,-0.02939443820408433,2006-07-01,2.05,2.45,1.79,2.43,17479742000,2.1120835081625495,12,0,indicator < open
AAPL,-0.10150901955807554,0.11297722711489895,2006-08-01,2.4,2.5,2.23,2.42,17887646000,2.1563783530606186,12,1,indicator < open
AAPL,-0.10140779015174868,0.11285184652209904,2006-09-01,2.45,2.78,2.42,2.75,17721558400,2.201550914128216,12,1,indicator < open
AAPL,-0.1510602739549261,0.17793992826636276,2006-10-01,2.68,2.95,2.59,2.9,14387956800,2.275158465800798,12,1,indicator < open
AAPL,-0.18231450599976703,0.22296409479867219,2006-11-01,2.9,3.33,2.78,3.27,13834884000,2.3712879326006755,12,1,indicator < open
AAPL,-0.23442384477937547,0.30620578133316984,2006-12-01,3.28,3.3,2.74,3.03,16890792800,2.5110897891236483,12,1,indicator < open
AAPL,-0.15629401397701964,0.18524701325606407,2007-01-01,3.08,3.49,2.92,3.06,27209781200,2.5986144369507795,12,1,indicator < open
AAPL,-0.13224878105747817,0.15240402798701005,2007-02-01,3.08,3.24,2.96,3.02,13722354800,2.6726737543429673,12,1,indicator < open
AAPL,-0.09232278723659897,0.10171323675244033,2007-03-01,3.0,3.46,2.99,3.32,15918644000,2.723031638290203,12,1,indicator < open
AAPL,-0.1604086991485294,0.19105569458122196,2007-04-01,3.36,3.66,3.2,3.56,13459740000,2.821026770860941,12,1,indicator < open
AAPL,-0.17564186517998376,0.2130649990108146,2007-05-01,3.56,4.36,3.52,4.33,17365068000,2.934714959959258,12,1,indicator < open
AAPL,-0.27133432052080064,0.3723714841554387,2007-06-01,4.32,4.56,4.12,4.36,23279541600,3.1478357353501414,12,1,indicator < open
AAPL,-0.22959057890221596,0.29801112579213285,2007-07-01,4.32,5.32,4.26,4.71,24018573600,3.3281686991424273,12,1,indicator < open
AAPL,-0.2557675263575761,0.34366617342803957,2007-08-01,4.77,4.99,3.99,4.95,24360798000,3.5499888992743616,12,1,indicator < open
AAPL,-0.24538649396895415,0.32518168838454187,2007-09-01,5.0,5.54,4.64,5.48,20931223600,3.773067530155229,12,1,indicator < open
AAPL,-0.267785077596049,0.3657192299726396,2007-10-01,5.52,6.79,5.46,6.78,23277791600,4.041826371669809,12,1,indicator < open
AAPL,-0.3387344203564494,0.5122517045859868,2007-11-01,6.74,6.88,5.38,6.51,26199790400,4.456930006797531,12,1,indicator < open
AAPL,-0.2650677957239203,0.36066972461087954,2007-12-01,6.49,7.25,6.32,7.07,17252678800,4.769710005751757,12,1,indicator < open
AAPL,-0.2793127694115241,0.3875644767334808,2008-01-01,7.12,7.15,4.51,4.83,35173888400,5.1312930817899485,12,1,indicator < open
AAPL,0.045399208650915,-0.04342762867546318,2008-02-01,4.87,4.88,4.12,4.47,24865954400,5.091094146129956,12,0,indicator < open
AAPL,0.12408239098110727,-0.11038549485043286,2008-03-01,4.44,5.2,4.21,5.12,22927273600,4.990925815956117,12,0,indicator < open
AAPL,-0.037132567410591184,0.0385645688635784,2008-04-01,5.22,6.43,5.13,6.21,22786982400,5.026167998116714,12,1,indicator < open
AAPL,-0.16568802487035256,0.1985924088463498,2008-05-01,6.25,6.87,6.14,6.74,18588214400,5.2144498445602965,12,1,indicator < open
AAPL,-0.19152079102758202,0.23689018703524375,2008-06-01,6.74,6.78,5.86,5.98,19475794800,5.449149868474097,12,1,indicator < open
AAPL,-0.060665069411413024,0.06458300169184629,2008-07-01,5.87,6.46,5.23,5.68,19749760800,5.513896042555006,12,1,indicator < open
AAPL,-0.02906026582102833,0.02993004076159448,2008-08-01,5.71,6.44,5.46,6.05,13085755200,5.544065882161928,12,1,indicator < open
AAPL,-0.08460633486786696,0.092426174760183,2008-09-01,6.16,6.2,3.59,4.06,24067562400,5.63882497721394,12,1,indicator < open
AAPL,0.3466745144106411,-0.257430069924773,2008-10-01,4.0,4.16,3.04,3.84,41426711200,5.3866980576425645,12,0,indicator < open
AAPL,0.359659719863008,-0.2645218613222177,2008-11-01,3.78,3.99,2.83,3.31,23619461600,5.13951374108217,12,0,indicator < open
AAPL,0.48783981009683514,-0.32788463300029885,2008-12-01,3.26,3.7,3.02,3.05,20213846800,4.850357780915682,12,0,indicator < open
AAPL,0.49070247031001013,-0.3291753251123026,2009-01-01,3.07,3.47,2.79,3.22,18105740800,4.576456583851731,12,0,indicator < open
AAPL,0.3715777073625795,-0.27091261790561616,2009-02-01,3.18,3.68,3.09,3.19,13867450800,4.361617109413003,12,0,indicator < open
AAPL,0.3254649133954342,-0.2455477395940214,2009-03-01,3.15,3.93,2.94,3.75,15424598000,4.175214477195618,12,0,indicator < open
AAPL,0.10354340879139352,-0.09382812489886085,2009-04-01,3.72,4.54,3.71,4.49,11821681200,4.105181480703984,12,0,indicator < open
AAPL,-0.07252019380257287,0.07819059058536088,2009-05-01,4.49,4.85,4.26,4.85,9457142800,4.164384329826448,12,1,indicator < open
AAPL,-0.1225994688344507,0.13973033350183653,2009-06-01,4.87,5.23,4.75,5.09,12675572000,4.272940586776225,12,1,indicator < open
AAPL,-0.13998878523830416,0.16277553459241137,2009-07-01,5.12,5.89,4.8,5.84,10942136800,4.403257419579883,12,1,indicator < open
AAPL,-0.2146566934109686,0.27332848145517846,2009-08-01,5.9,6.16,5.69,6.01,8165124800,4.633525508875286,12,1,indicator < open
AAPL,-0.1927079410560495,0.23870907550872988,2009-09-01,6.0,6.75,5.86,6.62,9989319200,4.843752353663703,12,1,indicator < open
AAPL,-0.22703606913431632,0.2937214274410534,2009-10-01,6.62,7.45,6.45,6.73,12956176800,5.117021222330826,12,1,indicator < open
AAPL,-0.20754216648923207,0.26189679464681825,2009-11-01,6.78,7.43,6.63,7.14,8454784800,5.372864111203007,12,1,indicator < open
AAPL,-0.21647661172775332,0.2762860879049284,2009-12-01,7.22,7.64,6.74,7.53,11393958800,5.657038863325621,12,1,indicator < open
AAPL,-0.2179746870928545,0.2787309867023907,2010-01-01,7.62,7.7,6.79,6.86,15168994400,5.959032884352449,12,1,indicator < open
AAPL,-0.11220063007639754,0.1263806146720432,2010-02-01,6.87,7.33,6.82,7.31,10776080000,6.099181671375149,12,1,indicator < open
AAPL,-0.14399792375586976,0.1682214655222423,2010-03-01,7.35,8.48,7.34,8.39,12154172800,6.291615260394357,12,1,indicator < open
AAPL,-0.21836204767472855,0.2793646943896849,2010-04-01,8.48,9.73,8.31,9.32,12367129600,6.628289835718302,12,1,indicator < open
AAPL,-0.25076606081249936,0.334696611694393,2010-05-01,9.42,9.57,7.12,9.17,18082654800,7.057783707146256,12,1,indicator < open
AAPL,-0.20192829824405595,0.2530202459249796,2010-06-01,9.27,9.96,8.65,8.98,16651252800,7.398124675277601,12,1,indicator < open
AAPL,-0.15673185845430698,0.18586242113572643,2010-07-01,9.08,9.5,8.56,9.19,15669704400,7.656874725234893,12,1,indicator < open
AAPL,-0.1494985775220528,0.1757769870466374,2010-08-01,9.3,9.44,8.41,8.68,9589120800,7.909663229044909,12,1,indicator < open
AAPL,-0.08905068291425332,0.09775591379676185,2010-09-01,8.84,10.53,8.8,10.13,11849919200,8.052791963038,12,1,indicator < open
AAPL,-0.17943164539050127,0.21866751792529365,2010-10-01,10.22,11.39,9.92,10.75,12234577600,8.386208584109077,12,1,indicator < open
AAPL,-0.1885057786754127,0.23229466547243943,2010-11-01,10.79,11.48,10.63,11.11,9508086000,8.756022648092296,12,1,indicator < open
AAPL,-0.18816608055051745,0.2317790326845617,2010-12-01,11.26,11.67,11.25,11.52,6973234800,9.141249933001173,12,1,indicator < open
AAPL,-0.18107183502207216,0.22110832520573095,2011-01-01,11.63,12.45,11.6,12.12,10841535600,9.524134558693301,12,1,indicator < open
AAPL,-0.18504776837492068,0.22706578520058873,2011-02-01,12.19,13.03,12.06,12.61,9295949600,9.934267703509716,12,1,indicator < open
AAPL,-0.184270474024186,0.225896535746641,2011-03-01,12.7,12.92,11.65,12.45,11306458800,10.359764979892837,12,1,indicator < open
AAPL,-0.1471143738263942,0.1724901549653375,2011-04-01,12.54,12.68,11.43,12.5,9253829200,10.695185752217016,12,1,indicator < open
AAPL,-0.12159239222524375,0.1384236556571614,2011-05-01,12.49,12.57,11.77,12.42,6912060400,10.971311021106706,12,1,indicator < open
AAPL,-0.10109630057924592,0.11246621928955407,2011-06-01,12.46,12.58,11.09,11.99,9263850400,11.200340094782597,12,1,indicator < open
AAPL,-0.05638627536789379,0.059755675331955915,2011-07-01,12.0,14.45,11.94,13.95,10653946800,11.323364695585274,12,1,indicator < open
AAPL,-0.17188863935777618,0.2075670586435038,2011-08-01,14.21,14.27,12.61,13.74,16142599200,11.767462434726001,12,1,indicator < open
AAPL,-0.12357883899751024,0.14100394250654016,2011-09-01,13.78,15.1,13.09,13.62,11977448000,12.077083598614308,12,1,indicator < open
AAPL,-0.0936449553372755,0.10332038850417934,2011-10-01,13.58,15.24,12.65,14.46,13141427600,12.308301506519799,12,1,indicator < open
AAPL,-0.11220623097675621,0.12638772076560775,2011-11-01,14.19,14.57,12.98,13.65,8963701600,12.597793582439829,12,1,indicator < open
AAPL,-0.06579722149544931,0.07043141276113084,2011-12-01,13.66,14.61,13.49,14.46,6306532400,12.761209954372163,12,1,indicator < open
AAPL,-0.10758018784544984,0.1205488564689317,2012-01-01,14.62,16.37,14.61,16.3,6859854400,13.047177653699523,12,1,indicator < open
AAPL,-0.17175436215076947,0.2073712849207118,2012-02-01,16.37,19.56,16.21,19.37,11368554400,13.558381091591905,12,1,indicator < open
AAPL,-0.26022553623198336,0.35176334001383774,2012-03-01,19.58,22.19,18.44,21.41,15584338000,14.484784000577765,12,1,indicator < open
AAPL,-0.2758255216868116,0.38088268773195233,2012-04-01,21.49,23.0,19.82,20.86,15598990400,15.562509538950417,12,1,indicator < open
AAPL,-0.21579112225778038,0.27517046590833666,2012-05-01,20.89,21.31,18.65,20.63,11106345600,16.382123456034968,12,1,indicator < open
AAPL,-0.16431435916461204,0.1966222119125515,2012-06-01,20.33,21.07,19.59,20.86,7855825600,16.989489078183436,12,1,indicator < open
AAPL,-0.15766143582368927,0.18717110023077255,2012-07-01,20.88,22.14,20.36,21.81,8909650400,17.588029220001367,12,1,indicator < open
AAPL,-0.16969118384610127,0.20437116955126827,2012-08-01,22.0,24.32,21.44,23.76,8276206400,18.266793955385772,12,1,indicator < open
AAPL,-0.19617411687506156,0.24405051018314905,2012-09-01,23.78,25.18,23.43,23.83,9199005200,19.114979500711037,12,1,indicator < open
AAPL,-0.17138482555816106,0.20683283488454948,2012-10-01,23.97,24.17,20.99,21.26,12142830000,19.86190573137088,12,1,indicator < open
AAPL,-0.05934542262647775,0.06308949539392124,2012-11-01,21.36,21.54,18.06,20.9,12929851200,20.092381772698435,12,1,indicator < open
AAPL,-0.04420827467459079,0.046253041853380375,2012-12-01,21.2,21.24,17.9,19.01,12132752800,20.262784576898675,12,1,indicator < open
AAPL,0.020652680819341296,-0.02023477839960417,2013-01-01,19.78,19.82,15.54,16.27,13123423600,20.188510026606572,12,0,indicator < open
AAPL,0.19546721525643676,-0.16350696427463932,2013-02-01,16.4,17.32,15.63,15.76,9344034000,19.60566233020556,12,0,indicator < open
AAPL,0.21454989982422365,-0.17664972007759788,2013-03-01,15.64,16.78,14.96,15.81,9176876800,18.99556043325086,12,0,indicator < open
AAPL,0.17242451382353252,-0.14706662287469452,2013-04-01,15.78,15.9,13.75,15.81,10963489600,18.500858828135343,12,0,indicator < open
AAPL,0.1402716645314758,-0.12301600477734556,2013-05-01,15.87,16.63,14.96,16.06,9447530400,18.09611131611452,12,0,indicator < open
AAPL,0.1049079048125166,-0.09494719365802495,2013-06-01,16.1,16.23,13.89,14.16,7018536000,17.78901726748152,12,0,indicator < open
AAPL,0.20059478946344647,-0.16707951027598042,2013-07-01,14.38,16.33,14.33,16.16,6538114800,17.26455307248436,12,0,indicator < open
AAPL,0.051172197114571764,-0.048681079327476055,2013-08-01,16.28,18.35,16.19,17.4,8058338400,17.11308336902523,12,0,indicator < open
AAPL,-0.023876656360994414,0.024460695993583973,2013-09-01,17.61,18.14,15.97,17.03,8630941200,17.189532081482888,12,1,indicator < open
AAPL,0.004927996112489388,-0.004903830057032026,2013-10-01,17.09,19.26,17.08,18.67,7837732000,17.174219453562444,12,0,indicator < open
AAPL,-0.0698700937327954,0.07511864016199406,2013-11-01,18.72,19.94,18.3,19.86,5225155600,17.41203184532207,12,1,indicator < open
AAPL,-0.1069035844743418,0.11969993677717376,2013-12-01,19.93,20.54,19.24,20.04,7057397200,17.799411561426368,12,1,indicator < open
AAPL,-0.08741124907696173,0.09578383361459318,2014-01-01,19.85,20.01,17.63,17.88,8765954400,18.11488670582231,12,1,indicator < open
AAPL,0.007772675226249921,-0.007712726706451847,2014-02-01,17.95,19.69,17.83,18.79,5880366800,18.089519520311185,12,0,indicator < open
AAPL,-0.027185600183467003,0.027945310213946306,2014-03-01,18.69,19.61,18.67,19.17,5001698800,18.181901132571003,12,1,indicator < open
AAPL,-0.04528525824578139,0.047433286892138105,2014-04-01,19.21,21.41,18.26,21.07,6435060800,18.34007018909854,12,1,indicator < open
AAPL,-0.11207054770364626,0.12621559901387502,2014-05-01,21.14,23.01,20.73,22.61,5735668400,18.77082862154492,12,1,indicator < open
AAPL,-0.14460751958074844,0.1690539990600248,2014-06-01,22.64,23.76,22.23,23.23,4827739200,19.366085756691856,12,1,indicator < open
AAPL,-0.14526898952553,0.16995872121790653,2014-07-01,23.38,24.86,23.14,23.9,4140344000,19.983611024893108,12,1,indicator < open
AAPL,-0.13358708135166714,0.15418408298905872,2014-08-01,23.73,25.73,23.32,25.62,3748308000,20.55997855952494,12,1,indicator < open
AAPL,-0.1708081576840231,0.20599353366399126,2014-09-01,25.76,25.93,24.03,25.19,6105680000,21.359981858059566,12,1,indicator < open
AAPL,-0.12751246233780325,0.14614817614411885,2014-10-01,25.15,27.01,23.8,27.0,5441120800,21.943061572204247,12,1,indicator < open
AAPL,-0.160004328573976,0.19048232510810875,2014-11-01,27.06,29.94,26.93,29.73,3281632800,22.73028286878821,12,1,indicator < open
AAPL,-0.1985674396356636,0.2477656255261123,2014-12-01,29.7,29.81,26.57,27.59,4294378400,23.80254704282079,12,1,indicator < open
AAPL,-0.12297191694233207,0.1402143435516947,2015-01-01,27.85,30.0,26.16,29.29,5221053600,24.425232113156053,12,1,indicator < open
AAPL,-0.14579789577270655,0.17068313816037073,2015-02-01,29.51,33.4,29.02,32.12,4546140800,25.20750409574743,12,1,indicator < open
AAPL,-0.1860044638401502,0.22850796543388324,2015-03-01,32.31,32.57,30.41,31.11,4554568400,26.30019577332475,12,1,indicator < open
AAPL,-0.13288423691673512,0.1532485540849001,2015-04-01,31.2,33.63,30.77,31.29,3984542000,27.054011808197863,12,1,indicator < open
AAPL,-0.11988937453588318,0.13622080118923777,2015-05-01,31.52,33.24,30.84,32.57,3816608400,27.741086914628962,12,1,indicator < open
AAPL,-0.12545297451425672,0.14344908948101137,2015-06-01,32.57,32.85,31.12,31.36,3514426800,28.48399662007066,12,1,indicator < open
AAPL,-0.08656218860874866,0.0947652785217051,2015-07-01,31.73,33.24,29.81,30.33,4233122400,28.983381755444405,12,1,indicator < open
AAPL,-0.03889907502433674,0.04047345498634468,2015-08-01,30.38,30.64,23.0,28.19,6427276400,29.19824610076065,12,1,indicator < open
AAPL,0.050948849528984756,-0.048478905088310494,2015-09-01,27.54,29.22,26.84,27.58,4826189200,28.94313131602824,12,0,indicator < open
AAPL,0.051915163116162094,-0.04935299436350947,2015-10-01,27.27,30.31,26.83,29.88,4450048400,28.68572649817774,12,0,indicator < open
AAPL,-0.04242742873164766,0.04430727237252674,2015-11-01,30.2,30.95,27.75,29.58,3002562400,28.91869165230424,12,1,indicator < open
AAPL,-0.021981998146626384,0.022476067009983287,2015-12-01,29.69,29.97,26.2,26.32,3687660800,29.037354475026664,12,1,indicator < open
AAPL,0.1117435874202829,-0.10051201435717336,2016-01-01,25.65,26.46,23.1,24.33,5087392000,28.516223017330255,12,0,indicator < open
AAPL,0.15422392266434748,-0.13361698682205908,2016-02-01,24.12,24.72,23.15,24.17,3243450400,27.839881014664062,12,0,indicator < open
AAPL,0.11889418322032168,-0.1062604355294161,2016-03-01,24.41,27.6,24.35,27.25,2984198400,27.312207012408052,12,0,indicator < open
AAPL,0.00380308692813688,-0.0037886782553888942,2016-04-01,27.19,28.1,23.13,23.43,3489534800,27.293405933576043,12,0,indicator < open
AAPL,0.13700581350275573,-0.12049702110201538,2016-05-01,23.49,25.18,22.37,24.97,3602686000,26.70826655917973,12,0,indicator < open
AAPL,0.06694928407452064,-0.06274832841056069,2016-06-01,24.75,25.47,22.88,23.9,3117990800,26.406994780844386,12,0,indicator < open
AAPL,0.08993246298633047,-0.08251195926390015,2016-07-01,23.87,26.14,23.59,26.05,2743118400,26.01668789148371,12,0,indicator < open
AAPL,-0.002700952530737412,0.002708267432513172,2016-08-01,26.1,27.56,26.0,26.52,2520514000,26.029505138947755,12,1,indicator < open
AAPL,-0.015962896783248883,0.016221844411219096,2016-09-01,26.53,29.05,25.63,28.26,3872062400,26.10650434834041,12,1,indicator < open
AAPL,-0.06226033785078205,0.0663940540896892,2016-10-01,28.18,29.67,28.07,28.39,2747657200,26.42550367936496,12,1,indicator < open
AAPL,-0.05771796551748244,0.061253386359191274,2016-11-01,28.36,28.44,26.02,27.63,2886220000,26.723118497924197,12,1,indicator < open
AAPL,-0.026586267384598176,0.02731240221274182,2016-12-01,27.59,29.5,27.06,28.95,2435086800,26.856484882858936,12,1,indicator < open
AAPL,-0.06118949458895101,0.06517768413995302,2017-01-01,28.95,30.61,28.69,30.34,2252488000,27.178564131649868,12,1,indicator < open
AAPL,-0.12205918075918298,0.13902893917693837,2017-02-01,31.76,34.37,31.75,34.25,2299874400,27.88340041908835,12,1,indicator < open
AAPL,-0.16168484387768217,0.1928688067928607,2017-03-01,34.47,36.12,34.26,35.92,2246513600,28.896723431536294,12,1,indicator < open
AAPL,-0.16563412244556888,0.1985149763447313,2017-04-01,35.93,36.37,35.01,35.91,1493216400,29.97876598053071,12,1,indicator < open
AAPL,-0.14696288316122938,0.1722819327086869,2017-05-01,36.28,39.16,36.07,38.19,2615927200,30.9481865989106,12,1,indicator < open
AAPL,-0.1622435008377029,0.19366426998768257,2017-06-01,38.29,38.99,35.55,36.01,2736712400,32.077696352924356,12,1,indicator < open
AAPL,-0.09677046280812156,0.10713828414976206,2017-07-01,36.22,38.5,35.6,37.18,1688047600,32.714973837089836,12,1,indicator < open
AAPL,-0.10361358491253668,0.1155903114645337,2017-08-01,37.28,41.13,37.1,41.0,2644276000,33.41728555446063,12,1,indicator < open
AAPL,-0.1598391689711222,0.190248298977923,2017-09-01,41.2,41.24,37.29,38.53,2721496400,34.61462623838977,12,1,indicator < open
AAPL,-0.08657658669348976,0.09478253505686957,2017-10-01,38.56,42.41,38.12,42.26,2017165200,35.22160681709904,12,1,indicator < open
AAPL,-0.1444138396549792,0.168789359094756,2017-11-01,42.47,44.06,41.32,42.96,2402653600,36.33674422985303,12,1,indicator < open
AAPL,-0.12253709193405996,0.13964931258934934,2017-12-01,42.49,44.3,41.62,42.31,2124735200,37.283398963721794,12,1,indicator < open
AAPL,-0.10455790278662666,0.11676679386865116,2018-01-01,42.54,45.03,41.17,41.86,2638717600,38.0921068154569,12,1,indicator < open
AAPL,-0.07487404979103222,0.0809338985401065,2018-02-01,41.79,45.15,37.56,44.53,3711577200,38.66101345923276,12,1,indicator < open
AAPL,-0.11316784492741966,0.12760909071701143,2018-03-01,44.63,45.88,41.24,41.94,2854910800,39.57931908088926,12,1,indicator < open
AAPL,-0.042260589590121675,0.044125353024822955,2018-04-01,41.66,44.74,40.16,41.31,2664617200,39.89942383767553,12,1,indicator < open
AAPL,-0.034590121644913444,0.03582946727647931,2018-05-01,41.6,47.59,41.32,46.72,2483905200,40.1610509395716,12,1,indicator < open
AAPL,-0.12312346917301532,0.14041140895502954,2018-06-01,47.0,48.55,45.18,46.28,2110498000,41.21319694886828,12,1,indicator < open
AAPL,-0.08739176802980675,0.09576044239831168,2018-07-01,45.96,48.99,45.85,47.57,1574765600,41.94347434135008,12,1,indicator < open
AAPL,-0.1332042251215334,0.15367428981781778,2018-08-01,49.78,57.22,49.33,56.91,2801275600,43.14909367345007,12,1,indicator < open
AAPL,-0.20673578013208851,0.2606140236181491,2018-09-01,57.1,57.42,53.83,56.44,2715888000,45.29538695445775,12,1,indicator < open
AAPL,-0.1736347044703724,0.21011858243525075,2018-10-01,56.99,58.37,51.52,54.72,3158994000,47.09455819223348,12,1,indicator < open
AAPL,-0.11844673243444359,0.13436140139499322,2018-11-01,54.76,55.59,42.56,44.65,3845305600,48.27385693188987,12,1,indicator < open
AAPL,0.039516355745527684,-0.03801417411771946,2018-12-01,46.12,46.24,36.65,39.44,3595690000,47.942494326983734,12,0,indicator < open
AAPL,0.2015405228798894,-0.16773510259714824,2019-01-01,38.72,42.25,35.5,41.61,3312349600,46.523649045909316,12,0,indicator < open
AAPL,0.09697419834322815,-0.08840153076498,2019-02-01,41.74,43.97,41.48,43.29,1890162400,45.787703038846345,12,0,indicator < open
AAPL,0.043069037318037844,-0.04129068717136682,2019-03-01,43.57,49.42,42.38,47.49,2603925600,45.44651795594691,12,0,indicator < open
AAPL,-0.04350834494899728,0.04548742764167378,2019-04-01,47.91,52.12,47.1,50.17,2024470800,45.82551519349354,12,1,indicator < open
AAPL,-0.10715182722958336,0.12001125218983445,2019-05-01,52.47,53.83,43.75,43.77,2957826400,46.84774362526376,12,1,indicator < open
AAPL,0.05681650583126227,-0.053761940240110086,2019-06-01,43.9,50.39,42.57,49.48,2060874800,46.39424460599241,12,0,indicator < open
AAPL,-0.07323263109649605,0.07901943201036582,2019-07-01,50.79,55.34,49.6,53.26,1895406800,47.070514666608965,12,1,indicator < open
AAPL,-0.10127078975601181,0.11268220572080737,2019-08-01,53.47,54.51,48.15,52.19,2724326400,48.05505087174605,12,1,indicator < open
AAPL,-0.05828393485280646,0.06189119736817538,2019-09-01,51.61,56.6,51.06,55.99,2170268400,48.60196612224666,12,1,indicator < open
AAPL,-0.11530720380485131,0.1303358683384333,2019-10-01,56.27,62.44,53.78,62.19,2433210800,49.78166364190102,12,1,indicator < open
AAPL,-0.17089020141945002,0.20611287155454797,2019-11-01,62.38,67.0,62.29,66.81,1793326000,51.71986923545471,12,1,indicator < open
AAPL,-0.19121570972532193,0.2364236200240506,2019-12-01,66.82,73.49,64.07,73.41,2388794800,54.04296627615398,12,1,indicator < open
AAPL,-0.22869956891741233,0.2965116570678075,2020-01-01,74.06,81.96,73.19,77.38,2934370400,57.122509925976445,12,1,indicator < open
AAPL,-0.21075971606542465,0.26704125518622884,2020-02-01,76.07,81.81,64.09,68.34,3019279200,60.03750839890314,12,1,indicator < open
AAPL,-0.1262874915382058,0.1445412424740719,2020-03-01,70.57,76.0,53.15,63.57,6280072400,61.65789172214881,12,1,indicator < open
AAPL,0.000520321753223133,-0.0005200511592921643,2020-04-01,61.62,73.63,59.22,73.45,3265299200,61.65206222643361,12,0,indicator < open
AAPL,-0.11715538924757105,0.13270216278232938,2020-05-01,71.56,81.06,71.46,79.49,2805936000,63.17636034544382,12,1,indicator < open
AAPL,-0.1732318887986269,0.2095289918075147,2020-06-01,79.44,93.1,79.3,91.2,3243375600,65.67845875383708,12,1,indicator < open
AAPL,-0.23732299071984095,0.3111710302423232,2020-07-01,91.28,106.42,89.14,106.26,3020283200,69.61715740709292,12,1,indicator < open
AAPL,-0.3017284718626318,0.4321076539773708,2020-08-01,108.2,131.0,107.89,129.04,4070061100,75.55297934446324,12,1,indicator < open
AAPL,-0.3646123874260692,0.5738424549213959,2020-09-01,132.76,137.98,103.1,115.81,3885245100,84.35405944531504,12,1,indicator < open
AAPL,-0.23941709132263653,0.3147810562019826,2020-10-01,117.64,125.39,107.72,108.86,2894666500,89.47497337680504,12,1,indicator < open
AAPL,-0.15227067451699733,0.17962180844721812,2020-11-01,109.11,121.99,107.32,119.05,2123077300,92.49574670345042,12,1,indicator < open
AAPL,-0.19938389469531784,0.24903807626932556,2020-12-01,121.01,138.79,120.01,132.69,2322189600,96.8825549029196,12,1,indicator < open
AAPL,-0.23218180858406956,0.30239164841341415,2021-01-01,133.52,145.09,126.38,131.96,2240262000,102.51908491785504,12,1,indicator < open
AAPL,-0.1975787582479336,0.24622822523557003,2021-02-01,133.75,137.88,118.39,121.26,1833855600,107.32384108433888,12,1,indicator < open
AAPL,-0.112315616517341,0.12652652069499326,2021-03-01,123.75,128.72,116.21,122.15,2650418200,109.85094245597905,12,1,indicator < open
AAPL,-0.09448962601191262,0.10434957867545722,2021-04-01,123.66,137.07,122.49,131.46,1889857500,111.97541284736688,12,1,indicator < open
AAPL,-0.12858018472197483,0.14755251426197086,2021-05-01,132.04,134.07,122.25,124.61,1711934900,115.06227240931044,12,1,indicator < open
AAPL,-0.06776893772452407,0.07269542977800736,2021-06-01,125.08,137.41,123.13,136.96,1606590000,116.60346126941653,12,1,indicator < open
AAPL,-0.12386638474851788,0.14137841830548156,2021-07-01,136.6,150.0,135.76,145.86,1919035100,119.67985184335245,12,1,indicator < open
AAPL,-0.1542464469711792,0.18237753352473698,2021-08-01,146.36,153.49,144.5,151.83,1461542800,123.78449002129823,12,1,indicator < open
AAPL,-0.1608124712555024,0.19162876680983665,2021-09-01,152.83,157.26,141.27,141.5,1797835100,128.25303001802158,12,1,indicator < open
AAPL,-0.08137728075121307,0.08858618347449557,2021-10-01,141.9,153.17,138.27,149.8,1565079200,130.35256386140287,12,1,indicator < open
AAPL,-0.105846957991279,0.11837678005712877,2021-11-01,148.99,165.7,147.48,165.3,1691029000,133.21986172887935,12,1,indicator < open
AAPL,-0.17309140057243447,0.2093234980169011,2021-12-01,167.48,182.13,157.8,177.57,2444766700,138.49065223212867,12,1,indicator < open
AAPL,-0.18718517921030225,0.23029252718157964,2022-01-01,177.83,182.94,154.7,174.78,2108446000,144.54285958103196,12,1,indicator < open
AAPL,-0.1432890879872724,0.16725488840877945,2022-02-01,174.01,176.65,152.0,165.12,1627516300,149.07626579933472,12,1,indicator < open
AAPL,-0.08026765504054831,0.08727284136569871,2022-03-01,164.7,179.61,150.1,174.61,2180800100,151.47991721482168,12,1,indicator < open
AAPL,-0.10964109222413539,0.12314257909545842,2022-04-01,174.03,178.49,155.38,157.65,1687795600,154.94916072023372,12,1,indicator < open
AAPL,-0.009507631478737776,0.00959889422765773,2022-05-01,156.71,166.48,132.61,148.84,2401040300,155.220059070967,12,1,indicator < open
AAPL,0.030030610037787713,-0.029155065631191298,2022-06-01,149.9,151.74,129.04,136.72,1749099800,154.40158844466438,12,0,indicator < open
AAPL,0.11420706177555713,-0.10250075205371718,2022-07-01,136.04,163.63,135.66,162.51,1447125400,151.57672868394678,12,0,indicator < open
AAPL,-0.04957455316993467,0.05216038073820484,2022-08-01,161.01,176.15,157.14,157.22,1510239600,153.0280011941088,12,1,indicator < open
AAPL,-0.01951166165671557,0.019899942603788755,2022-09-01,156.64,164.26,138.0,138.2,2084722800,153.58369331809206,12,1,indicator < open
AAPL,0.09412133514719105,-0.08602458623524512,2022-10-01,138.21,157.5,134.37,153.34,1868139700,151.21850973069328,12,0,indicator < open
AAPL,-0.021069221326151213,0.021522687594615782,2022-11-01,155.08,155.45,134.38,148.03,1724847700,151.81258515674048,12,1,indicator < open
AAPL,0.02056771666198448,-0.020153211125721486,2022-12-01,148.21,150.92,125.87,129.93,1675731200,151.25834128647273,12,0,indicator < open
AAPL,0.13625195091707804,-0.119913502288914,2023-01-01,130.28,147.23,124.17,144.29,1443652500,148.03090416547693,12,0,indicator < open
AAPL,0.023867122862266176,-0.023310762040629426,2023-02-01,143.97,157.38,141.32,147.41,1307198900,147.40614967848046,12,0,indicator < open
AAPL,0.0033202429095316242,-0.0033092553778275627,2023-03-01,146.83,165.0,143.9,164.9,1520266600,147.31751126640654,12,0,indicator < open
AAPL,-0.08732217412680252,0.0956768880007112,2023-04-01,164.27,169.85,159.78,169.68,969776400,149.92558645619016,12,1,indicator < open
AAPL,-0.09674392403205812,0.10710575506329804,2023-05-01,169.28,179.35,164.31,177.25,1275364700,152.9031885398532,12,1,indicator < open
AAPL,-0.11807494310272919,0.1338831935653722,2023-06-01,177.7,194.48,176.93,193.97,1297383300,156.718082610645,12,1,indicator < open
AAPL,-0.1618334396988277,0.19308028662068943,2023-07-01,193.78,198.23,186.6,196.45,996114000,162.41991605516117,12,1,indicator < open
AAPL,-0.14582650890323753,0.17072235374103648,2023-08-01,196.24,196.73,171.96,187.87,1322657800,167.62300589282867,12,1,indicator < open
AAPL,-0.09764547557974829,0.10821187563999188,2023-09-01,189.49,189.98,167.62,171.21,1337823000,170.9871588323935,12,1,indicator < open
AAPL,-0.0011506801163017875,0.0011520057063619644,2023-10-01,171.22,182.34,165.67,170.77,1172816900,171.0229805504868,12,1,indicator < open
AAPL,0.0001137139250359439,-0.0001137009956494481,2023-11-01,171.0,192.93,170.12,189.95,1099651600,171.01944508118115,12,0,indicator < open
AAPL,-0.08584931600863586,0.09391155912480494,2023-12-01,190.33,199.62,187.45,192.53,1063181200,173.99029968407635,12,1,indicator < open
AAPL,-0.059498429262894864,0.06326244539524138,2024-01-01,187.15,196.38,180.17,184.4,1187490800,176.01486896344923,12,1,indicator < open
AAPL,-0.036676927007763184,0.03807334012444935,2024-02-01,183.99,191.05,179.25,180.75,1161553500,177.24181219984166,12,1,indicator < open
AAPL,-0.01087764959481682,0.010997274088853528,2024-03-01,179.55,180.53,168.49,171.48,1433151800,177.59691801525065,12,1,indicator < open
AAPL,0.031667961449831764,-0.03069588533633234,2024-04-01,171.19,178.36,164.08,170.33,1246144100,176.6112383205967,12,0,indicator < open
AAPL,0.03508379141524478,-0.033894638971474544,2024-05-01,169.58,193.0,169.11,192.25,1336511300,175.52950934819722,12,0,indicator < open
AAPL,-0.07619547679939011,0.08248008630159498,2024-06-01,192.9,220.2,192.15,210.62,1717952100,178.20189252539765,12,1,indicator < open
AAPL,-0.13519992681649143,0.15633662739966295,2024-07-01,212.09,237.23,211.92,222.08,1153099800,183.41544752149034,12,1,indicator < open
AAPL,-0.15444957925391312,0.18266158405743763,2024-08-01,224.37,232.92,196.0,229.0,1122667000,189.71614790279952,12,1,indicator < open
AAPL,-0.1437734120018193,0.16791514537986388,2024-09-01,228.55,233.09,213.92,233.0,1232097700,195.6905866869842,12,1,indicator < open
AAPL,-0.12471631312276249,0.14248673315015697,2024-10-01,229.52,237.49,221.33,225.91,930736000,200.89511181206356,12,1,indicator < open
AAPL,-0.07687217202032333,0.08327359406829163,2024-11-01,220.97,237.81,219.71,237.33,891588300,203.98355614866915,12,1,indicator < open
AAPL,-0.1187063366189896,0.1346955521767654,2024-12-01,237.27,260.1,237.16,250.42,977916100,209.10454751041235,12,1,indicator < open
AAPL,-0.1353732366483825,0.156568408920891,2025-01-01,248.93,249.1,219.38,236.0,1200176400,215.23154020111815,12,1,indicator < open
AAPL,-0.05429769782221315,0.05741521163390959,2025-02-01,229.99,250.0,225.7,241.84,862272300,217.5020724778692,12,1,indicator < open
AAPL,-0.08499658086751652,0.0928920909914216,2025-03-01,241.79,244.03,208.42,222.13,1115239500,221.23867671204317,12,1,indicator < open
AAPL,0.005499660137417616,-0.005469579310117319,2025-04-01,219.81,225.19,169.21,212.5,1607318600,221.01888029480577,12,0,indicator < open
AAPL,0.04831705318643697,-0.04609011466480844,2025-05-01,209.08,214.56,193.25,200.85,1195728200,219.18212948022025,12,0,indicator < open
AAPL,0.07985874555715178,-0.07395295531541837,2025-06-01,200.28,207.39,195.07,205.17,1100409300,216.27410956018636,12,0,indicator < open
AAPL,0.0393214024446443,-0.03783372723024302,2025-07-01,206.67,216.23,206.14,207.57,1079935600,214.79655424323462,12,0,indicator < open
AAPL,0.015756005951745963,-0.015511605010873508,2025-08-01,210.87,235.12,201.5,232.14,1218079100,214.19246897504468,12,0,indicator < open
AAPL,-0.0555768278750134,0.05884737850085096,2025-09-01,229.25,257.6,225.95,254.63,1265536400,216.50901220965318,12,1,indicator < open
AAPL,-0.12783541215067776,0.14657257807945187,2025-10-01,255.04,277.32,244.0,270.37,1097142200,222.43685648509114,12,1,indicator < open
AAPL,-0.15014097121400832,0.17666573646747274,2025-11-01,270.42,280.38,265.32,278.85,877578200,229.81887856430788,12,1,indicator < open
AAPL,-0.14667494965388994,0.17188637506234974,2025-12-01,278.01,288.62,266.95,271.86,924528800,237.23289724672205,12,1,indicator < open
AAPL,-0.10886034567807283,0.1221585698157549,2026-01-01,272.26,277.84,243.42,259.48,1040017300,242.62168228568788,12,1,indicator < open
AAPL,-0.05664775214026573,0.06004941660846989,2026-02-01,260.03,280.91,255.45,264.18,988921000,245.29988501096668,12,1,indicator < open
AAPL,-0.055172400465322,0.05839414565418504,2026-03-01,262.41,266.53,253.68,260.83,279734200,247.93221039389488,12,1,indicator < open
