symbol,moving_average_minus_open_over_open,open_minus_moving_average_over_moving_average,date,open,high,low,close,volume,EMA_24_months,moving_average_window_months,condition,screening_rule
AAPL,0.0,0.0,1985-01-01,0.13,0.14,0.12,0.13,6366416000,0.13,24,0,indicator < close
AAPL,0.0,0.0,1985-02-01,0.13,0.14,0.11,0.11,4733388800,0.13,24,0,indicator < close
AAPL,0.1672727272727274,-0.14330218068535835,1985-03-01,0.11,0.12,0.09,0.1,4615587200,0.12840000000000001,24,0,indicator < close
AAPL,0.2612800000000001,-0.20715463655968547,1985-04-01,0.1,0.1,0.09,0.09,2868028800,0.12612800000000002,24,0,indicator < close
AAPL,0.36930844444444466,-0.26970435035495627,1985-05-01,0.09,0.1,0.08,0.08,4639129600,0.12323776000000002,24,0,indicator < close
AAPL,0.49723424000000027,-0.33210183598259163,1985-06-01,0.08,0.08,0.07,0.08,5811388800,0.11977873920000003,24,0,indicator < close
AAPL,0.45745550080000025,-0.3138727052379315,1985-07-01,0.08,0.08,0.07,0.07,2600595200,0.11659644006400002,24,0,indicator < close
AAPL,0.6124103551268574,-0.37981048259807015,1985-08-01,0.07,0.07,0.06,0.07,1818745600,0.11286872485888003,24,0,indicator < close
AAPL,0.5634175267167089,-0.3603755983853698,1985-09-01,0.07,0.08,0.07,0.07,1797196800,0.10943922687016963,24,0,indicator < close
AAPL,0.5183441245793723,-0.3413877764521725,1985-10-01,0.07,0.09,0.07,0.08,3785913600,0.10628408872055607,24,0,indicator < close
AAPL,0.30226702028639496,-0.23210832769144402,1985-11-01,0.08,0.09,0.08,0.09,2884672000,0.1041813616229116,24,0,indicator < close
AAPL,0.1449650299230964,-0.1266108799260299,1985-12-01,0.09,0.1,0.09,0.1,3571209600,0.10304685269307867,24,0,indicator < close
AAPL,0.028031044776323788,-0.027266729850967394,1986-01-01,0.1,0.11,0.1,0.1,6291801600,0.10280310447763238,24,0,indicator < close
AAPL,0.025788561194217963,-0.02514023081344858,1986-02-01,0.1,0.12,0.1,0.11,3420860800,0.1025788561194218,24,1,indicator < close
AAPL,-0.06206774881938124,0.0661750875303133,1986-03-01,0.11,0.13,0.11,0.13,4264332800,0.10317254762986806,24,1,indicator < close
AAPL,-0.18985581677324134,0.23434818234089677,1986-04-01,0.13,0.15,0.12,0.14,4462684800,0.10531874381947863,24,1,indicator < close
AAPL,-0.22790539775771193,0.29517807415805997,1986-05-01,0.14,0.17,0.13,0.17,4954051200,0.10809324431392034,24,1,indicator < close
AAPL,-0.33502479547760755,0.5038154704102593,1986-06-01,0.17,0.17,0.15,0.16,4063360000,0.11304578476880672,24,1,indicator < close
AAPL,-0.2699867375793613,0.3698381268911702,1986-07-01,0.16,0.17,0.13,0.14,5691638400,0.1168021219873022,24,1,indicator < close
AAPL,-0.152443198369157,0.17986192556750233,1986-08-01,0.14,0.17,0.14,0.17,3643516800,0.11865795222831803,24,1,indicator < close
AAPL,-0.2778510820585143,0.38475593489849685,1986-09-01,0.17,0.17,0.14,0.15,3578198400,0.12276531605005259,24,1,indicator < close
AAPL,-0.16703939489301073,0.20053696881805766,1986-10-01,0.15,0.16,0.14,0.15,2984038400,0.12494409076604839,24,1,indicator < close
AAPL,-0.20157147809522177,0.25246026734408356,1986-11-01,0.16,0.18,0.15,0.18,5206163200,0.12774856350476452,24,1,indicator < close
AAPL,-0.26706289764231467,0.36437355508847413,1986-12-01,0.18,0.2,0.17,0.18,4762576000,0.13192867842438336,24,1,indicator < close
AAPL,-0.24569786583092945,0.3257287162545113,1987-01-01,0.18,0.26,0.18,0.25,8268915200,0.1357743841504327,24,1,indicator < close
AAPL,-0.4203502663264077,0.7251797799722823,1987-02-01,0.25,0.32,0.23,0.31,6616176000,0.14491243341839807,24,1,indicator < close
AAPL,-0.4899372943712057,0.9605432605922866,1987-03-01,0.31,0.31,0.28,0.29,5959318400,0.15811943874492623,24,1,indicator < close
AAPL,-0.40046470126667094,0.6679585040493106,1987-04-01,0.28,0.36,0.28,0.35,6813161600,0.16786988364533215,24,1,indicator < close
AAPL,-0.4787420201322697,0.9184358582937204,1987-05-01,0.35,0.37,0.32,0.35,3838956800,0.1824402929537056,24,1,indicator < close
AAPL,-0.4404426585216881,0.7871269410174638,1987-06-01,0.35,0.39,0.34,0.36,3497536000,0.19584506951740915,24,1,indicator < close
AAPL,-0.41950704456662097,0.7226737906809383,1987-07-01,0.36,0.4,0.33,0.37,3070256000,0.20897746395601643,24,1,indicator < close
AAPL,-0.4003803598931483,0.6677238921356893,1987-08-01,0.37,0.48,0.36,0.48,3119300800,0.22185926683953514,24,1,indicator < close
AAPL,-0.5034479071584238,1.0138873935207593,1987-09-01,0.49,0.52,0.43,0.5,3075486400,0.24331052549237234,24,1,indicator < close
AAPL,-0.4810868951902303,0.9271049251427051,1987-10-01,0.51,0.53,0.25,0.34,6575699200,0.26464568345298256,24,1,indicator < close
AAPL,-0.22435991778073144,0.28925776648724855,1987-11-01,0.35,0.36,0.27,0.29,4234238400,0.271474028776744,24,1,indicator < close
AAPL,-0.08747964508465175,0.09586596574359918,1987-12-01,0.3,0.39,0.27,0.38,4702264000,0.27375610647460447,24,1,indicator < close
AAPL,-0.25722205800885234,0.3462973837366833,1988-01-01,0.38,0.41,0.34,0.37,6221600000,0.2822556179566361,24,1,indicator < close
AAPL,-0.21817522021593172,0.2790589731323039,1988-02-01,0.37,0.39,0.34,0.38,3368467200,0.28927516852010526,24,1,indicator < close
AAPL,-0.23760729477308506,0.3116599793571802,1988-03-01,0.39,0.43,0.35,0.36,4882102400,0.29733315503849683,24,1,indicator < close
AAPL,-0.13843856389880824,0.16068333388421113,1988-04-01,0.35,0.38,0.34,0.37,3297929600,0.3015465026354171,24,1,indicator < close
AAPL,-0.14938115993171183,0.1756146853268844,1988-05-01,0.36,0.39,0.33,0.37,2638507200,0.30622278242458373,24,1,indicator < close
AAPL,-0.15858118964698098,0.18846879543903697,1988-06-01,0.37,0.42,0.37,0.41,3534731200,0.31132495983061703,24,1,indicator < close
AAPL,-0.238050087990077,0.3124222264979759,1988-07-01,0.42,0.42,0.38,0.4,2186419200,0.32001896304416766,24,1,indicator < close
AAPL,-0.18395638499841438,0.2254246974263219,1988-08-01,0.4,0.41,0.35,0.36,2653313600,0.32641744600063427,24,1,indicator < close
AAPL,-0.0619884276554756,0.06608492846259655,1988-09-01,0.35,0.4,0.34,0.39,3060321600,0.3283040503205835,24,1,indicator < close
AAPL,-0.1251586150133241,0.14306435104831067,1988-10-01,0.38,0.39,0.33,0.34,3563649600,0.33243972629493684,24,1,indicator < close
AAPL,-0.020457211201935548,0.020884448781494588,1988-11-01,0.34,0.35,0.32,0.34,2939865600,0.33304454819134194,24,1,indicator < close
AAPL,-0.018820634305780723,0.01918164503231726,1988-12-01,0.34,0.38,0.33,0.36,2946070400,0.3336009843360346,24,1,indicator < close
AAPL,-0.06746415114124485,0.07234483395336277,1989-01-01,0.36,0.39,0.32,0.34,7345833600,0.33571290558915184,24,1,indicator < close
AAPL,-0.011600373111706735,0.011736521135916802,1989-02-01,0.34,0.36,0.31,0.32,4886268800,0.33605587314201973,24,0,indicator < close
AAPL,0.046160635283306814,-0.044123850321328734,1989-03-01,0.32,0.33,0.3,0.32,3859676800,0.3347714032906582,24,0,indicator < close
AAPL,0.042467784460642304,-0.04073774278081362,1989-04-01,0.32,0.37,0.3,0.35,3966424000,0.33358969102740554,24,1,indicator < close
AAPL,-0.017345541925843887,0.017651720585319833,1989-05-01,0.34,0.44,0.34,0.43,5253382400,0.3341025157452131,24,1,indicator < close
AAPL,-0.20517601282419515,0.25814018717934445,1989-06-01,0.43,0.45,0.35,0.37,3941280000,0.3417743144855961,24,1,indicator < close
AAPL,-0.07018278560338266,0.07548019601780132,1989-07-01,0.37,0.38,0.34,0.35,3688630400,0.3440323693267484,24,1,indicator < close
AAPL,-0.015686343483975542,0.015936326170153236,1989-08-01,0.35,0.41,0.35,0.4,3352305600,0.34450977978060854,24,1,indicator < close
AAPL,-0.12762750650460036,0.14629932449294195,1989-09-01,0.4,0.42,0.38,0.4,2020849600,0.3489489973981599,24,1,indicator < close
AAPL,-0.11741730598423233,0.1330383053966098,1989-10-01,0.4,0.45,0.38,0.42,4125049600,0.3530330776063071,24,1,indicator < close
AAPL,-0.12782821610292056,0.14656311802676353,1989-11-01,0.41,0.42,0.38,0.4,2524939200,0.35759043139780256,24,1,indicator < close
AAPL,-0.09754200778505417,0.10808481793778806,1989-12-01,0.4,0.41,0.29,0.31,5941185600,0.36098319688597835,24,0,indicator < close
AAPL,0.15130497140354876,-0.13142041002315297,1990-01-01,0.31,0.35,0.29,0.3,3747497600,0.3569045411351001,24,0,indicator < close
AAPL,0.139200573691265,-0.12219145329274543,1990-02-01,0.31,0.31,0.29,0.3,2483891200,0.35315217784429215,24,0,indicator < close
AAPL,0.1630000120558293,-0.1401547810542968,1990-03-01,0.3,0.39,0.3,0.36,4556473600,0.3489000036167488,24,1,indicator < close
AAPL,-0.028366657423864152,0.029194816790307276,1990-04-01,0.36,0.4,0.34,0.35,3642475200,0.3497880033274089,24,1,indicator < close
AAPL,-0.0005572483965251722,0.0005575590954370724,1990-05-01,0.35,0.38,0.35,0.37,4115630400,0.34980496306121617,24,1,indicator < close
AAPL,-0.05021468644238139,0.05286951243149026,1990-06-01,0.37,0.4,0.33,0.4,3952054400,0.3514205660163189,24,1,indicator < close
AAPL,-0.11173269816246653,0.12578724662196644,1990-07-01,0.4,0.43,0.36,0.38,4163812800,0.3553069207350134,24,1,indicator < close
AAPL,-0.059783244536283274,0.06358453429900647,1990-08-01,0.38,0.39,0.3,0.33,3128339200,0.35728236707621236,24,0,indicator < close
AAPL,0.07605993245489498,-0.07068373253279103,1990-09-01,0.33,0.33,0.24,0.26,2206948800,0.35509977771011536,24,0,indicator < close
AAPL,0.3365069057434852,-0.2517808956297834,1990-10-01,0.26,0.29,0.22,0.27,5056116800,0.34749179549330617,24,0,indicator < close
AAPL,0.26404611797719124,-0.20888962374231645,1990-11-01,0.27,0.34,0.27,0.33,3254608000,0.34129245185384166,24,0,indicator < close
AAPL,0.031481986986467675,-0.030521121438527553,1990-12-01,0.33,0.4,0.33,0.38,4094092800,0.34038905570553435,24,1,indicator < close
AAPL,-0.09590018092344312,0.10607255847191198,1991-01-01,0.38,0.5,0.38,0.5,7037307200,0.3435579312490916,24,1,indicator < close
AAPL,-0.28785340650167135,0.40420527055760874,1991-02-01,0.5,0.56,0.49,0.51,5545780800,0.3560732967491643,24,1,indicator < close
AAPL,-0.2776716999818996,0.38441204639904264,1991-03-01,0.51,0.63,0.51,0.61,5210598400,0.3683874330092312,24,1,indicator < close
AAPL,-0.36439928136312666,0.5733147724323334,1991-04-01,0.61,0.65,0.49,0.49,7243051200,0.38771643836849273,24,1,indicator < close
AAPL,-0.09046715511857369,0.09946551752110468,1991-05-01,0.43,0.48,0.39,0.42,7972843200,0.3910991232990133,24,1,indicator < close
AAPL,-0.06330668229739941,0.0675852822914012,1991-06-01,0.42,0.44,0.36,0.37,4091662400,0.39341119343509223,24,0,indicator < close
AAPL,0.03246920515864434,-0.031448110022473046,1991-07-01,0.38,0.43,0.37,0.41,3783494400,0.39233829796028485,24,1,indicator < close
AAPL,-0.039631136284238776,0.04126657764694914,1991-08-01,0.41,0.5,0.41,0.47,4172649600,0.3937512341234621,24,1,indicator < close
AAPL,-0.14925290341790393,0.17543745258436058,1991-09-01,0.47,0.48,0.42,0.44,2393070400,0.39985113539358513,24,1,indicator < close
AAPL,-0.08394762599523103,0.09164064018330244,1991-10-01,0.44,0.5,0.42,0.46,3593990400,0.40306304456209835,24,1,indicator < close
AAPL,-0.11387391087580337,0.12850757050652997,1991-11-01,0.46,0.49,0.42,0.45,3696033600,0.40761800099713047,24,1,indicator < close
AAPL,-0.08664764240586659,0.09486770542105528,1991-12-01,0.45,0.52,0.43,0.5,2607169600,0.41100856091736004,24,1,indicator < close
AAPL,-0.16374424791205744,0.19580642345744692,1992-01-01,0.5,0.62,0.5,0.58,4703160000,0.4181278760439713,24,1,indicator < close
AAPL,-0.2567626793785282,0.3454652669538059,1992-02-01,0.58,0.62,0.55,0.6,2534996800,0.4310776459604536,24,1,indicator < close
AAPL,-0.25901427619397105,0.34955366597828585,1992-03-01,0.6,0.61,0.52,0.52,2985662400,0.44459143428361736,24,1,indicator < close
AAPL,-0.11799192246876866,0.1337764647224454,1992-04-01,0.51,0.55,0.47,0.54,3931390400,0.449824119540928,24,1,indicator < close
AAPL,-0.15363298152286345,0.18152052025762347,1992-05-01,0.54,0.56,0.52,0.53,2703724800,0.4570381899776538,24,1,indicator < close
AAPL,-0.09553895141285984,0.1056308080509397,1992-06-01,0.51,0.53,0.38,0.43,4851683200,0.4612751347794415,24,0,indicator < close
AAPL,0.06691424185368884,-0.06271754488667246,1992-07-01,0.43,0.44,0.39,0.42,3632809600,0.4587731239970862,24,0,indicator < close
AAPL,0.08493160494599845,-0.0782829116220887,1992-08-01,0.42,0.42,0.37,0.41,2746531200,0.45567127407731933,24,0,indicator < close
AAPL,0.10248188329544837,-0.09295561663935732,1992-09-01,0.41,0.45,0.39,0.4,3055662400,0.4520175721511338,24,0,indicator < close
AAPL,0.11964041594760777,-0.10685610687458981,1992-10-01,0.4,0.48,0.37,0.47,3531427200,0.44785616637904313,24,1,indicator < close
AAPL,-0.04334537644953249,0.04530932625262731,1992-11-01,0.47,0.53,0.46,0.51,3126547200,0.4496276730687197,24,1,indicator < close
AAPL,-0.10890694269956439,0.12221724971070667,1992-12-01,0.51,0.55,0.49,0.53,3334318400,0.45445745922322217,24,1,indicator < close
AAPL,-0.1311304481408219,0.15092075428380855,1993-01-01,0.53,0.58,0.51,0.53,5542264000,0.4605008624853644,24,1,indicator < close
AAPL,-0.1206400122895561,0.13719070002680236,1993-02-01,0.53,0.55,0.46,0.47,4651281600,0.4660607934865353,24,1,indicator < close
AAPL,-0.007710787217845773,0.007770705474290577,1993-03-01,0.47,0.52,0.45,0.46,3661526400,0.46637593000761246,24,0,indicator < close
AAPL,0.012751860015224952,-0.012591297551438958,1993-04-01,0.46,0.47,0.42,0.46,3914411200,0.4658658556070035,24,0,indicator < close
AAPL,0.011731711214006981,-0.011595674113970146,1993-05-01,0.46,0.53,0.46,0.51,3200545600,0.46539658715844323,24,1,indicator < close
AAPL,-0.06367027962846439,0.0679998490309589,1993-06-01,0.5,0.52,0.34,0.35,7674396800,0.4681648601857678,24,0,indicator < close
AAPL,0.31060477534544695,-0.23699347140222213,1993-07-01,0.35,0.35,0.23,0.25,7142912000,0.4587116713709064,24,0,indicator < close
AAPL,0.7680589506449356,-0.4344079988762651,1993-08-01,0.25,0.27,0.23,0.24,3683164800,0.4420147376612339,24,0,indicator < close
AAPL,0.7743898277013966,-0.43642598464654575,1993-09-01,0.24,0.24,0.21,0.21,3668022400,0.4258535586483352,24,0,indicator < close
AAPL,1.0389263697823419,-0.5095458007604505,1993-10-01,0.2,0.29,0.2,0.27,5905323200,0.4077852739564684,24,0,indicator < close
AAPL,0.46949056311092946,-0.31949205724534374,1993-11-01,0.27,0.31,0.27,0.28,3452108800,0.396762452039951,24,0,indicator < close
AAPL,0.3386946754370859,-0.25300367712787203,1993-12-01,0.29,0.29,0.24,0.26,3956971200,0.3882214558767549,24,0,indicator < close
AAPL,0.4537066900254403,-0.31210332396385976,1994-01-01,0.26,0.31,0.26,0.29,7332035200,0.3779637394066145,24,0,indicator < close
AAPL,0.2790573801865013,-0.21817424652661907,1994-02-01,0.29,0.34,0.29,0.33,4284459200,0.37092664025408534,24,0,indicator < close
AAPL,0.11409851222351058,-0.10241330633840764,1994-03-01,0.33,0.34,0.28,0.3,5257985600,0.3676525090337585,24,0,indicator < close
AAPL,0.24634589072778573,-0.19765451353471034,1994-04-01,0.29,0.31,0.24,0.27,4042136000,0.36144030831105783,24,0,indicator < close
AAPL,0.3115743838747156,-0.23755753978226357,1994-05-01,0.27,0.3,0.25,0.26,3361657600,0.35412508364617323,24,0,indicator < close
AAPL,0.38318030781791745,-0.27702845800517245,1994-06-01,0.25,0.26,0.22,0.24,4671788800,0.34579507695447936,24,0,indicator < close
AAPL,0.40554779499217103,-0.28853362115261966,1994-07-01,0.24,0.3,0.23,0.3,4848065600,0.33733147079812104,24,0,indicator < close
AAPL,0.11448317711423794,-0.10272310920894508,1994-08-01,0.3,0.33,0.29,0.32,4574897600,0.33434495313427137,24,0,indicator < close
AAPL,0.04124174026103027,-0.0396082280092722,1994-09-01,0.32,0.33,0.3,0.3,3232644800,0.3331973568835297,24,0,indicator < close
AAPL,0.10180522777615775,-0.09239857028236978,1994-10-01,0.3,0.39,0.29,0.39,7713484800,0.3305415683328473,24,1,indicator < close
AAPL,-0.11974146614152753,0.1360298838758881,1994-11-01,0.38,0.39,0.32,0.33,4048945600,0.33449824286621954,24,0,indicator < close
AAPL,0.012540555869460504,-0.012385238099121895,1994-12-01,0.33,0.36,0.31,0.35,3787795200,0.334138383436922,24,1,indicator < close
AAPL,-0.04169339210866216,0.04350736159526697,1995-01-01,0.35,0.43,0.34,0.36,8162100800,0.3354073127619682,24,1,indicator < close
AAPL,-0.0628479784971922,0.06706273587972397,1995-02-01,0.36,0.4,0.34,0.35,5299347200,0.3373747277410108,24,1,indicator < close
AAPL,-0.03318642993791445,0.03432557316689641,1995-03-01,0.35,0.36,0.3,0.31,6997144000,0.3383847495217299,24,0,indicator < close
AAPL,0.05285615487497352,-0.05020263654273852,1995-04-01,0.32,0.35,0.3,0.34,5674300800,0.33691396955999153,24,1,indicator < close
AAPL,-0.008350435308258172,0.008420752255212192,1995-05-01,0.34,0.4,0.33,0.37,6384672000,0.33716085199519225,24,1,indicator < close
AAPL,-0.08165409774168404,0.08891431599018128,1995-06-01,0.37,0.45,0.37,0.41,5521947200,0.3397879838355769,24,1,indicator < close
AAPL,-0.1757025115982601,0.21315424839997518,1995-07-01,0.42,0.45,0.38,0.4,5699579200,0.34620494512873073,24,1,indicator < close
AAPL,-0.1237286262039193,0.14119898230603672,1995-08-01,0.4,0.41,0.37,0.38,5292918400,0.3505085495184323,24,1,indicator < close
AAPL,-0.07140035379747973,0.07689035214418753,1995-09-01,0.38,0.41,0.31,0.33,7311483200,0.3528678655569577,24,0,indicator < close
AAPL,0.034818930330591344,-0.03364736507039721,1995-10-01,0.34,0.35,0.3,0.32,6498508800,0.3518384363124011,24,0,indicator < close
AAPL,0.06088291335578475,-0.05738890935965773,1995-11-01,0.33,0.38,0.32,0.34,4864294400,0.350091361407409,24,0,indicator < close
AAPL,0.0273060367494595,-0.026580235852462848,1995-12-01,0.34,0.36,0.28,0.28,6560243200,0.34928405249481626,24,0,indicator < close
AAPL,0.18807354584562416,-0.15830126552625223,1996-01-01,0.29,0.32,0.24,0.25,10300214400,0.344541328295231,24,0,indicator < close
AAPL,0.34791208812645014,-0.25811185402308806,1996-02-01,0.25,0.27,0.24,0.25,4652099200,0.33697802203161253,24,0,indicator < close
AAPL,0.32007912107633407,-0.24246964895206866,1996-03-01,0.25,0.25,0.21,0.22,3346750400,0.3300197802690835,24,0,indicator < close
AAPL,0.46008271748889473,-0.3151072963045288,1996-04-01,0.22,0.24,0.21,0.22,2867076800,0.32121819784755684,24,0,indicator < close
AAPL,0.4232761000897833,-0.2973956353676438,1996-05-01,0.22,0.26,0.21,0.23,3603902400,0.3131207420197523,24,0,indicator < close
AAPL,0.33248296807900923,-0.2495213642830553,1996-06-01,0.23,0.23,0.18,0.19,4673939200,0.30647108265817213,24,0,indicator < close
AAPL,0.5639652423448336,-0.36059960098556126,1996-07-01,0.19,0.2,0.14,0.2,4803489600,0.2971533960455184,24,0,indicator < close
AAPL,0.4469056218093845,-0.3088699187238764,1996-08-01,0.2,0.22,0.19,0.22,3187374400,0.2893811243618769,24,0,indicator < close
AAPL,0.29013924733148533,-0.2248898697808064,1996-09-01,0.22,0.22,0.18,0.2,3213548800,0.2838306344129268,24,0,indicator < close
AAPL,0.38562091829946327,-0.27830188849395104,1996-10-01,0.2,0.25,0.2,0.21,5816977600,0.27712418365989266,24,0,indicator < close
AAPL,0.29406785222429177,-0.22724299326255348,1996-11-01,0.21,0.24,0.21,0.22,2581364800,0.27175424896710126,24,0,indicator < close
AAPL,0.2164268593169691,-0.17792015825636576,1996-12-01,0.22,0.23,0.19,0.19,4147483200,0.2676139090497332,24,0,indicator < close
AAPL,0.37581471750397116,-0.2731579425068088,1997-01-01,0.19,0.2,0.15,0.15,9072739200,0.26140479632575453,24,0,indicator < close
AAPL,0.6832827507979613,-0.4059227426135334,1997-02-01,0.15,0.16,0.14,0.15,4574169600,0.2524924126196942,24,0,indicator < close
AAPL,0.6286201307341244,-0.3859832743506398,1997-03-01,0.15,0.17,0.14,0.16,4502243200,0.24429301961011865,24,0,indicator < close
AAPL,0.48468486275818223,-0.32645639146462097,1997-04-01,0.16,0.18,0.15,0.15,3809724800,0.23754957804130916,24,0,indicator < close
AAPL,0.5369707453200298,-0.3493695289614775,1997-05-01,0.15,0.16,0.15,0.15,2292707200,0.23054561179800445,24,0,indicator < close
AAPL,0.4940130856944275,-0.3306618197823929,1997-06-01,0.15,0.15,0.12,0.13,2572304000,0.22410196285416412,24,0,indicator < close
AAPL,0.7981150485485917,-0.4438620594343042,1997-07-01,0.12,0.16,0.11,0.16,6782372800,0.215773805825831,24,0,indicator < close
AAPL,0.3206993834985282,-0.24282542076229083,1997-08-01,0.16,0.26,0.16,0.19,17675705600,0.21131190135976452,24,0,indicator < close
AAPL,0.05203474625491672,-0.049461052916885566,1997-09-01,0.2,0.21,0.19,0.19,3606075200,0.21040694925098335,24,0,indicator < close
AAPL,0.09881259637318258,-0.08992670515366344,1997-10-01,0.19,0.22,0.14,0.15,6430043200,0.2087743933109047,24,0,indicator < close
AAPL,0.28045276153770193,-0.21902624599825524,1997-11-01,0.16,0.19,0.15,0.16,5547483200,0.20487244184603232,24,0,indicator < close
AAPL,0.2580165406146858,-0.2050978920266144,1997-12-01,0.16,0.16,0.11,0.12,5097792000,0.20128264649834973,24,0,indicator < close
AAPL,0.6231669564873481,-0.3839204303640625,1998-01-01,0.12,0.18,0.12,0.16,10211577600,0.19478003477848177,24,0,indicator < close
AAPL,0.13410371762472478,-0.11824643155706482,1998-02-01,0.17,0.21,0.16,0.21,7354166400,0.19279763199620323,24,1,indicator < close
AAPL,-0.07536275506425251,0.08150521242467301,1998-03-01,0.21,0.25,0.19,0.25,10625977600,0.19417382143650697,24,1,indicator < close
AAPL,-0.17566701782672328,0.21310201293122305,1998-04-01,0.24,0.26,0.22,0.24,8081886400,0.1978399157215864,24,1,indicator < close
AAPL,-0.19194911014456195,0.23754581865370142,1998-05-01,0.25,0.28,0.23,0.24,6803339200,0.2020127224638595,24,1,indicator < close
AAPL,-0.14561789722187177,0.17043650229607726,1998-06-01,0.24,0.26,0.23,0.26,3909841600,0.20505170466675077,24,1,indicator < close
AAPL,-0.19443242964072804,0.2413607955370074,1998-07-01,0.26,0.34,0.25,0.31,10927660800,0.2094475682934107,24,1,indicator < close
AAPL,-0.29841366829052296,0.4253413369148908,1998-08-01,0.31,0.39,0.28,0.28,13220872000,0.21749176282993787,24,1,indicator < close
AAPL,-0.20538420784448982,0.25846982890606224,1998-09-01,0.28,0.36,0.27,0.34,8080318400,0.22249242180354287,24,1,indicator < close
AAPL,-0.29971809679012296,0.4279963474942124,1998-10-01,0.33,0.37,0.25,0.33,12930926400,0.23109302805925944,24,1,indicator < close
AAPL,-0.2757406490469131,0.38072086840722597,1998-11-01,0.33,0.35,0.28,0.29,10123523200,0.2390055858145187,24,1,indicator < close
AAPL,-0.16177538293325094,0.19299765198898775,1998-12-01,0.29,0.37,0.28,0.37,12924105600,0.2430851389493572,24,1,indicator < close
AAPL,-0.3314780846489247,0.49583727479576856,1999-01-01,0.38,0.42,0.33,0.37,15127403200,0.25403832783340863,24,1,indicator < close
AAPL,-0.2883371307926055,0.40515972276836265,1999-02-01,0.37,0.37,0.31,0.31,8116516800,0.26331526160673596,24,1,indicator < close
AAPL,-0.13854825587678354,0.16083112817630618,1999-03-01,0.31,0.33,0.29,0.32,9951995200,0.2670500406781971,24,1,indicator < close
AAPL,-0.15223113305018326,0.1795667887615346,1999-04-01,0.32,0.42,0.3,0.41,15888969600,0.27128603742394136,24,1,indicator < close
AAPL,-0.311260598951156,0.45192796938458,1999-05-01,0.41,0.45,0.37,0.39,8908905600,0.28238315443002604,24,1,indicator < close
AAPL,-0.2705187448109401,0.3708371433626896,1999-06-01,0.4,0.44,0.38,0.41,6918620800,0.29179250207562396,24,1,indicator < close
AAPL,-0.2652460929034779,0.3609999080530693,1999-07-01,0.41,0.51,0.4,0.5,11466582400,0.30124910190957405,24,1,indicator < close
AAPL,-0.36570165248638375,0.5765451761302806,1999-08-01,0.5,0.59,0.47,0.58,9244603200,0.3171491737568081,24,1,indicator < close
AAPL,-0.4337046002395608,0.7658628348791664,1999-09-01,0.6,0.72,0.51,0.57,18967468800,0.3397772398562635,24,1,indicator < close
AAPL,-0.3516453442404319,0.5423657270239978,1999-10-01,0.55,0.72,0.53,0.72,14468496000,0.3565950606677625,24,1,indicator < close
AAPL,-0.45793316082487107,0.8447909514659018,1999-11-01,0.71,0.93,0.69,0.87,8624929600,0.3848674558143415,24,1,indicator < close
AAPL,-0.5265799340564509,1.1122890049177605,1999-12-01,0.9,1.05,0.81,0.92,9418214400,0.42607805934919424,24,1,indicator < close
AAPL,-0.5029874312752567,1.0120215522232041,2000-01-01,0.94,1.08,0.77,0.93,12555177600,0.4671918146012587,24,1,indicator < close
AAPL,-0.4578317532976796,0.8444459004790332,2000-02-01,0.93,1.07,0.87,1.02,7319782400,0.504216469433158,24,1,indicator < close
AAPL,-0.4823781586051836,0.9319122958670699,2000-03-01,1.06,1.34,1.02,1.21,8698356800,0.5486791518785054,24,1,indicator < close
AAPL,-0.5028224630345248,1.0113539443143458,2000-04-01,1.21,1.25,0.94,1.11,8662404800,0.601584819728225,24,1,indicator < close
AAPL,-0.42138915842345326,0.7282773293277568,2000-05-01,1.11,1.13,0.73,0.75,9807750400,0.642258034149967,24,1,indicator < close
AAPL,-0.11057891586579507,0.12432684342471668,2000-06-01,0.73,1.03,0.72,0.94,8105204800,0.6492773914179696,24,1,indicator < close
AAPL,-0.2777040859091054,0.3844741199438085,2000-07-01,0.93,1.08,0.84,0.91,5746770400,0.671735200104532,24,1,indicator < close
AAPL,-0.23333735100425615,0.3043546614797345,2000-08-01,0.9,1.1,0.79,1.09,5636086400,0.6899963840961695,24,1,indicator < close
AAPL,-0.3376177308546093,0.50970224684638,2000-09-01,1.09,1.15,0.45,0.46,14516930400,0.721996673368476,24,0,indicator < close
AAPL,0.4638269572895789,-0.3168591444363073,2000-10-01,0.48,0.48,0.31,0.35,21905788800,0.7026369394989979,24,0,indicator < close
AAPL,0.9269313838259375,-0.4810401613707219,2000-11-01,0.35,0.41,0.29,0.29,8488373600,0.6744259843390781,24,0,indicator < close
AAPL,1.1482396853065064,-0.534502594454528,2000-12-01,0.3,0.31,0.24,0.27,8858970400,0.6444719055919519,24,0,indicator < close
AAPL,1.2759783449799842,-0.5606285085244103,2001-01-01,0.27,0.4,0.26,0.39,13709460800,0.6145141531445958,24,0,indicator < close
AAPL,0.6079811375487247,-0.37810215763821536,2001-02-01,0.37,0.39,0.32,0.33,7023766400,0.5949530208930282,24,0,indicator < close
AAPL,0.790489935067456,-0.4414936490763768,2001-03-01,0.32,0.42,0.31,0.39,10799062400,0.5729567792215859,24,0,indicator < close
AAPL,0.43159035098425413,-0.30147615250935783,2001-04-01,0.39,0.48,0.33,0.46,11158991200,0.5583202368838591,24,0,indicator < close
AAPL,0.22145470651811197,-0.1813040674667278,2001-05-01,0.45,0.48,0.34,0.36,7468434400,0.5496546179331504,24,0,indicator < close
AAPL,0.4846729124958288,-0.32645097005310286,2001-06-01,0.36,0.45,0.35,0.42,7638265600,0.5344822484984983,24,0,indicator < close
AAPL,0.2507706395681392,-0.20049290544165976,2001-07-01,0.42,0.45,0.32,0.34,8655102400,0.5253236686186185,24,0,indicator < close
AAPL,0.5014640444974381,-0.3339833853066294,2001-08-01,0.34,0.36,0.31,0.33,5129359200,0.510497775129129,24,0,indicator < close
AAPL,0.5032059185418142,-0.3347551472056133,2001-09-01,0.33,0.34,0.26,0.28,5531523200,0.4960579531187987,24,0,indicator < close
AAPL,0.7099047031046242,-0.4151720863833352,2001-10-01,0.28,0.35,0.26,0.31,7544247200,0.4787733168692948,24,0,indicator < close
AAPL,0.45647328599922266,-0.31340999549199167,2001-11-01,0.32,0.38,0.31,0.38,5369744800,0.46607145151975127,24,0,indicator < close
AAPL,0.2083835142057137,-0.17244816050199666,2001-12-01,0.38,0.43,0.36,0.39,4629839200,0.4591857353981712,24,0,indicator < close
AAPL,0.16320737581107056,-0.14030806475695773,2002-01-01,0.39,0.44,0.36,0.44,8515376800,0.45365087656631753,24,0,indicator < close
AAPL,0.05060187544421427,-0.04816465363991364,2002-02-01,0.43,0.46,0.37,0.39,7837424000,0.45175880644101213,24,0,indicator < close
AAPL,0.14568744083520813,-0.12716159367951327,2002-03-01,0.39,0.45,0.39,0.42,5318583200,0.4468181019257312,24,0,indicator < close
AAPL,0.058744413742077894,-0.05548498105831678,2002-04-01,0.42,0.47,0.41,0.43,6422836000,0.4446726537716727,24,0,indicator < close
AAPL,0.03139265458125327,-0.030437151594800455,2002-05-01,0.43,0.46,0.4,0.42,5976157600,0.4434988414699389,24,0,indicator < close
AAPL,0.05147365274367581,-0.04895382077274347,2002-06-01,0.42,0.42,0.29,0.32,8708016800,0.4416189341523438,24,0,indicator < close
AAPL,0.34965443568798854,-0.2590696006639297,2002-07-01,0.32,0.34,0.25,0.27,8118415200,0.43188941942015635,24,0,indicator < close
AAPL,0.5516232069131254,-0.35551363530489555,2002-08-01,0.27,0.29,0.25,0.26,5151686400,0.41893826586654387,24,0,indicator < close
AAPL,0.5623969407585399,-0.35995778415022855,2002-09-01,0.26,0.27,0.25,0.26,5291837600,0.4062232045972204,24,0,indicator < close
AAPL,0.5174051854978569,-0.3409802407707586,2002-10-01,0.26,0.29,0.24,0.29,6611432800,0.3945253482294428,24,0,indicator < close
AAPL,0.3762975727538834,-0.27341294513869996,2002-11-01,0.28,0.31,0.27,0.28,4531721600,0.3853633203710874,24,0,indicator < close
AAPL,0.3461937669335728,-0.2571648862423054,2002-12-01,0.28,0.29,0.25,0.26,4530439200,0.3769342547414004,24,0,indicator < close
AAPL,0.4137673629311092,-0.2926700486799054,2003-01-01,0.26,0.27,0.24,0.26,6045832800,0.3675795143620884,24,0,indicator < close
AAPL,0.3806659738966205,-0.2757118528982619,2003-02-01,0.26,0.27,0.25,0.27,4114303200,0.35897315321312134,24,0,indicator < close
AAPL,0.3031677813187838,-0.23263910116929312,2003-03-01,0.27,0.27,0.25,0.25,4028404800,0.35185530095607165,24,0,indicator < close
AAPL,0.3748275075183438,-0.2726360255876264,2003-04-01,0.25,0.27,0.23,0.25,7775342400,0.34370687687958595,24,0,indicator < close
AAPL,0.3448413069168763,-0.25641784286611796,2003-05-01,0.25,0.34,0.25,0.32,10811544800,0.3362103267292191,24,0,indicator < close
AAPL,0.046604689346504795,-0.044529410025483974,2003-06-01,0.32,0.35,0.3,0.34,6113335200,0.33491350059088154,24,1,indicator < close
AAPL,-0.013763468989379326,0.013955545709988621,2003-07-01,0.34,0.39,0.33,0.38,5218270400,0.33532042054361105,24,1,indicator < close
AAPL,-0.10817161342073106,0.1212919604809152,2003-08-01,0.38,0.41,0.35,0.4,4307564800,0.3388947869001222,24,1,indicator < close
AAPL,-0.1405419901297189,0.16352397501179963,2003-09-01,0.4,0.42,0.36,0.37,5347484800,0.34378320394811246,24,1,indicator < close
AAPL,-0.06518770910199052,0.06973347455601937,2003-10-01,0.37,0.45,0.36,0.41,7040191200,0.3458805476322635,24,1,indicator < close
AAPL,-0.14387779555687213,0.1680575446007252,2003-11-01,0.41,0.42,0.35,0.37,4974104800,0.3510101038216824,24,1,indicator < close
AAPL,-0.07018606443171625,0.07548398851305657,2003-12-01,0.38,0.39,0.34,0.38,5453873600,0.3533292955159478,24,1,indicator < close
AAPL,-0.06457117927717888,0.06902842615783815,2004-01-01,0.38,0.44,0.38,0.4,7927802400,0.35546295187467203,24,1,indicator < close
AAPL,-0.10243521068825437,0.1141257009054487,2004-02-01,0.4,0.43,0.39,0.43,4922030400,0.3590259157246983,24,1,indicator < close
AAPL,-0.1518515291471571,0.1790388527075514,2004-03-01,0.43,0.5,0.42,0.48,11626115200,0.36470384246672244,24,1,indicator < close
AAPL,-0.22098430193878196,0.28367117952662385,2004-04-01,0.48,0.53,0.46,0.46,8930174400,0.37392753506938464,24,1,indicator < close
AAPL,-0.17214492986123067,0.20794090182038127,2004-05-01,0.46,0.51,0.46,0.5,5304275200,0.3808133322638339,24,1,indicator < close
AAPL,-0.21930346863454564,0.2809074458816659,2004-06-01,0.5,0.61,0.49,0.58,8227234400,0.3903482656827272,24,1,indicator < close
AAPL,-0.2899642027577034,0.4083796956208313,2004-07-01,0.57,0.6,0.51,0.58,9696579200,0.404720404428109,24,1,indicator < close
AAPL,-0.25510219272524953,0.3424660271971466,2004-08-01,0.56,0.63,0.53,0.62,8011365600,0.4171427720738603,24,1,indicator < close
AAPL,-0.2908666388394237,0.4101719856521598,2004-09-01,0.61,0.7,0.61,0.69,7673506400,0.4325713503079515,24,1,indicator < close
AAPL,-0.3514776538809779,0.5419669129126229,2004-10-01,0.7,0.95,0.67,0.94,16094366400,0.45396564228331543,24,1,indicator < close
AAPL,-0.475693201169521,0.907280245517709,2004-11-01,0.94,1.24,0.93,1.2,17439604000,0.4928483909006502,24,1,indicator < close
AAPL,-0.5452722978276048,1.199118275008639,2004-12-01,1.21,1.21,1.1,1.15,15948615200,0.5502205196285982,24,1,indicator < close
AAPL,-0.4836182085704221,0.9365516302028168,2005-01-01,1.16,1.39,1.12,1.37,25708244800,0.5990028780583103,24,1,indicator < close
AAPL,-0.5206647479611264,1.086222525354553,2005-02-01,1.38,1.62,1.37,1.6,21448946400,0.6614826478136455,24,1,indicator < close
AAPL,-0.5420099155350597,1.183453384516562,2005-03-01,1.61,1.61,1.39,1.49,14675920000,0.7373640359885539,24,1,indicator < close
AAPL,-0.46775005792702024,0.8788165501817649,2005-04-01,1.5,1.59,1.21,1.29,19375518400,0.7983749131094696,24,1,indicator < close
AAPL,-0.3506163410382077,0.5399217183856437,2005-05-01,1.29,1.46,1.18,1.42,12858294400,0.8377049200607121,24,1,indicator < close
AAPL,-0.37726160108742596,0.605810725251888,2005-06-01,1.42,1.46,1.27,1.31,11327195600,0.8842885264558551,24,1,indicator < close
AAPL,-0.3036776936822828,0.4361165668929771,2005-07-01,1.32,1.59,1.3,1.52,10094246400,0.9191454443393867,24,1,indicator < close
AAPL,-0.36367512579458167,0.5715242960582115,2005-08-01,1.52,1.73,1.5,1.67,9400806800,0.9672138087922358,24,1,indicator < close
AAPL,-0.3903352951852042,0.6402458467786493,2005-09-01,1.68,1.95,1.65,1.91,12347770400,1.024236704088857,24,1,indicator < close
AAPL,-0.4317628146312184,0.7598285113125914,2005-10-01,1.93,2.07,1.71,2.06,18643447200,1.0966977677617484,24,1,indicator < close
AAPL,-0.42541081061725067,0.7403738505317982,2005-11-01,2.04,2.54,2.03,2.42,13456427600,1.1721619463408086,24,1,indicator < close
AAPL,-0.4816304916123805,0.929125814345224,2005-12-01,2.46,2.69,2.46,2.57,13064164400,1.275188990633544,24,1,indicator < close
AAPL,-0.4670371152961928,0.8763032636986485,2006-01-01,2.59,3.09,2.53,2.7,21878371200,1.3803738713828606,24,1,indicator < close
AAPL,-0.44614031280886873,0.805511437511267,2006-02-01,2.68,2.73,2.25,2.45,18760697200,1.4843439616722318,24,1,indicator < close
AAPL,-0.3648794940087588,0.5745043508543098,2006-03-01,2.46,2.5,2.06,2.24,23192632400,1.5623964447384533,24,1,indicator < close
AAPL,-0.28678205763904085,0.40209596619191706,2006-04-01,2.27,2.57,2.18,2.51,20119282400,1.6190047291593772,24,1,indicator < close
AAPL,-0.3312710075784082,0.49537407729073396,2006-05-01,2.53,2.64,2.1,2.13,15608779200,1.691884350826627,24,1,indicator < close
AAPL,-0.19264784917733788,0.23861687738248646,2006-06-01,2.14,2.25,1.98,2.05,17936623600,1.727733602760497,24,1,indicator < close
AAPL,-0.14462687095626464,0.16908044693659044,2006-07-01,2.05,2.45,1.79,2.43,17479742000,1.7535149145396574,24,1,indicator < close
AAPL,-0.24781928275979795,0.3294677423652422,2006-08-01,2.4,2.5,2.23,2.42,17887646000,1.8052337213764849,24,1,indicator < close
AAPL,-0.24211631687087104,0.3194636885059037,2006-09-01,2.45,2.78,2.42,2.75,17721558400,1.856815023666366,24,1,indicator < close
AAPL,-0.28258588739811313,0.3938950773817966,2006-10-01,2.68,2.95,2.59,2.9,14387956800,1.922669821773057,24,1,indicator < close
AAPL,-0.3100495737823405,0.44937949452694265,2006-11-01,2.9,3.33,2.78,3.27,13834884000,2.0008562360312125,24,1,indicator < close
AAPL,-0.3587842264790501,0.5595374307605486,2006-12-01,3.28,3.3,2.74,3.03,16890792800,2.1031877371487155,24,1,indicator < close
AAPL,-0.29177509150103303,0.41198083828967536,2007-01-01,3.08,3.49,2.92,3.06,27209781200,2.1813327181768183,24,1,indicator < close
AAPL,-0.26843308418095035,0.3669289553374858,2007-02-01,3.08,3.24,2.96,3.02,13722354800,2.253226100722673,24,1,indicator < close
AAPL,-0.22901066244504698,0.2970347983946328,2007-03-01,3.0,3.46,2.99,3.32,15918644000,2.312968012664859,24,1,indicator < close
AAPL,-0.2866873298655743,0.40190976814073315,2007-04-01,3.36,3.66,3.2,3.56,13459740000,2.3967305716516702,24,1,indicator < close
AAPL,-0.3006201893484448,0.4298382434980236,2007-05-01,3.56,4.36,3.52,4.33,17365068000,2.4897921259195366,24,1,indicator < close
AAPL,-0.38976649170232097,0.6387169606428565,2007-06-01,4.32,4.56,4.12,4.36,23279541600,2.6362087558459737,24,1,indicator < close
AAPL,-0.3585851723661353,0.5590534501500868,2007-07-01,4.32,5.32,4.26,4.71,24018573600,2.7709120553782958,24,1,indicator < close
AAPL,-0.3855683247488401,0.62752026023273,2007-08-01,4.77,4.99,3.99,4.95,24360798000,2.9308390909480324,24,1,indicator < close
AAPL,-0.380725607265562,0.6147930735266615,2007-09-01,5.0,5.54,4.64,5.48,20931223600,3.09637196367219,24,1,indicator < close
AAPL,-0.4039380060546349,0.6776778425025028,2007-10-01,5.52,6.79,5.46,6.78,23277791600,3.290262206578415,24,1,indicator < close
AAPL,-0.47088409049671487,0.8899450612603272,2007-11-01,6.74,6.88,5.38,6.51,26199790400,3.566241230052142,24,1,indicator < close
AAPL,-0.41446195198028185,0.7078309486155283,2007-12-01,6.49,7.25,6.32,7.07,17252678800,3.8001419316479708,24,1,indicator < close
AAPL,-0.4289704245623409,0.7512227790190401,2008-01-01,7.12,7.15,4.51,4.83,35173888400,4.065730577116133,24,1,indicator < close
AAPL,-0.15193590740311236,0.17915616134373044,2008-02-01,4.87,4.88,4.12,4.47,24865954400,4.130072130946843,24,1,indicator < close
AAPL,-0.06421928818218571,0.06862642857580982,2008-03-01,4.44,5.2,4.21,5.12,22927273600,4.154866360471096,24,1,indicator < close
AAPL,-0.18772470275222064,0.2311097030628477,2008-04-01,5.22,6.43,5.13,6.21,22786982400,4.240077051633408,24,1,indicator < close
AAPL,-0.2958606579995623,0.42017345197476325,2008-05-01,6.25,6.87,6.14,6.74,18588214400,4.400870887502736,24,1,indicator < close
AAPL,-0.3192876533379056,0.469049305339543,2008-06-01,6.74,6.78,5.86,5.98,19475794800,4.588001216502517,24,1,indicator < close
AAPL,-0.2009265555055681,0.251449421689508,2008-07-01,5.87,6.46,5.23,5.68,19749760800,4.690561119182315,24,1,indicator < close
AAPL,-0.1642528494487337,0.19653414234244296,2008-08-01,5.71,6.44,5.46,6.05,13085755200,4.772116229647731,24,1,indicator < close
AAPL,-0.20728134232533893,0.26148159920112424,2008-09-01,6.16,6.2,3.59,4.06,24067562400,4.883146931275912,24,0,indicator < close
AAPL,0.20312379419345983,-0.1688303358089832,2008-10-01,4.0,4.16,3.04,3.84,41426711200,4.812495176773839,24,0,indicator < close
AAPL,0.2512951223894001,-0.20082802041898926,2008-11-01,3.78,3.99,2.83,3.31,23619461600,4.729895562631932,24,0,indicator < close
AAPL,0.4148171526445945,-0.2931948851971528,2008-12-01,3.26,3.7,3.02,3.05,20213846800,4.612303917621378,24,0,indicator < close
AAPL,0.46218879616015235,-0.31609378855446324,2009-01-01,3.07,3.47,2.79,3.22,18105740800,4.4889196042116675,24,0,indicator < close
AAPL,0.37868114335683456,-0.2746691250413535,2009-02-01,3.18,3.68,3.09,3.19,13867450800,4.384206035874734,24,0,indicator < close
AAPL,0.36046652476341456,-0.26495802594341655,2009-03-01,3.15,3.93,2.94,3.75,15424598000,4.285469553004756,24,0,indicator < close
AAPL,0.13984730880762783,-0.12268951089064675,2009-04-01,3.72,4.54,3.71,4.49,11821681200,4.240231988764376,24,1,indicator < close
AAPL,-0.051177409874559925,0.0539378071382069,2009-05-01,4.49,4.85,4.26,4.85,9457142800,4.260213429663226,24,1,indicator < close
AAPL,-0.11519582026895928,0.13019357605654172,2009-06-01,4.87,5.23,4.75,5.09,12675572000,4.3089963552901684,24,1,indicator < close
AAPL,-0.1457272174087979,0.17058628154671437,2009-07-01,5.12,5.89,4.8,5.84,10942136800,4.373876646866955,24,1,indicator < close
AAPL,-0.23797177709871217,0.3122873536004699,2009-08-01,5.9,6.16,5.69,6.01,8165124800,4.4959665151175985,24,1,indicator < close
AAPL,-0.23061846768196817,0.2997452603094711,2009-09-01,6.0,6.75,5.86,6.62,9989319200,4.616289193908191,24,1,indicator < close
AAPL,-0.2784613204840581,0.3859270866405516,2009-10-01,6.62,7.45,6.45,6.73,12956176800,4.7765860583955355,24,1,indicator < close
AAPL,-0.2718496793917562,0.3733427998283002,2009-11-01,6.78,7.43,6.63,7.14,8454784800,4.936859173723893,24,1,indicator < close
AAPL,-0.2909265318800579,0.410291098116291,2009-12-01,7.22,7.64,6.74,7.53,11393958800,5.119510439825982,24,1,indicator < close
AAPL,-0.30189637734384467,0.4324520995825587,2010-01-01,7.62,7.7,6.79,6.86,15168994400,5.319549604639904,24,1,indicator < close
AAPL,-0.2076294561472035,0.26203580857212694,2010-02-01,6.87,7.33,6.82,7.31,10776080000,5.443585636268712,24,1,indicator < close
AAPL,-0.2386260155962972,0.3134149845994353,2010-03-01,7.35,8.48,7.34,8.39,12154172800,5.596098785367215,24,1,indicator < close
AAPL,-0.3128760751724248,0.45534155320081005,2010-04-01,8.48,9.73,8.31,9.32,12367129600,5.826810882537838,24,1,indicator < close
AAPL,-0.3509271749538416,0.5406591701461013,2010-05-01,9.42,9.57,7.12,9.17,18082654800,6.114266011934812,24,1,indicator < close
AAPL,-0.3131904281574943,0.4560076635468222,2010-06-01,9.27,9.96,8.65,8.98,16651252800,6.366724730980027,24,1,indicator < close
AAPL,-0.2749133532487197,0.37914551933959506,2010-07-01,9.08,9.5,8.56,9.19,15669704400,6.583786752501625,24,1,indicator < close
AAPL,-0.2687006653439253,0.3674291122803953,2010-08-01,9.3,9.44,8.41,8.68,9589120800,6.801083812301496,24,1,indicator < close
AAPL,-0.21219489736228778,0.26934948333264325,2010-09-01,8.84,10.53,8.8,10.13,11849919200,6.964197107317376,24,1,indicator < close
AAPL,-0.2930859746837588,0.41459917923207906,2010-10-01,10.22,11.39,9.92,10.75,12234577600,7.224661338731986,24,1,indicator < close
AAPL,-0.3039955114334173,0.43677234332136894,2010-11-01,10.79,11.48,10.63,11.11,9508086000,7.509888431633427,24,1,indicator < close
AAPL,-0.3064034318736454,0.4417603055640075,2010-12-01,11.26,11.67,11.25,11.52,6973234800,7.809897357102753,24,1,indicator < close
AAPL,-0.30219212652325594,0.4330592101485183,2011-01-01,11.63,12.45,11.6,12.12,10841535600,8.115505568534534,24,1,indicator < close
AAPL,-0.30750901369550676,0.44406211745302465,2011-02-01,12.19,13.03,12.06,12.61,9295949600,8.441465123051772,24,1,indicator < close
AAPL,-0.30849229029861175,0.44611547488288605,2011-03-01,12.7,12.92,11.65,12.45,11306458800,8.78214791320763,24,1,indicator < close
AAPL,-0.2756956873882758,0.38063515926636105,2011-04-01,12.54,12.68,11.43,12.5,9253829200,9.082776080151021,24,1,indicator < close
AAPL,-0.25097245846765903,0.33506439289832535,2011-05-01,12.49,12.57,11.77,12.42,6912060400,9.35535399373894,24,1,indicator < close
AAPL,-0.22923549965972526,0.29741315221254105,2011-06-01,12.46,12.58,11.09,11.99,9263850400,9.603725674239824,24,1,indicator < close
AAPL,-0.18371436497494686,0.22506137201508927,2011-07-01,12.0,14.45,11.94,13.95,10653946800,9.795427620300638,24,1,indicator < close
AAPL,-0.2858132715920769,0.4001940392104689,2011-08-01,14.21,14.27,12.61,13.74,16142599200,10.148593410676588,24,1,indicator < close
AAPL,-0.24244514239314502,0.32003641711048963,2011-09-01,13.78,15.1,13.09,13.62,11977448000,10.439105937822461,24,1,indicator < close
AAPL,-0.21278516474251363,0.27030126366065593,2011-10-01,13.58,15.24,12.65,14.46,13141427600,10.690377462796665,24,1,indicator < close
AAPL,-0.22689589388492365,0.29348685654393647,2011-11-01,14.19,14.57,12.98,13.65,8963701600,10.970347265772933,24,1,indicator < close
AAPL,-0.18114791475028558,0.22122177865010054,2011-12-01,13.66,14.61,13.49,14.46,6306532400,11.185519484511099,24,1,indicator < close
AAPL,-0.2161232608925983,0.2757107720005792,2012-01-01,14.62,16.37,14.61,16.3,6859854400,11.460277925750212,24,1,indicator < close
AAPL,-0.2759281801044474,0.38107846835449294,2012-02-01,16.37,19.56,16.21,19.37,11368554400,11.853055691690196,24,1,indicator < close
AAPL,-0.3630637775099601,0.5700159053454328,2012-03-01,19.58,22.19,18.44,21.41,15584338000,12.47121123635498,24,1,indicator < close
AAPL,-0.38609984469769276,0.6289293810449729,2012-04-01,21.49,23.0,19.82,20.86,15598990400,13.192714337446581,24,1,indicator < close
AAPL,-0.3389900818357656,0.5128366042936443,2012-05-01,20.89,21.31,18.65,20.63,11106345600,13.808497190450856,24,1,indicator < close
AAPL,-0.29511965493286824,0.4186804994608857,2012-06-01,20.33,21.07,19.59,20.86,7855825600,14.330217415214788,24,1,indicator < close
AAPL,-0.2885919529694633,0.4056630427137629,2012-07-01,20.88,22.14,20.36,21.81,8909650400,14.854200021997606,24,1,indicator < close
AAPL,-0.29882436271646373,0.4261761915661472,2012-08-01,22.0,24.32,21.44,23.76,8276206400,15.425864020237798,24,1,indicator < close
AAPL,-0.3232045879470659,0.47755138730430274,2012-09-01,23.78,25.18,23.43,23.83,9199005200,16.094194898618774,24,1,indicator < close
AAPL,-0.3022837168656957,0.4332473301436606,2012-10-01,23.97,24.17,20.99,21.26,12142830000,16.724259306729273,24,1,indicator < close
AAPL,-0.1996667339798252,0.24947948867939723,2012-11-01,21.36,21.54,18.06,20.9,12929851200,17.095118562190933,24,1,indicator < close
AAPL,-0.17813636428228022,0.21674686230242649,2012-12-01,21.2,21.24,17.9,19.01,12132752800,17.42350907721566,24,1,indicator < close
AAPL,-0.10960422896671351,0.12309607989211359,2013-01-01,19.78,19.82,15.54,16.27,13123423600,17.612028351038408,24,0,indicator < close
AAPL,0.06799183432654497,-0.06366325297741561,2013-02-01,16.4,17.32,15.63,15.76,9344034000,17.515066082955336,24,0,indicator < close
AAPL,0.11029800487972573,-0.09934090162728328,2013-03-01,15.64,16.78,14.96,15.81,9176876800,17.36506079631891,24,0,indicator < close
AAPL,0.09241165605915078,-0.08459416882507795,2013-04-01,15.78,15.9,13.75,15.81,10963489600,17.2382559326134,24,0,indicator < close
AAPL,0.07931918449932748,-0.07349001633480823,2013-05-01,15.87,16.63,14.96,16.06,9447530400,17.128795458004326,24,0,indicator < close
AAPL,0.05878831188596134,-0.05552414134723962,2013-06-01,16.1,16.23,13.89,14.16,7018536000,17.04649182136398,24,0,indicator < close
AAPL,0.17059613877989302,-0.1457344109794387,2013-07-01,14.38,16.33,14.33,16.16,6538114800,16.833172475654862,24,0,indicator < close
AAPL,0.03126036103209295,-0.030312772810163428,2013-08-01,16.28,18.35,16.19,17.4,8058338400,16.788918677602474,24,1,indicator < close
AAPL,-0.04289578742792292,0.044818303863324124,2013-09-01,17.61,18.14,15.97,17.03,8630941200,16.854605183394277,24,1,indicator < close
AAPL,-0.012671926932549033,0.01283456561017214,2013-10-01,17.09,19.26,17.08,18.67,7837732000,16.873436768722737,24,1,indicator < close
AAPL,-0.0907499023918312,0.09980741561706034,2013-11-01,18.72,19.94,18.3,19.86,5225155600,17.02116182722492,24,1,indicator < close
AAPL,-0.13427652378088675,0.1551032488656939,2013-12-01,19.93,20.54,19.24,20.04,7057397200,17.253868881046927,24,1,indicator < close
AAPL,-0.12032446495903419,0.13678277974779732,2014-01-01,19.85,20.01,17.63,17.88,8765954400,17.461559370563172,24,1,indicator < close
AAPL,-0.025034282957207745,0.025677090506464408,2014-02-01,17.95,19.69,17.83,18.79,5880366800,17.50063462091812,24,1,indicator < close
AAPL,-0.058545540329338105,0.06218626905205634,2014-03-01,18.69,19.61,18.67,19.17,5001698800,17.595783851244672,24,1,indicator < close
AAPL,-0.07730759275663203,0.08378479344768412,2014-04-01,19.21,21.41,18.26,21.07,6435060800,17.7249211431451,24,1,indicator < close
AAPL,-0.14862216406369483,0.1745666351535299,2014-05-01,21.14,23.01,20.73,22.61,5735668400,17.99812745169349,24,1,indicator < close
AAPL,-0.18862732970150117,0.23247927445239977,2014-06-01,22.64,23.76,22.23,23.23,4827739200,18.369477255558014,24,1,indicator < close
AAPL,-0.19716342706957338,0.24558351440058204,2014-07-01,23.38,24.86,23.14,23.9,4140344000,18.770319075113374,24,1,indicator < close
AAPL,-0.19228430050129355,0.23805938230571866,2014-08-01,23.73,25.73,23.32,25.62,3748308000,19.167093549104305,24,1,indicator < close
AAPL,-0.2354609446748463,0.30797765403195293,2014-09-01,25.76,25.93,24.03,25.19,6105680000,19.69452606517596,24,1,indicator < close
AAPL,-0.19956405646274814,0.24931920920597753,2014-10-01,25.15,27.01,23.8,27.0,5441120800,20.130963979961884,24,1,indicator < close
AAPL,-0.2355769822038088,0.3081762018142392,2014-11-01,27.06,29.94,26.93,29.73,3281632800,20.685286861564933,24,1,indicator < close
AAPL,-0.27924363930505924,0.3874313908736336,2014-12-01,29.7,29.81,26.57,27.59,4294378400,21.40646391263974,24,1,indicator < close
AAPL,-0.2128564883436783,0.27041636650956036,2015-01-01,27.85,30.0,26.16,29.29,5221053600,21.92194679962856,24,1,indicator < close
AAPL,-0.23656417974726274,0.30986780220627796,2015-02-01,29.51,33.4,29.02,32.12,4546140800,22.528991055658278,24,1,indicator < close
AAPL,-0.27850598046407876,0.38601287456716427,2015-03-01,32.31,32.57,30.41,31.11,4554568400,23.311471771205618,24,1,indicator < close
AAPL,-0.23261044777214204,0.3031191226109812,2015-04-01,31.2,33.63,30.77,31.29,3984542000,23.942554029509168,24,1,indicator < close
AAPL,-0.22116910827574762,0.28397577783041156,2015-05-01,31.52,33.24,30.84,32.57,3816608400,24.548749707148435,24,1,indicator < close
AAPL,-0.22657507735411236,0.2929503184084096,2015-06-01,32.57,32.85,31.12,31.36,3514426800,25.19044973057656,24,1,indicator < close
AAPL,-0.1896119208279094,0.23397669055253245,2015-07-01,31.73,33.24,29.81,30.33,4233122400,25.713613752130435,24,1,indicator < close
AAPL,-0.1413125526017116,0.16456808939023193,2015-08-01,30.38,30.64,23.0,28.19,6427276400,26.08692465196,24,1,indicator < close
AAPL,-0.04854136965129988,0.051017845761207666,2015-09-01,27.54,29.22,26.84,27.58,4826189200,26.2031706798032,24,1,indicator < close
AAPL,-0.03599130819879192,0.037335045321576645,2015-10-01,27.27,30.31,26.83,29.88,4450048400,26.288517025418944,24,1,indicator < close
AAPL,-0.11915775949054863,0.13527707234116243,2015-11-01,30.2,30.95,27.75,29.58,3002562400,26.60143566338543,24,1,indicator < close
AAPL,-0.0957049238694983,0.10583373325333337,2015-12-01,29.69,29.97,26.2,26.32,3687660800,26.848520810314596,24,0,indicator < close
AAPL,0.04298788091576726,-0.041216088606919304,2016-01-01,25.65,26.46,23.1,24.33,5087392000,26.75263914548943,24,0,indicator < close
AAPL,0.10041575513475427,-0.09125256037656203,2016-02-01,24.12,24.72,23.15,24.17,3243450400,26.542028013850274,24,0,indicator < close
AAPL,0.08035500912504116,-0.07437833716355806,2016-03-01,24.41,27.6,24.35,27.25,2984198400,26.371465772742255,24,1,indicator < close
AAPL,-0.0276958988259333,0.028484811277140795,2016-04-01,27.19,28.1,23.13,23.43,3489534800,26.436948510922875,24,0,indicator < close
AAPL,0.11541901362490627,-0.10347592448672337,2016-05-01,23.49,25.18,22.37,24.97,3602686000,26.201192630049047,24,0,indicator < close
AAPL,0.05394332200586362,-0.051182374687092996,2016-06-01,24.75,25.47,22.88,23.9,3117990800,26.085097219645125,24,0,indicator < close
AAPL,0.0853745053235657,-0.07865902958363145,2016-07-01,23.87,26.14,23.59,26.05,2743118400,25.907889442073515,24,1,indicator < close
AAPL,-0.006771713152964192,0.006817881893457475,2016-08-01,26.1,27.56,26.0,26.52,2520514000,25.923258286707636,24,1,indicator < close
AAPL,-0.02104042126758285,0.02149263536991644,2016-09-01,26.53,29.05,25.63,28.26,3872062400,25.971797623771028,24,1,indicator < close
AAPL,-0.07209177381585005,0.07769278446028448,2016-10-01,28.18,29.67,28.07,28.39,2747657200,26.148453813869345,24,1,indicator < close
AAPL,-0.0717426830479619,0.07728749532891509,2016-11-01,28.36,28.44,26.02,27.63,2886220000,26.3253775087598,24,1,indicator < close
AAPL,-0.04216936179561371,0.04402590616089211,2016-12-01,27.59,29.5,27.06,28.95,2435086800,26.426547308059018,24,1,indicator < close
AAPL,-0.0801926244071054,0.08718415021994619,2017-01-01,28.95,30.61,28.69,30.34,2252488000,26.6284235234143,24,1,indicator < close
AAPL,-0.14864768131167652,0.1746018399770117,2017-02-01,31.76,34.37,31.75,34.25,2299874400,27.038949641541155,24,1,indicator < close
AAPL,-0.19833380707229864,0.24740198454418977,2017-03-01,34.47,36.12,34.26,35.92,2246513600,27.633433670217865,24,1,indicator < close
AAPL,-0.21243643260227008,0.2697387758859939,2017-04-01,35.93,36.37,35.01,35.91,1493216400,28.297158976600436,24,1,indicator < close
AAPL,-0.20243147027363836,0.25381075447283596,2017-05-01,36.28,39.16,36.07,38.19,2615927200,28.9357862584724,24,1,indicator < close
AAPL,-0.22475520089332432,0.2899151353898956,2017-06-01,38.29,38.99,35.55,36.01,2736712400,29.68412335779461,24,1,indicator < close
AAPL,-0.16601343210460948,0.19906007901728345,2017-07-01,36.22,38.5,35.6,37.18,1688047600,30.206993489171044,24,1,indicator < close
AAPL,-0.1745484439367661,0.2114581318002807,2017-08-01,37.28,41.13,37.1,41.0,2644276000,30.77283401003736,24,1,indicator < close
AAPL,-0.23283962890207835,0.30350841580731014,2017-09-01,41.2,41.24,37.29,38.53,2721496400,31.607007289234375,24,1,indicator < close
AAPL,-0.165890904924906,0.19888394204593943,2017-10-01,38.56,42.41,38.12,42.26,2017165200,32.16324670609563,24,1,indicator < close
AAPL,-0.2232684961241351,0.28744617027896074,2017-11-01,42.47,44.06,41.32,42.96,2402653600,32.98778696960798,24,1,indicator < close
AAPL,-0.20574337462839856,0.25903891520217326,2017-12-01,42.49,44.3,41.62,42.31,2124735200,33.74796401203935,24,1,indicator < close
AAPL,-0.19014276231602725,0.23478553190411308,2018-01-01,42.54,45.03,41.17,41.86,2638717600,34.4513268910762,24,1,indicator < close
AAPL,-0.1615596855757333,0.1926907411252902,2018-02-01,41.79,45.15,37.56,44.53,3711577200,35.038420739790105,24,1,indicator < close
AAPL,-0.1977202088145441,0.24644794869180353,2018-03-01,44.63,45.88,41.24,41.94,2854910800,35.8057470806069,24,1,indicator < close
AAPL,-0.12928258967454745,0.14847824120827538,2018-04-01,41.66,44.74,40.16,41.31,2664617200,36.27408731415835,24,1,indicator < close
AAPL,-0.11778460747534414,0.13351003448066945,2018-05-01,41.6,47.59,41.32,46.72,2483905200,36.700160329025685,24,1,indicator < close
AAPL,-0.20161388292119928,0.2525267894923829,2018-06-01,47.0,48.55,45.18,46.28,2110498000,37.524147502703634,24,1,indicator < close
AAPL,-0.1688638881095008,0.20317236333938565,2018-07-01,45.96,48.99,45.85,47.57,1574765600,38.199015702487344,24,1,indicator < close
AAPL,-0.2140318512195991,0.2723161893414074,2018-08-01,49.78,57.22,49.33,56.91,2801275600,39.12549444628836,24,1,indicator < close
AAPL,-0.28960674447311224,0.4076710219585565,2018-09-01,57.1,57.42,53.83,56.44,2715888000,40.56345489058529,24,1,indicator < close
AAPL,-0.2651767239982722,0.36087142672063194,2018-10-01,56.99,58.37,51.52,54.72,3158994000,41.87757849933847,24,1,indicator < close
AAPL,-0.2164322092879584,0.27621376459499786,2018-11-01,54.76,55.59,42.56,44.65,3845305600,42.908172219391396,24,1,indicator < close
AAPL,-0.06406941799999809,0.06845530986185677,2018-12-01,46.12,46.24,36.65,39.44,3595690000,43.165118441840086,24,0,indicator < close
AAPL,0.10561748363876237,-0.09552805124893511,2019-01-01,38.72,42.25,35.5,41.61,3312349600,42.80950896649288,24,0,indicator < close
AAPL,0.023573269026675715,-0.02303036796681075,2019-02-01,41.74,43.97,41.48,43.29,1890162400,42.723948249173446,24,1,indicator < close
AAPL,-0.017864760403039397,0.01818971530883116,2019-03-01,43.57,49.42,42.38,47.49,2603925600,42.791632389239574,24,1,indicator < close
AAPL,-0.09828633274680833,0.10899949320520896,2019-04-01,47.91,52.12,47.1,50.17,2024470800,43.20110179810041,24,1,indicator < close
AAPL,-0.1625192747426648,0.19405733151975174,2019-05-01,52.47,53.83,43.75,43.77,2957826400,43.942613654252376,24,0,indicator < close
AAPL,0.0008930424125784286,-0.000892245599415714,2019-06-01,43.9,50.39,42.57,49.48,2060874800,43.93920456191219,24,1,indicator < close
AAPL,-0.12409395162513838,0.1416749568693809,2019-07-01,50.79,55.34,49.6,53.26,1895406800,44.48726819695922,24,1,indicator < close
AAPL,-0.1545560736636902,0.18281055531790433,2019-08-01,53.47,54.51,48.15,52.19,2724326400,45.205886741202484,24,1,indicator < close
AAPL,-0.11415974032345882,0.12887170014731947,2019-09-01,51.61,56.6,51.06,55.99,2170268400,45.71821580190629,24,1,indicator < close
AAPL,-0.1725189525901229,0.20848689299909595,2019-10-01,56.27,62.44,53.78,62.19,2433210800,46.56235853775379,24,1,indicator < close
AAPL,-0.23328358681094122,0.30426319666306345,2019-11-01,62.38,67.0,62.29,66.81,1793326000,47.82776985473349,24,1,indicator < close
AAPL,-0.2614913459090868,0.3540802730754408,2019-12-01,66.82,73.49,64.07,73.41,2388794800,49.347148266354814,24,1,indicator < close
AAPL,-0.30699194700180354,0.4429846748153192,2020-01-01,74.06,81.96,73.19,77.38,2934370400,51.32417640504643,24,1,indicator < close
AAPL,-0.299279054914648,0.4271016258522058,2020-02-01,76.07,81.81,64.09,68.34,3019279200,53.30384229264272,24,1,indicator < close
AAPL,-0.22509373800154023,0.29047866695647845,2020-03-01,70.57,76.0,53.15,63.57,6280072400,54.6851349092313,24,1,indicator < close
AAPL,-0.10353904387385908,0.1154975497441409,2020-04-01,61.62,73.63,59.22,73.45,3265299200,55.2399241164928,24,1,indicator < close
AAPL,-0.2098165149919875,0.2655288537065033,2020-05-01,71.56,81.06,71.46,79.49,2805936000,56.54553018717338,24,1,indicator < close
AAPL,-0.2651423996450213,0.3608078619816168,2020-06-01,79.44,93.1,79.3,91.2,3243375600,58.37708777219951,24,1,indicator < close
AAPL,-0.33162444401376484,0.4961648298529254,2020-07-01,91.28,106.42,89.14,106.26,3020283200,61.00932075042355,24,1,indicator < close
AAPL,-0.40125161653983676,0.6701506469562492,2020-08-01,108.2,131.0,107.89,129.04,4070061100,64.78457509038967,24,1,indicator < close
AAPL,-0.47105597255831205,0.8905592049817452,2020-09-01,132.76,137.98,103.1,115.81,3885245100,70.22260908315849,24,1,indicator < close
AAPL,-0.37082624654449325,0.5893860710302452,2020-10-01,117.64,125.39,107.72,108.86,2894666500,74.01600035650581,24,1,indicator < close
AAPL,-0.29590761316116443,0.420268161809988,2020-11-01,109.11,121.99,107.32,119.05,2123077300,76.82352032798535,24,1,indicator < close
AAPL,-0.3359355532456283,0.5058779383349313,2020-12-01,121.01,138.79,120.01,132.69,2322189600,80.35843870174652,24,1,indicator < close
AAPL,-0.3663019502276303,0.578038626376094,2021-01-01,133.52,145.09,126.38,131.96,2240262000,84.61136360560681,24,1,indicator < close
AAPL,-0.3380003400586297,0.510574794084584,2021-02-01,133.75,137.88,118.39,121.26,1833855600,88.54245451715828,24,1,indicator < close
AAPL,-0.2617449845997122,0.354545487859357,2021-03-01,123.75,128.72,116.21,122.15,2650418200,91.35905815578562,24,1,indicator < close
AAPL,-0.2403110666074497,0.3163282444227405,2021-04-01,123.66,137.07,122.49,131.46,1889857500,93.94313350332277,24,1,indicator < close
AAPL,-0.2654431776502806,0.3613650701673072,2021-05-01,132.04,134.07,122.25,124.61,1711934900,96.99088282305695,24,1,indicator < close
AAPL,-0.20660367606961624,0.2604041257036938,2021-06-01,125.08,137.41,123.13,136.96,1606590000,99.2380121972124,24,1,indicator < close
AAPL,-0.25163271433795453,0.3362422692159063,2021-07-01,136.6,150.0,135.76,145.86,1919035100,102.2269712214354,24,1,indicator < close
AAPL,-0.277414501751021,0.38391927657456687,2021-08-01,146.36,153.49,144.5,151.83,1461542800,105.75761352372058,24,1,indicator < close
AAPL,-0.2833644936084347,0.39540950885233705,2021-09-01,152.83,157.26,141.27,141.5,1797835100,109.52340444182293,24,1,indicator < close
AAPL,-0.20991168367528468,0.2656812907343562,2021-10-01,141.9,153.17,138.27,149.8,1565079200,112.11353208647711,24,1,indicator < close
AAPL,-0.22770890986268244,0.2948485522760525,2021-11-01,148.99,165.7,147.48,165.3,1691029000,115.06364951955895,24,1,indicator < close
AAPL,-0.2879331409243238,0.4043625078943931,2021-12-01,167.48,182.13,157.8,177.57,2444766700,119.25695755799424,24,1,indicator < close
AAPL,-0.303026480608701,0.43477473989736204,2022-01-01,177.83,182.94,154.7,174.78,2108446000,123.9428009533547,24,1,indicator < close
AAPL,-0.26470790829787744,0.3600037471980787,2022-02-01,174.01,176.65,152.0,165.12,1627516300,127.94817687708634,24,1,indicator < close
AAPL,-0.20529251531925055,0.2583246279626029,2022-03-01,164.7,179.61,150.1,174.61,2180800100,130.88832272691943,24,1,indicator < close
AAPL,-0.2280660983234737,0.2954477032659763,2022-04-01,174.03,178.49,155.38,157.65,1687795600,134.33965690876587,24,1,indicator < close
AAPL,-0.13132994476380197,0.151185071906378,2022-05-01,156.71,166.48,132.61,148.84,2401040300,136.1292843560646,24,1,indicator < close
AAPL,-0.0845167337719851,0.09231925573059566,2022-06-01,149.9,151.74,129.04,136.72,1749099800,137.23094160757944,24,0,indicator < close
AAPL,0.008054000874544871,-0.007989652208668941,2022-07-01,136.04,163.63,135.66,162.51,1447125400,137.13566627897308,24,1,indicator < close
AAPL,-0.13641629105859734,0.15796533636075538,2022-08-01,161.01,176.15,157.14,157.22,1510239600,139.04561297665524,24,1,indicator < close
AAPL,-0.103337819595743,0.11524721556690781,2022-09-01,156.64,164.26,138.0,138.2,2084722800,140.4531639385228,24,0,indicator < close
AAPL,0.014931704098408008,-0.014712028443009626,2022-10-01,138.21,157.5,134.37,153.34,1868139700,140.27371082344098,24,1,indicator < close
AAPL,-0.08783715529039404,0.09629547596663803,2022-11-01,155.08,155.45,134.38,148.03,1724847700,141.4582139575657,24,1,indicator < close
AAPL,-0.04191109344200485,0.04374447209974859,2022-12-01,148.21,150.92,125.87,129.93,1675731200,141.99835684096047,24,0,indicator < close
AAPL,0.08275167557325477,-0.07642719696503127,2023-01-01,130.28,147.23,124.17,144.29,1443652500,141.06088829368363,24,1,indicator < close
AAPL,-0.01858986434542652,0.018941993433792687,2023-02-01,143.97,157.38,141.32,147.41,1307198900,141.29361723018894,24,1,indicator < close
AAPL,-0.03468958760625328,0.03593619954873492,2023-03-01,146.83,165.0,143.9,164.9,1520266600,141.73652785177384,24,1,indicator < close
AAPL,-0.12619951528805057,0.1444260074193625,2023-04-01,164.27,169.85,159.78,169.68,969776400,143.53920562363194,24,1,indicator < close
AAPL,-0.13989562161069594,0.16264958663816473,2023-05-01,169.28,179.35,164.31,177.25,1275364700,145.5984691737414,24,1,indicator < close
AAPL,-0.16619813370938602,0.1993256916643302,2023-06-01,177.7,194.48,176.93,193.97,1297383300,148.1665916398421,24,1,indicator < close
AAPL,-0.21655658835455294,0.2764163756252981,2023-07-01,193.78,198.23,186.6,196.45,996114000,151.81566430865473,24,1,indicator < close
AAPL,-0.20826737075029375,0.26305265572755354,2023-08-01,196.24,196.73,171.96,187.87,1322657800,155.36961116396236,24,1,indicator < close
AAPL,-0.16565917847461417,0.1985509688615587,2023-09-01,189.49,189.98,167.62,171.21,1337823000,158.09924227084537,24,1,indicator < close
AAPL,-0.07050050876546111,0.07584781856289563,2023-10-01,171.22,182.34,165.67,170.77,1172816900,159.14890288917775,24,1,indicator < close
AAPL,-0.06376028854945308,0.06810252520763851,2023-11-01,171.0,192.93,170.12,189.95,1099651600,160.09699065804352,24,1,indicator < close
AAPL,-0.14613759572636975,0.17114888182796514,2023-12-01,190.33,199.62,187.45,192.53,1063181200,162.51563140540006,24,1,indicator < close
AAPL,-0.12109868611825772,0.13778416780766328,2024-01-01,187.15,196.38,180.17,184.4,1187490800,164.48638089296807,24,1,indicator < close
AAPL,-0.0975233957197097,0.10806196554810742,2024-02-01,183.99,191.05,179.25,180.75,1161553500,166.04667042153062,24,1,indicator < close
AAPL,-0.06918999282757914,0.07433309944503268,2024-03-01,179.55,180.53,168.49,171.48,1433151800,167.12693678780818,24,1,indicator < close
AAPL,-0.021835493634070214,0.02232292573689194,2024-04-01,171.19,178.36,164.08,170.33,1246144100,167.45198184478352,24,1,indicator < close
AAPL,-0.011544856131614456,0.01167969654792112,2024-05-01,169.58,193.0,169.11,192.25,1336511300,167.62222329720083,24,1,indicator < close
AAPL,-0.1205575664415512,0.13708409082985054,2024-06-01,192.9,220.2,192.15,210.62,1717952100,169.64444543342478,24,1,indicator < close
AAPL,-0.18411952567895323,0.2256697291746961,2024-07-01,212.09,237.23,211.92,222.08,1153099800,173.0400897987508,24,1,indicator < close
AAPL,-0.21047162002562397,0.26657891643167375,2024-08-01,224.37,232.92,196.0,229.0,1122667000,177.14648261485075,24,1,indicator < close
AAPL,-0.20691855608985915,0.260904548553911,2024-09-01,228.55,233.09,213.92,233.0,1232097700,181.2587640056627,24,1,indicator < close
AAPL,-0.19344866292606447,0.23984668307397683,2024-10-01,229.52,237.49,221.33,225.91,930736000,185.1196628852097,24,1,indicator < close
AAPL,-0.1492614841182381,0.17544930825605515,2024-11-01,220.97,237.81,219.71,237.33,891588300,187.98768985439293,24,1,indicator < close
AAPL,-0.19108916143616347,0.23623019043165333,2024-12-01,237.27,260.1,237.16,250.42,977916100,191.9302746660415,24,1,indicator < close
AAPL,-0.21066061666830763,0.2668821816278041,2025-01-01,248.93,249.1,219.38,236.0,1200176400,196.4902526927582,24,1,indicator < close
AAPL,-0.1340048155252944,0.15474083219825163,2025-02-01,229.99,250.0,225.7,241.84,862272300,199.17023247733755,24,1,indicator < close
AAPL,-0.1621662852924002,0.19355426076282392,2025-03-01,241.79,244.03,208.42,222.13,1115239500,202.57981387915055,24,1,indicator < close
AAPL,-0.07211578741268135,0.07772067509543372,2025-04-01,219.81,225.19,169.21,212.5,1607318600,203.95822876881851,24,1,indicator < close
AAPL,-0.022536969259072868,0.023056595032540116,2025-05-01,209.08,214.56,193.25,200.85,1195728200,204.36797046731306,24,0,indicator < close
AAPL,0.018778374425444423,-0.018432246793651047,2025-06-01,200.28,207.39,195.07,205.17,1100409300,204.040932829928,24,1,indicator < close
AAPL,-0.01170340057321434,0.01184199215094167,2025-07-01,206.67,216.23,206.14,207.57,1079935600,204.25125820353378,24,1,indicator < close
AAPL,-0.028876760339303455,0.029735423023542085,2025-08-01,210.87,235.12,201.5,232.14,1218079100,204.78075754725108,24,1,indicator < close
AAPL,-0.0981971780001265,0.10888985441669008,2025-09-01,229.25,257.6,225.95,254.63,1265536400,206.738296943471,24,1,indicator < close
AAPL,-0.1742376364962621,0.2110021529159622,2025-10-01,255.04,277.32,244.0,270.37,1097142200,210.6024331879933,24,1,indicator < close
AAPL,-0.2035062549628214,0.255502640454913,2025-11-01,270.42,280.38,265.32,278.85,877578200,215.38783853295385,24,1,indicator < close
AAPL,-0.20723135336744158,0.2614020549976311,2025-12-01,278.01,288.62,266.95,271.86,924528800,220.39761145031756,24,1,indicator < close
AAPL,-0.17524938465330137,0.21248772828090848,2026-01-01,272.26,277.84,243.42,259.48,1040017300,224.54660253429216,24,1,indicator < close
AAPL,-0.12554215155347911,0.1435656981940358,2026-02-01,260.03,280.91,255.45,264.18,988921000,227.3852743315488,24,1,indicator < close
AAPL,-0.12279542553627949,0.13998493522602815,2026-03-01,262.41,266.53,253.68,260.83,279734200,230.18725238502492,24,1,indicator < close
