symbol,moving_average_minus_open_over_open,open_minus_moving_average_over_moving_average,date,open,high,low,close,volume,SMA_3_months,moving_average_window_months,condition,screening_rule
AAPL,,,1985-01-01,0.13,0.14,0.12,0.13,6366416000,,3,0,indicator <= low
AAPL,,,1985-02-01,0.13,0.14,0.11,0.11,4733388800,,3,0,indicator <= low
AAPL,0.12121212121212123,-0.10810810810810813,1985-03-01,0.11,0.12,0.09,0.1,4615587200,0.12333333333333334,3,0,indicator <= low
AAPL,0.13333333333333336,-0.11764705882352942,1985-04-01,0.1,0.1,0.09,0.09,2868028800,0.11333333333333334,3,0,indicator <= low
AAPL,0.11111111111111106,-0.09999999999999996,1985-05-01,0.09,0.1,0.08,0.08,4639129600,0.09999999999999999,3,0,indicator <= low
AAPL,0.1250000000000001,-0.1111111111111112,1985-06-01,0.08,0.08,0.07,0.08,5811388800,0.09000000000000001,3,0,indicator <= low
AAPL,0.04166666666666659,-0.039999999999999925,1985-07-01,0.08,0.08,0.07,0.07,2600595200,0.08333333333333333,3,0,indicator <= low
AAPL,0.09523809523809525,-0.08695652173913045,1985-08-01,0.07,0.07,0.06,0.07,1818745600,0.07666666666666667,3,0,indicator <= low
AAPL,0.04761904761904772,-0.045454545454545546,1985-09-01,0.07,0.08,0.07,0.07,1797196800,0.07333333333333335,3,0,indicator <= low
AAPL,0.0,0.0,1985-10-01,0.07,0.09,0.07,0.08,3785913600,0.07,3,1,indicator <= low
AAPL,-0.08333333333333334,0.09090909090909093,1985-11-01,0.08,0.09,0.08,0.09,2884672000,0.07333333333333333,3,1,indicator <= low
AAPL,-0.11111111111111106,0.12499999999999993,1985-12-01,0.09,0.1,0.09,0.1,3571209600,0.08,3,1,indicator <= low
AAPL,-0.09999999999999995,0.11111111111111105,1986-01-01,0.1,0.11,0.1,0.1,6291801600,0.09000000000000001,3,1,indicator <= low
AAPL,-0.03333333333333327,0.034482758620689585,1986-02-01,0.1,0.12,0.1,0.11,3420860800,0.09666666666666668,3,1,indicator <= low
AAPL,-0.060606060606060615,0.06451612903225808,1986-03-01,0.11,0.13,0.11,0.13,4264332800,0.10333333333333333,3,1,indicator <= low
AAPL,-0.12820512820512828,0.14705882352941185,1986-04-01,0.13,0.15,0.12,0.14,4462684800,0.11333333333333333,3,1,indicator <= low
AAPL,-0.09523809523809525,0.10526315789473685,1986-05-01,0.14,0.17,0.13,0.17,4954051200,0.12666666666666668,3,1,indicator <= low
AAPL,-0.13725490196078421,0.15909090909090895,1986-06-01,0.17,0.17,0.15,0.16,4063360000,0.1466666666666667,3,1,indicator <= low
AAPL,-0.020833333333333294,0.02127659574468081,1986-07-01,0.16,0.17,0.13,0.14,5691638400,0.15666666666666668,3,0,indicator <= low
AAPL,0.11904761904761901,-0.10638297872340423,1986-08-01,0.14,0.17,0.14,0.17,3643516800,0.15666666666666668,3,0,indicator <= low
AAPL,-0.07843137254901945,0.08510638297872322,1986-09-01,0.17,0.17,0.14,0.15,3578198400,0.1566666666666667,3,0,indicator <= low
AAPL,0.022222222222222365,-0.021739130434782747,1986-10-01,0.15,0.16,0.14,0.15,2984038400,0.15333333333333335,3,0,indicator <= low
AAPL,0.0,0.0,1986-11-01,0.16,0.18,0.15,0.18,5206163200,0.16,3,0,indicator <= low
AAPL,-0.09259259259259257,0.10204081632653059,1986-12-01,0.18,0.2,0.17,0.18,4762576000,0.16333333333333333,3,1,indicator <= low
AAPL,-0.037037037037036966,0.03846153846153839,1987-01-01,0.18,0.26,0.18,0.25,8268915200,0.17333333333333334,3,1,indicator <= low
AAPL,-0.18666666666666665,0.22950819672131145,1987-02-01,0.25,0.32,0.23,0.31,6616176000,0.20333333333333334,3,1,indicator <= low
AAPL,-0.2043010752688172,0.25675675675675674,1987-03-01,0.31,0.31,0.28,0.29,5959318400,0.24666666666666667,3,1,indicator <= low
AAPL,-1.982541115402065e-16,1.9825411154020654e-16,1987-04-01,0.28,0.36,0.28,0.35,6813161600,0.27999999999999997,3,1,indicator <= low
AAPL,-0.1047619047619048,0.11702127659574474,1987-05-01,0.35,0.37,0.32,0.35,3838956800,0.3133333333333333,3,1,indicator <= low
AAPL,-0.06666666666666662,0.07142857142857138,1987-06-01,0.35,0.39,0.34,0.36,3497536000,0.32666666666666666,3,1,indicator <= low
AAPL,-0.018518518518518483,0.01886792452830185,1987-07-01,0.36,0.4,0.33,0.37,3070256000,0.35333333333333333,3,0,indicator <= low
AAPL,-0.0270270270270269,0.027777777777777644,1987-08-01,0.37,0.48,0.36,0.48,3119300800,0.36000000000000004,3,0,indicator <= low
AAPL,-0.17006802721088432,0.2049180327868852,1987-09-01,0.49,0.52,0.43,0.5,3075486400,0.4066666666666667,3,1,indicator <= low
AAPL,-0.10457516339869272,0.1167883211678831,1987-10-01,0.51,0.53,0.25,0.34,6575699200,0.4566666666666667,3,0,indicator <= low
AAPL,0.28571428571428564,-0.22222222222222218,1987-11-01,0.35,0.36,0.27,0.29,4234238400,0.44999999999999996,3,0,indicator <= low
AAPL,0.2888888888888889,-0.22413793103448276,1987-12-01,0.3,0.39,0.27,0.38,4702264000,0.38666666666666666,3,0,indicator <= low
AAPL,-0.09649122807017547,0.10679611650485442,1988-01-01,0.38,0.41,0.34,0.37,6221600000,0.3433333333333333,3,0,indicator <= low
AAPL,-0.05405405405405395,0.05714285714285703,1988-02-01,0.37,0.39,0.34,0.38,3368467200,0.35000000000000003,3,0,indicator <= low
AAPL,-0.025641025641025807,0.026315789473684383,1988-03-01,0.39,0.43,0.35,0.36,4882102400,0.37999999999999995,3,0,indicator <= low
AAPL,0.057142857142857356,-0.054054054054054244,1988-04-01,0.35,0.38,0.34,0.37,3297929600,0.37000000000000005,3,0,indicator <= low
AAPL,0.018518518518518483,-0.01818181818181815,1988-05-01,0.36,0.39,0.33,0.37,2638507200,0.36666666666666664,3,0,indicator <= low
AAPL,-0.0270270270270269,0.027777777777777644,1988-06-01,0.37,0.42,0.37,0.41,3534731200,0.36000000000000004,3,1,indicator <= low
AAPL,-0.08730158730158734,0.09565217391304352,1988-07-01,0.42,0.42,0.38,0.4,2186419200,0.3833333333333333,3,0,indicator <= low
AAPL,-0.008333333333333387,0.008403361344537869,1988-08-01,0.4,0.41,0.35,0.36,2653313600,0.39666666666666667,3,0,indicator <= low
AAPL,0.11428571428571424,-0.10256410256410252,1988-09-01,0.35,0.4,0.34,0.39,3060321600,0.38999999999999996,3,0,indicator <= low
AAPL,-0.00877192982456146,0.008849557522123951,1988-10-01,0.38,0.39,0.33,0.34,3563649600,0.37666666666666665,3,0,indicator <= low
AAPL,0.04901960784313724,-0.04672897196261681,1988-11-01,0.34,0.35,0.32,0.34,2939865600,0.3566666666666667,3,0,indicator <= low
AAPL,0.03921568627450973,-0.0377358490566037,1988-12-01,0.34,0.38,0.33,0.36,2946070400,0.35333333333333333,3,0,indicator <= low
AAPL,-0.037037037037036966,0.03846153846153839,1989-01-01,0.36,0.39,0.32,0.34,7345833600,0.3466666666666667,3,0,indicator <= low
AAPL,0.019607843137254864,-0.019230769230769194,1989-02-01,0.34,0.36,0.31,0.32,4886268800,0.3466666666666667,3,0,indicator <= low
AAPL,0.06250000000000006,-0.058823529411764754,1989-03-01,0.32,0.33,0.3,0.32,3859676800,0.34,3,0,indicator <= low
AAPL,0.020833333333333294,-0.020408163265306083,1989-04-01,0.32,0.37,0.3,0.35,3966424000,0.32666666666666666,3,0,indicator <= low
AAPL,-0.039215686274509894,0.04081632653061234,1989-05-01,0.34,0.44,0.34,0.43,5253382400,0.32666666666666666,3,1,indicator <= low
AAPL,-0.15503875968992245,0.18348623853211005,1989-06-01,0.43,0.45,0.35,0.37,3941280000,0.36333333333333334,3,0,indicator <= low
AAPL,0.0270270270270269,-0.02631578947368409,1989-07-01,0.37,0.38,0.34,0.35,3688630400,0.37999999999999995,3,0,indicator <= low
AAPL,0.09523809523809522,-0.08695652173913042,1989-08-01,0.35,0.41,0.35,0.4,3352305600,0.3833333333333333,3,0,indicator <= low
AAPL,-0.06666666666666668,0.07142857142857144,1989-09-01,0.4,0.42,0.38,0.4,2020849600,0.37333333333333335,3,1,indicator <= low
AAPL,-0.041666666666666796,0.043478260869565355,1989-10-01,0.4,0.45,0.38,0.42,4125049600,0.3833333333333333,3,0,indicator <= low
AAPL,-0.016260162601625987,0.01652892561983468,1989-11-01,0.41,0.42,0.38,0.4,2524939200,0.4033333333333333,3,0,indicator <= low
AAPL,0.008333333333333248,-0.00826446280991727,1989-12-01,0.4,0.41,0.29,0.31,5941185600,0.4033333333333333,3,0,indicator <= low
AAPL,0.20430107526881727,-0.16964285714285718,1990-01-01,0.31,0.35,0.29,0.3,3747497600,0.37333333333333335,3,0,indicator <= low
AAPL,0.09677419354838718,-0.08823529411764713,1990-02-01,0.31,0.31,0.29,0.3,2483891200,0.34,3,0,indicator <= low
AAPL,0.02222222222222218,-0.02173913043478257,1990-03-01,0.3,0.39,0.3,0.36,4556473600,0.30666666666666664,3,0,indicator <= low
AAPL,-0.10185185185185189,0.11340206185567016,1990-04-01,0.36,0.4,0.34,0.35,3642475200,0.3233333333333333,3,1,indicator <= low
AAPL,-0.03809523809523802,0.03960396039603953,1990-05-01,0.35,0.38,0.35,0.37,4115630400,0.33666666666666667,3,1,indicator <= low
AAPL,-0.027027027027027202,0.027777777777777964,1990-06-01,0.37,0.4,0.33,0.4,3952054400,0.35999999999999993,3,0,indicator <= low
AAPL,-0.06666666666666668,0.07142857142857144,1990-07-01,0.4,0.43,0.36,0.38,4163812800,0.37333333333333335,3,0,indicator <= low
AAPL,0.008771929824561315,-0.008695652173912955,1990-08-01,0.38,0.39,0.3,0.33,3128339200,0.3833333333333333,3,0,indicator <= low
AAPL,0.12121212121212131,-0.10810810810810818,1990-09-01,0.33,0.33,0.24,0.26,2206948800,0.37000000000000005,3,0,indicator <= low
AAPL,0.24358974358974345,-0.19587628865979373,1990-10-01,0.26,0.29,0.22,0.27,5056116800,0.3233333333333333,3,0,indicator <= low
AAPL,0.06172839506172838,-0.058139534883720916,1990-11-01,0.27,0.34,0.27,0.33,3254608000,0.2866666666666667,3,0,indicator <= low
AAPL,-0.1313131313131313,0.1511627906976744,1990-12-01,0.33,0.4,0.33,0.38,4094092800,0.2866666666666667,3,1,indicator <= low
AAPL,-0.14035087719298248,0.16326530612244902,1991-01-01,0.38,0.5,0.38,0.5,7037307200,0.32666666666666666,3,1,indicator <= low
AAPL,-0.19333333333333336,0.23966942148760334,1991-02-01,0.5,0.56,0.49,0.51,5545780800,0.4033333333333333,3,1,indicator <= low
AAPL,-0.09150326797385626,0.10071942446043171,1991-03-01,0.51,0.63,0.51,0.61,5210598400,0.4633333333333333,3,1,indicator <= low
AAPL,-0.11475409836065566,0.12962962962962954,1991-04-01,0.61,0.65,0.49,0.49,7243051200,0.54,3,0,indicator <= low
AAPL,0.20155038759689936,-0.16774193548387106,1991-05-01,0.43,0.48,0.39,0.42,7972843200,0.5166666666666667,3,0,indicator <= low
AAPL,0.1587301587301587,-0.13698630136986298,1991-06-01,0.42,0.44,0.36,0.37,4091662400,0.48666666666666664,3,0,indicator <= low
AAPL,0.07894736842105256,-0.07317073170731701,1991-07-01,0.38,0.43,0.37,0.41,3783494400,0.41,3,0,indicator <= low
AAPL,-0.016260162601625987,0.01652892561983468,1991-08-01,0.41,0.5,0.41,0.47,4172649600,0.4033333333333333,3,1,indicator <= low
AAPL,-0.10638297872340424,0.11904761904761903,1991-09-01,0.47,0.48,0.42,0.44,2393070400,0.42,3,1,indicator <= low
AAPL,-1.261617073437678e-16,1.261617073437678e-16,1991-10-01,0.44,0.5,0.42,0.46,3593990400,0.43999999999999995,3,0,indicator <= low
AAPL,-0.007246376811594128,0.007299270072992625,1991-11-01,0.46,0.49,0.42,0.45,3696033600,0.4566666666666667,3,0,indicator <= low
AAPL,0.0,0.0,1991-12-01,0.45,0.52,0.43,0.5,2607169600,0.45,3,0,indicator <= low
AAPL,-0.05999999999999994,0.06382978723404249,1992-01-01,0.5,0.62,0.5,0.58,4703160000,0.47000000000000003,3,1,indicator <= low
AAPL,-0.12068965517241372,0.13725490196078421,1992-02-01,0.58,0.62,0.55,0.6,2534996800,0.51,3,1,indicator <= low
AAPL,-0.06666666666666654,0.07142857142857129,1992-03-01,0.6,0.61,0.52,0.52,2985662400,0.56,3,0,indicator <= low
AAPL,0.10457516339869283,-0.09467455621301776,1992-04-01,0.51,0.55,0.47,0.54,3931390400,0.5633333333333334,3,0,indicator <= low
AAPL,0.018518518518518327,-0.018181818181817997,1992-05-01,0.54,0.56,0.52,0.53,2703724800,0.5499999999999999,3,0,indicator <= low
AAPL,0.01960784313725492,-0.019230769230769246,1992-06-01,0.51,0.53,0.38,0.43,4851683200,0.52,3,0,indicator <= low
AAPL,0.14728682170542653,-0.1283783783783785,1992-07-01,0.43,0.44,0.39,0.42,3632809600,0.4933333333333334,3,0,indicator <= low
AAPL,0.07936507936507935,-0.07352941176470587,1992-08-01,0.42,0.42,0.37,0.41,2746531200,0.4533333333333333,3,0,indicator <= low
AAPL,0.024390243902439046,-0.023809523809523832,1992-09-01,0.41,0.45,0.39,0.4,3055662400,0.42,3,0,indicator <= low
AAPL,0.024999999999999883,-0.02439024390243891,1992-10-01,0.4,0.48,0.37,0.47,3531427200,0.41,3,0,indicator <= low
AAPL,-0.09219858156028359,0.10156249999999986,1992-11-01,0.47,0.53,0.46,0.51,3126547200,0.4266666666666667,3,1,indicator <= low
AAPL,-0.09803921568627448,0.10869565217391301,1992-12-01,0.51,0.55,0.49,0.53,3334318400,0.46,3,1,indicator <= low
AAPL,-0.050314465408805145,0.05298013245033125,1993-01-01,0.53,0.58,0.51,0.53,5542264000,0.5033333333333333,3,1,indicator <= low
AAPL,-0.012578616352201338,0.012738853503184796,1993-02-01,0.53,0.55,0.46,0.47,4651281600,0.5233333333333333,3,0,indicator <= low
AAPL,0.08510638297872349,-0.07843137254901968,1993-03-01,0.47,0.52,0.45,0.46,3661526400,0.51,3,0,indicator <= low
AAPL,0.05797101449275351,-0.054794520547945105,1993-04-01,0.46,0.47,0.42,0.46,3914411200,0.48666666666666664,3,0,indicator <= low
AAPL,0.007246376811594249,-0.007194244604316592,1993-05-01,0.46,0.53,0.46,0.51,3200545600,0.4633333333333334,3,0,indicator <= low
AAPL,-0.053333333333333344,0.05633802816901409,1993-06-01,0.5,0.52,0.34,0.35,7674396800,0.47333333333333333,3,0,indicator <= low
AAPL,0.2476190476190478,-0.1984732824427482,1993-07-01,0.35,0.35,0.23,0.25,7142912000,0.4366666666666667,3,0,indicator <= low
AAPL,0.4666666666666668,-0.31818181818181823,1993-08-01,0.25,0.27,0.23,0.24,3683164800,0.3666666666666667,3,0,indicator <= low
AAPL,0.1666666666666666,-0.1428571428571428,1993-09-01,0.24,0.24,0.21,0.21,3668022400,0.27999999999999997,3,0,indicator <= low
AAPL,0.14999999999999986,-0.13043478260869554,1993-10-01,0.2,0.29,0.2,0.27,5905323200,0.22999999999999998,3,0,indicator <= low
AAPL,-0.12345679012345685,0.1408450704225353,1993-11-01,0.27,0.31,0.27,0.28,3452108800,0.23666666666666666,3,1,indicator <= low
AAPL,-0.12643678160919528,0.14473684210526297,1993-12-01,0.29,0.29,0.24,0.26,3956971200,0.25333333333333335,3,0,indicator <= low
AAPL,0.0512820512820514,-0.048780487804878155,1994-01-01,0.26,0.31,0.26,0.29,7332035200,0.2733333333333334,3,0,indicator <= low
AAPL,-0.034482758620689495,0.035714285714285546,1994-02-01,0.29,0.34,0.29,0.33,4284459200,0.28,3,1,indicator <= low
AAPL,-0.11111111111111115,0.12500000000000006,1994-03-01,0.33,0.34,0.28,0.3,5257985600,0.29333333333333333,3,0,indicator <= low
AAPL,0.04597701149425279,-0.043956043956043876,1994-04-01,0.29,0.31,0.24,0.27,4042136000,0.3033333333333333,3,0,indicator <= low
AAPL,0.09876543209876523,-0.08988764044943805,1994-05-01,0.27,0.3,0.25,0.26,3361657600,0.29666666666666663,3,0,indicator <= low
AAPL,0.08000000000000007,-0.07407407407407414,1994-06-01,0.25,0.26,0.22,0.24,4671788800,0.27,3,0,indicator <= low
AAPL,0.055555555555555684,-0.052631578947368536,1994-07-01,0.24,0.3,0.23,0.3,4848065600,0.25333333333333335,3,0,indicator <= low
AAPL,-0.1222222222222221,0.13924050632911375,1994-08-01,0.3,0.33,0.29,0.32,4574897600,0.26333333333333336,3,1,indicator <= low
AAPL,-0.10416666666666664,0.11627906976744183,1994-09-01,0.32,0.33,0.3,0.3,3232644800,0.2866666666666667,3,1,indicator <= low
AAPL,0.02222222222222218,-0.02173913043478257,1994-10-01,0.3,0.39,0.29,0.39,7713484800,0.30666666666666664,3,0,indicator <= low
AAPL,-0.12280701754385971,0.14000000000000007,1994-11-01,0.38,0.39,0.32,0.33,4048945600,0.3333333333333333,3,0,indicator <= low
AAPL,0.020202020202020162,-0.019801980198019764,1994-12-01,0.33,0.36,0.31,0.35,3787795200,0.33666666666666667,3,0,indicator <= low
AAPL,0.009523809523809585,-0.009433962264151004,1995-01-01,0.35,0.43,0.34,0.36,8162100800,0.35333333333333333,3,0,indicator <= low
AAPL,-0.037037037037036966,0.03846153846153839,1995-02-01,0.36,0.4,0.34,0.35,5299347200,0.3466666666666667,3,0,indicator <= low
AAPL,0.009523809523809585,-0.009433962264151004,1995-03-01,0.35,0.36,0.3,0.31,6997144000,0.35333333333333333,3,0,indicator <= low
AAPL,0.07291666666666662,-0.06796116504854365,1995-04-01,0.32,0.35,0.3,0.34,5674300800,0.3433333333333333,3,0,indicator <= low
AAPL,-0.009803921568627513,0.009900990099009965,1995-05-01,0.34,0.4,0.33,0.37,6384672000,0.33666666666666667,3,0,indicator <= low
AAPL,-0.07207207207207209,0.07766990291262138,1995-06-01,0.37,0.45,0.37,0.41,5521947200,0.3433333333333333,3,1,indicator <= low
AAPL,-0.10317460317460318,0.11504424778761063,1995-07-01,0.42,0.45,0.38,0.4,5699579200,0.37666666666666665,3,1,indicator <= low
AAPL,-0.008333333333333387,0.008403361344537869,1995-08-01,0.4,0.41,0.37,0.38,5292918400,0.39666666666666667,3,0,indicator <= low
AAPL,0.05263157894736832,-0.04999999999999991,1995-09-01,0.38,0.41,0.31,0.33,7311483200,0.39999999999999997,3,0,indicator <= low
AAPL,0.09803921568627448,-0.08928571428571426,1995-10-01,0.34,0.35,0.3,0.32,6498508800,0.37333333333333335,3,0,indicator <= low
AAPL,0.060606060606060656,-0.05714285714285719,1995-11-01,0.33,0.38,0.32,0.34,4864294400,0.35000000000000003,3,0,indicator <= low
AAPL,-0.00980392156862735,0.009900990099009799,1995-12-01,0.34,0.36,0.28,0.28,6560243200,0.3366666666666667,3,0,indicator <= low
AAPL,0.10344827586206906,-0.09375000000000008,1996-01-01,0.29,0.32,0.24,0.25,10300214400,0.32,3,0,indicator <= low
AAPL,0.17333333333333312,-0.14772727272727257,1996-02-01,0.25,0.27,0.24,0.25,4652099200,0.2933333333333333,3,0,indicator <= low
AAPL,0.053333333333333455,-0.050632911392405174,1996-03-01,0.25,0.25,0.21,0.22,3346750400,0.26333333333333336,3,0,indicator <= low
AAPL,0.09090909090909087,-0.0833333333333333,1996-04-01,0.22,0.24,0.21,0.22,2867076800,0.24,3,0,indicator <= low
AAPL,0.045454545454545366,-0.04347826086956514,1996-05-01,0.22,0.26,0.21,0.23,3603902400,0.22999999999999998,3,0,indicator <= low
AAPL,-0.028985507246376756,0.029850746268656657,1996-06-01,0.23,0.23,0.18,0.19,4673939200,0.22333333333333336,3,0,indicator <= low
AAPL,0.12280701754385971,-0.10937500000000004,1996-07-01,0.19,0.2,0.14,0.2,4803489600,0.21333333333333335,3,0,indicator <= low
AAPL,0.03333333333333327,-0.03225806451612897,1996-08-01,0.2,0.22,0.19,0.22,3187374400,0.20666666666666667,3,0,indicator <= low
AAPL,-0.07575757575757562,0.08196721311475393,1996-09-01,0.22,0.22,0.18,0.2,3213548800,0.20333333333333337,3,0,indicator <= low
AAPL,0.03333333333333327,-0.03225806451612897,1996-10-01,0.2,0.25,0.2,0.21,5816977600,0.20666666666666667,3,0,indicator <= low
AAPL,0.0,0.0,1996-11-01,0.21,0.24,0.21,0.22,2581364800,0.21,3,1,indicator <= low
AAPL,-0.0454545454545455,0.047619047619047665,1996-12-01,0.22,0.23,0.19,0.19,4147483200,0.21,3,0,indicator <= low
AAPL,0.08771929824561402,-0.08064516129032256,1997-01-01,0.19,0.2,0.15,0.15,9072739200,0.20666666666666667,3,0,indicator <= low
AAPL,0.24444444444444455,-0.1964285714285715,1997-02-01,0.15,0.16,0.14,0.15,4574169600,0.18666666666666668,3,0,indicator <= low
AAPL,0.0888888888888889,-0.08163265306122451,1997-03-01,0.15,0.17,0.14,0.16,4502243200,0.16333333333333333,3,0,indicator <= low
AAPL,-0.04166666666666676,0.04347826086956532,1997-04-01,0.16,0.18,0.15,0.15,3809724800,0.15333333333333332,3,0,indicator <= low
AAPL,0.02222222222222218,-0.02173913043478257,1997-05-01,0.15,0.16,0.15,0.15,2292707200,0.15333333333333332,3,0,indicator <= low
AAPL,0.02222222222222218,-0.02173913043478257,1997-06-01,0.15,0.15,0.12,0.13,2572304000,0.15333333333333332,3,0,indicator <= low
AAPL,0.1666666666666666,-0.1428571428571428,1997-07-01,0.12,0.16,0.11,0.16,6782372800,0.13999999999999999,3,0,indicator <= low
AAPL,-0.10416666666666664,0.11627906976744183,1997-08-01,0.16,0.26,0.16,0.19,17675705600,0.14333333333333334,3,1,indicator <= low
AAPL,-0.20000000000000004,0.25000000000000006,1997-09-01,0.2,0.21,0.19,0.19,3606075200,0.16,3,1,indicator <= low
AAPL,-0.03508771929824555,0.03636363636363629,1997-10-01,0.19,0.22,0.14,0.15,6430043200,0.18333333333333335,3,0,indicator <= low
AAPL,0.1458333333333334,-0.12727272727272732,1997-11-01,0.16,0.19,0.15,0.16,5547483200,0.18333333333333335,3,0,indicator <= low
AAPL,0.06250000000000006,-0.058823529411764754,1997-12-01,0.16,0.16,0.11,0.12,5097792000,0.17,3,0,indicator <= low
AAPL,0.22222222222222227,-0.18181818181818185,1998-01-01,0.12,0.18,0.12,0.16,10211577600,0.14666666666666667,3,0,indicator <= low
AAPL,-0.11764705882352934,0.13333333333333325,1998-02-01,0.17,0.21,0.16,0.21,7354166400,0.15000000000000002,3,1,indicator <= low
AAPL,-0.20634920634920637,0.26,1998-03-01,0.21,0.25,0.19,0.25,10625977600,0.16666666666666666,3,1,indicator <= low
AAPL,-0.13888888888888887,0.16129032258064513,1998-04-01,0.24,0.26,0.22,0.24,8081886400,0.20666666666666667,3,1,indicator <= low
AAPL,-0.06666666666666676,0.07142857142857154,1998-05-01,0.25,0.28,0.23,0.24,6803339200,0.2333333333333333,3,0,indicator <= low
AAPL,0.013888888888888864,-0.013698630136986276,1998-06-01,0.24,0.26,0.23,0.26,3909841600,0.24333333333333332,3,0,indicator <= low
AAPL,-0.03846153846153849,0.040000000000000036,1998-07-01,0.26,0.34,0.25,0.31,10927660800,0.25,3,1,indicator <= low
AAPL,-0.12903225806451607,0.14814814814814806,1998-08-01,0.31,0.39,0.28,0.28,13220872000,0.27,3,1,indicator <= low
AAPL,0.01190476190476198,-0.011764705882353016,1998-09-01,0.28,0.36,0.27,0.34,8080318400,0.2833333333333334,3,0,indicator <= low
AAPL,-0.07070707070707065,0.07608695652173907,1998-10-01,0.33,0.37,0.25,0.33,12930926400,0.3066666666666667,3,0,indicator <= low
AAPL,-0.050505050505050324,0.05319148936170193,1998-11-01,0.33,0.35,0.28,0.29,10123523200,0.3133333333333334,3,0,indicator <= low
AAPL,0.09195402298850597,-0.08421052631578965,1998-12-01,0.29,0.37,0.28,0.37,12924105600,0.3166666666666667,3,0,indicator <= low
AAPL,-0.12280701754385971,0.14000000000000007,1999-01-01,0.38,0.42,0.33,0.37,15127403200,0.3333333333333333,3,0,indicator <= low
AAPL,-0.06306306306306302,0.06730769230769226,1999-02-01,0.37,0.37,0.31,0.31,8116516800,0.3466666666666667,3,0,indicator <= low
AAPL,0.13978494623655915,-0.12264150943396226,1999-03-01,0.31,0.33,0.29,0.32,9951995200,0.35333333333333333,3,0,indicator <= low
AAPL,0.04166666666666659,-0.039999999999999925,1999-04-01,0.32,0.42,0.3,0.41,15888969600,0.3333333333333333,3,0,indicator <= low
AAPL,-0.15447154471544708,0.18269230769230757,1999-05-01,0.41,0.45,0.37,0.39,8908905600,0.3466666666666667,3,1,indicator <= low
AAPL,-0.05833333333333343,0.06194690265486737,1999-06-01,0.4,0.44,0.38,0.41,6918620800,0.37666666666666665,3,1,indicator <= low
AAPL,-0.008130081300812926,0.008196721311475325,1999-07-01,0.41,0.51,0.4,0.5,11466582400,0.4066666666666667,3,0,indicator <= low
AAPL,-0.1266666666666666,0.1450381679389312,1999-08-01,0.5,0.59,0.47,0.58,9244603200,0.4366666666666667,3,1,indicator <= low
AAPL,-0.16111111111111115,0.19205298013245037,1999-09-01,0.6,0.72,0.51,0.57,18967468800,0.5033333333333333,3,1,indicator <= low
AAPL,-2.0185873175002846e-16,2.0185873175002848e-16,1999-10-01,0.55,0.72,0.53,0.72,14468496000,0.5499999999999999,3,0,indicator <= low
AAPL,-0.12676056338028166,0.1451612903225806,1999-11-01,0.71,0.93,0.69,0.87,8624929600,0.62,3,1,indicator <= low
AAPL,-0.19999999999999993,0.2499999999999999,1999-12-01,0.9,1.05,0.81,0.92,9418214400,0.7200000000000001,3,1,indicator <= low
AAPL,-0.0957446808510638,0.10588235294117644,2000-01-01,0.94,1.08,0.77,0.93,12555177600,0.85,3,0,indicator <= low
AAPL,-0.007168458781362053,0.007220216606498241,2000-02-01,0.93,1.07,0.87,1.02,7319782400,0.9233333333333333,3,0,indicator <= low
AAPL,-0.078616352201258,0.08532423208191142,2000-03-01,1.06,1.34,1.02,1.21,8698356800,0.9766666666666666,3,1,indicator <= low
AAPL,-0.11845730027548208,0.134375,2000-04-01,1.21,1.25,0.94,1.11,8662404800,1.0666666666666667,3,0,indicator <= low
AAPL,0.015015015015014961,-0.01479289940828397,2000-05-01,1.11,1.13,0.73,0.75,9807750400,1.1266666666666667,3,0,indicator <= low
AAPL,0.3926940639269406,-0.2819672131147541,2000-06-01,0.73,1.03,0.72,0.94,8105204800,1.0166666666666666,3,0,indicator <= low
AAPL,-0.007168458781362053,0.007220216606498241,2000-07-01,0.93,1.08,0.84,0.91,5746770400,0.9233333333333333,3,0,indicator <= low
AAPL,-0.05185185185185206,0.054687500000000236,2000-08-01,0.9,1.1,0.79,1.09,5636086400,0.8533333333333332,3,0,indicator <= low
AAPL,-0.10703363914373101,0.11986301369863028,2000-09-01,1.09,1.15,0.45,0.46,14516930400,0.9733333333333333,3,0,indicator <= low
AAPL,0.7152777777777777,-0.4170040485829959,2000-10-01,0.48,0.48,0.31,0.35,21905788800,0.8233333333333333,3,0,indicator <= low
AAPL,0.8285714285714287,-0.45312500000000006,2000-11-01,0.35,0.41,0.29,0.29,8488373600,0.64,3,0,indicator <= low
AAPL,0.2555555555555552,-0.20353982300884932,2000-12-01,0.3,0.31,0.24,0.27,8858970400,0.37666666666666654,3,0,indicator <= low
AAPL,0.1358024691358021,-0.11956521739130406,2001-01-01,0.27,0.4,0.26,0.39,13709460800,0.3066666666666666,3,0,indicator <= low
AAPL,-0.1531531531531534,0.18085106382978758,2001-02-01,0.37,0.39,0.32,0.33,7023766400,0.31333333333333324,3,1,indicator <= low
AAPL,-3.469446951953614e-16,3.469446951953615e-16,2001-03-01,0.32,0.42,0.31,0.39,10799062400,0.3199999999999999,3,0,indicator <= low
AAPL,-0.07692307692307727,0.08333333333333375,2001-04-01,0.39,0.48,0.33,0.46,11158991200,0.3599999999999999,3,0,indicator <= low
AAPL,-0.14074074074074078,0.1637931034482759,2001-05-01,0.45,0.48,0.34,0.36,7468434400,0.38666666666666666,3,0,indicator <= low
AAPL,0.11111111111111091,-0.09999999999999984,2001-06-01,0.36,0.45,0.35,0.42,7638265600,0.3999999999999999,3,0,indicator <= low
AAPL,-0.023809523809523964,0.024390243902439185,2001-07-01,0.42,0.45,0.32,0.34,8655102400,0.4099999999999999,3,0,indicator <= low
AAPL,0.09803921568627431,-0.08928571428571412,2001-08-01,0.34,0.36,0.31,0.33,5129359200,0.3733333333333333,3,0,indicator <= low
AAPL,0.10101010101010081,-0.09174311926605488,2001-09-01,0.33,0.34,0.26,0.28,5531523200,0.3633333333333333,3,0,indicator <= low
AAPL,0.1309523809523806,-0.11578947368421025,2001-10-01,0.28,0.35,0.26,0.31,7544247200,0.3166666666666666,3,0,indicator <= low
AAPL,-0.03125000000000003,0.03225806451612906,2001-11-01,0.32,0.38,0.31,0.38,5369744800,0.31,3,1,indicator <= low
AAPL,-0.14035087719298261,0.16326530612244922,2001-12-01,0.38,0.43,0.36,0.39,4629839200,0.3266666666666666,3,1,indicator <= low
AAPL,-0.06837606837606854,0.07339449541284421,2002-01-01,0.39,0.44,0.36,0.44,8515376800,0.3633333333333333,3,0,indicator <= low
AAPL,-0.06976744186046531,0.07500000000000022,2002-02-01,0.43,0.46,0.37,0.39,7837424000,0.3999999999999999,3,0,indicator <= low
AAPL,0.03418803418803412,-0.03305785123966936,2002-03-01,0.39,0.45,0.39,0.42,5318583200,0.4033333333333333,3,0,indicator <= low
AAPL,-0.015873015873015976,0.016129032258064623,2002-04-01,0.42,0.47,0.41,0.43,6422836000,0.4133333333333333,3,0,indicator <= low
AAPL,-0.038759689922480745,0.04032258064516142,2002-05-01,0.43,0.46,0.4,0.42,5976157600,0.4133333333333333,3,0,indicator <= low
AAPL,0.007936507936507856,-0.007874015748031416,2002-06-01,0.42,0.42,0.29,0.32,8708016800,0.4233333333333333,3,0,indicator <= low
AAPL,0.21874999999999983,-0.17948717948717938,2002-07-01,0.32,0.34,0.25,0.27,8118415200,0.38999999999999996,3,0,indicator <= low
AAPL,0.24691358024691332,-0.19801980198019783,2002-08-01,0.27,0.29,0.25,0.26,5151686400,0.3366666666666666,3,0,indicator <= low
AAPL,0.08974358974358947,-0.08235294117647035,2002-09-01,0.26,0.27,0.25,0.26,5291837600,0.28333333333333327,3,0,indicator <= low
AAPL,0.012820512820512475,-0.012658227848100929,2002-10-01,0.26,0.29,0.24,0.29,6611432800,0.26333333333333325,3,0,indicator <= low
AAPL,-0.04761904761904792,0.050000000000000336,2002-11-01,0.28,0.31,0.27,0.28,4531721600,0.2666666666666666,3,1,indicator <= low
AAPL,-0.02380952380952416,0.02439024390243939,2002-12-01,0.28,0.29,0.25,0.26,4530439200,0.27333333333333326,3,0,indicator <= low
AAPL,0.05128205128205097,-0.048780487804877766,2003-01-01,0.26,0.27,0.24,0.26,6045832800,0.27333333333333326,3,0,indicator <= low
AAPL,0.02564102564102538,-0.02499999999999975,2003-02-01,0.26,0.27,0.25,0.27,4114303200,0.2666666666666666,3,0,indicator <= low
AAPL,-0.02469135802469172,0.025316455696202913,2003-03-01,0.27,0.27,0.25,0.25,4028404800,0.26333333333333325,3,0,indicator <= low
AAPL,0.039999999999999813,-0.03846153846153829,2003-04-01,0.25,0.27,0.23,0.25,7775342400,0.25999999999999995,3,0,indicator <= low
AAPL,0.026666666666666394,-0.025974025974025716,2003-05-01,0.25,0.34,0.25,0.32,10811544800,0.2566666666666666,3,0,indicator <= low
AAPL,-0.14583333333333356,0.1707317073170735,2003-06-01,0.32,0.35,0.3,0.34,6113335200,0.27333333333333326,3,1,indicator <= low
AAPL,-0.10784313725490216,0.12087912087912113,2003-07-01,0.34,0.39,0.33,0.38,5218270400,0.3033333333333333,3,1,indicator <= low
AAPL,-0.08771929824561416,0.0961538461538463,2003-08-01,0.38,0.41,0.35,0.4,4307564800,0.3466666666666666,3,1,indicator <= low
AAPL,-0.06666666666666696,0.07142857142857176,2003-09-01,0.4,0.42,0.36,0.37,5347484800,0.37333333333333324,3,0,indicator <= low
AAPL,0.036036036036035966,-0.03478260869565211,2003-10-01,0.37,0.45,0.36,0.41,7040191200,0.3833333333333333,3,0,indicator <= low
AAPL,-0.04065040650406517,0.04237288135593234,2003-11-01,0.41,0.42,0.35,0.37,4974104800,0.39333333333333326,3,0,indicator <= low
AAPL,0.01754385964912248,-0.01724137931034451,2003-12-01,0.38,0.39,0.34,0.38,5453873600,0.38666666666666655,3,0,indicator <= low
AAPL,0.026315789473683942,-0.025641025641025387,2004-01-01,0.38,0.44,0.38,0.4,7927802400,0.3899999999999999,3,0,indicator <= low
AAPL,-0.03333333333333341,0.03448275862068973,2004-02-01,0.4,0.43,0.39,0.43,4922030400,0.38666666666666666,3,1,indicator <= low
AAPL,-0.06201550387596914,0.06611570247933901,2004-03-01,0.43,0.5,0.42,0.48,11626115200,0.40333333333333327,3,1,indicator <= low
AAPL,-0.0902777777777779,0.0992366412213742,2004-04-01,0.48,0.53,0.46,0.46,8930174400,0.4366666666666666,3,1,indicator <= low
AAPL,-0.007246376811594491,0.007299270072992993,2004-05-01,0.46,0.51,0.46,0.5,5304275200,0.45666666666666655,3,1,indicator <= low
AAPL,-0.04000000000000015,0.041666666666666824,2004-06-01,0.5,0.61,0.49,0.58,8227234400,0.4799999999999999,3,1,indicator <= low
AAPL,-0.10526315789473695,0.11764705882352954,2004-07-01,0.57,0.6,0.51,0.58,9696579200,0.5099999999999999,3,1,indicator <= low
AAPL,-0.02976190476190485,0.030674846625766968,2004-08-01,0.56,0.63,0.53,0.62,8011365600,0.5433333333333333,3,0,indicator <= low
AAPL,-0.04918032786885251,0.05172413793103453,2004-09-01,0.61,0.7,0.61,0.69,7673506400,0.58,3,1,indicator <= low
AAPL,-0.10952380952380952,0.1229946524064171,2004-10-01,0.7,0.95,0.67,0.94,16094366400,0.6233333333333333,3,1,indicator <= low
AAPL,-0.20212765957446815,0.25333333333333347,2004-11-01,0.94,1.24,0.93,1.2,17439604000,0.7499999999999999,3,1,indicator <= low
AAPL,-0.21487603305785136,0.273684210526316,2004-12-01,1.21,1.21,1.1,1.15,15948615200,0.9499999999999998,3,1,indicator <= low
AAPL,-0.04885057471264366,0.05135951661631418,2005-01-01,1.16,1.39,1.12,1.37,25708244800,1.1033333333333333,3,1,indicator <= low
AAPL,-0.09420289855072457,0.10399999999999991,2005-02-01,1.38,1.62,1.37,1.6,21448946400,1.25,3,1,indicator <= low
AAPL,-0.14078674948240158,0.1638554216867469,2005-03-01,1.61,1.61,1.39,1.49,14675920000,1.3833333333333335,3,1,indicator <= low
AAPL,-0.0022222222222221255,0.0022271714922048025,2005-04-01,1.5,1.59,1.21,1.29,19375518400,1.4966666666666668,3,0,indicator <= low
AAPL,0.13695090439276492,-0.1204545454545455,2005-05-01,1.29,1.46,1.18,1.42,12858294400,1.4666666666666668,3,0,indicator <= low
AAPL,-0.01173708920187805,0.011876484560570189,2005-06-01,1.42,1.46,1.27,1.31,11327195600,1.403333333333333,3,0,indicator <= low
AAPL,0.017676767676767412,-0.017369727047146146,2005-07-01,1.32,1.59,1.3,1.52,10094246400,1.343333333333333,3,0,indicator <= low
AAPL,-0.06578947368421058,0.07042253521126768,2005-08-01,1.52,1.73,1.5,1.67,9400806800,1.42,3,1,indicator <= low
AAPL,-0.10317460317460318,0.11504424778761063,2005-09-01,1.68,1.95,1.65,1.91,12347770400,1.5066666666666666,3,1,indicator <= low
AAPL,-0.11398963730569947,0.1286549707602339,2005-10-01,1.93,2.07,1.71,2.06,18643447200,1.71,3,1,indicator <= low
AAPL,-0.07679738562091495,0.0831858407079645,2005-11-01,2.04,2.54,2.03,2.42,13456427600,1.8833333333333335,3,1,indicator <= low
AAPL,-0.12872628726287272,0.14774494556765175,2005-12-01,2.46,2.69,2.46,2.57,13064164400,2.143333333333333,3,1,indicator <= low
AAPL,-0.08751608751608748,0.09590973201692521,2006-01-01,2.59,3.09,2.53,2.7,21878371200,2.3633333333333333,3,1,indicator <= low
AAPL,-0.03855721393034832,0.04010349288486423,2006-02-01,2.68,2.73,2.25,2.45,18760697200,2.5766666666666667,3,0,indicator <= low
AAPL,0.04742547425474256,-0.04527813712807246,2006-03-01,2.46,2.5,2.06,2.24,23192632400,2.5766666666666667,3,0,indicator <= low
AAPL,0.08810572687224677,-0.08097165991902841,2006-04-01,2.27,2.57,2.18,2.51,20119282400,2.47,3,0,indicator <= low
AAPL,-0.043478260869565175,0.04545454545454541,2006-05-01,2.53,2.64,2.1,2.13,15608779200,2.42,3,0,indicator <= low
AAPL,0.08099688473520228,-0.07492795389048973,2006-06-01,2.14,2.25,1.98,2.05,17936623600,2.313333333333333,3,0,indicator <= low
AAPL,0.09268292682926849,-0.08482142857142874,2006-07-01,2.05,2.45,1.79,2.43,17479742000,2.24,3,0,indicator <= low
AAPL,-0.08472222222222214,0.09256449165402116,2006-08-01,2.4,2.5,2.23,2.42,17887646000,2.1966666666666668,3,1,indicator <= low
AAPL,-0.061224489795918505,0.06521739130434799,2006-09-01,2.45,2.78,2.42,2.75,17721558400,2.3,3,1,indicator <= low
AAPL,-0.06343283582089566,0.0677290836653388,2006-10-01,2.68,2.95,2.59,2.9,14387956800,2.51,3,1,indicator <= low
AAPL,-0.07701149425287335,0.08343711083437086,2006-11-01,2.9,3.33,2.78,3.27,13834884000,2.676666666666667,3,1,indicator <= low
AAPL,-0.09959349593495935,0.11060948081264109,2006-12-01,3.28,3.3,2.74,3.03,16890792800,2.953333333333333,3,0,indicator <= low
AAPL,0.0021645021645020704,-0.0021598272138228,2007-01-01,3.08,3.49,2.92,3.06,27209781200,3.0866666666666664,3,0,indicator <= low
AAPL,0.021645021645021568,-0.021186440677966028,2007-02-01,3.08,3.24,2.96,3.02,13722354800,3.1466666666666665,3,0,indicator <= low
AAPL,0.017777777777777743,-0.01746724890829691,2007-03-01,3.0,3.46,2.99,3.32,15918644000,3.0533333333333332,3,0,indicator <= low
AAPL,-0.06349206349206338,0.06779661016949139,2007-04-01,3.36,3.66,3.2,3.56,13459740000,3.146666666666667,3,1,indicator <= low
AAPL,-0.0711610486891386,0.07661290322580648,2007-05-01,3.56,4.36,3.52,4.33,17365068000,3.3066666666666666,3,1,indicator <= low
AAPL,-0.1327160493827161,0.15302491103202856,2007-06-01,4.32,4.56,4.12,4.36,23279541600,3.7466666666666666,3,1,indicator <= low
AAPL,-0.05864197530864209,0.06229508196721325,2007-07-01,4.32,5.32,4.26,4.71,24018573600,4.066666666666666,3,1,indicator <= low
AAPL,-0.06289308176100626,0.0671140939597315,2007-08-01,4.77,4.99,3.99,4.95,24360798000,4.47,3,0,indicator <= low
AAPL,-0.06066666666666674,0.06458481192334997,2007-09-01,5.0,5.54,4.64,5.48,20931223600,4.696666666666666,3,0,indicator <= low
AAPL,-0.07669082125603857,0.08306082406801822,2007-10-01,5.52,6.79,5.46,6.78,23277791600,5.096666666666667,3,1,indicator <= low
AAPL,-0.14638971315529187,0.17149478563151807,2007-11-01,6.74,6.88,5.38,6.51,26199790400,5.753333333333333,3,0,indicator <= low
AAPL,-0.036979969183359045,0.03840000000000003,2007-12-01,6.49,7.25,6.32,7.07,17252678800,6.25,3,1,indicator <= low
AAPL,-0.04728464419475646,0.049631449631449526,2008-01-01,7.12,7.15,4.51,4.83,35173888400,6.783333333333334,3,0,indicator <= low
AAPL,0.2648870636550308,-0.20941558441558442,2008-02-01,4.87,4.88,4.12,4.47,24865954400,6.16,3,0,indicator <= low
AAPL,0.23348348348348336,-0.1892878880097382,2008-03-01,4.44,5.2,4.21,5.12,22927273600,5.476666666666667,3,0,indicator <= low
AAPL,-0.07215836526181359,0.07777013076393674,2008-04-01,5.22,6.43,5.13,6.21,22786982400,4.843333333333333,3,1,indicator <= low
AAPL,-0.1514666666666666,0.17850408548082958,2008-05-01,6.25,6.87,6.14,6.74,18588214400,5.303333333333334,3,1,indicator <= low
AAPL,-0.0994065281899111,0.11037891268533787,2008-06-01,6.74,6.78,5.86,5.98,19475794800,6.069999999999999,3,0,indicator <= low
AAPL,0.07098239636570121,-0.0662778366914103,2008-07-01,5.87,6.46,5.23,5.68,19749760800,6.286666666666666,3,0,indicator <= low
AAPL,0.06946876824284877,-0.06495633187772923,2008-08-01,5.71,6.44,5.46,6.05,13085755200,6.1066666666666665,3,0,indicator <= low
AAPL,-0.0400432900432901,0.04171364148816241,2008-09-01,6.16,6.2,3.59,4.06,24067562400,5.913333333333333,3,0,indicator <= low
AAPL,0.3224999999999998,-0.2438563327032135,2008-10-01,4.0,4.16,3.04,3.84,41426711200,5.289999999999999,3,0,indicator <= low
AAPL,0.22927689594356263,-0.18651362984218078,2008-11-01,3.78,3.99,2.83,3.31,23619461600,4.6466666666666665,3,0,indicator <= low
AAPL,0.12883435582822084,-0.11413043478260869,2008-12-01,3.26,3.7,3.02,3.05,20213846800,3.6799999999999997,3,0,indicator <= low
AAPL,0.09771986970684034,-0.08902077151335307,2009-01-01,3.07,3.47,2.79,3.22,18105740800,3.3699999999999997,3,0,indicator <= low
AAPL,-0.003144654088050387,0.0031545741324921863,2009-02-01,3.18,3.68,3.09,3.19,13867450800,3.17,3,0,indicator <= low
AAPL,-0.005291005291005413,0.005319148936170337,2009-03-01,3.15,3.93,2.94,3.75,15424598000,3.133333333333333,3,0,indicator <= low
AAPL,-0.099462365591398,0.11044776119403003,2009-04-01,3.72,4.54,3.71,4.49,11821681200,3.3499999999999996,3,1,indicator <= low
AAPL,-0.15664439495174468,0.18573943661971837,2009-05-01,4.49,4.85,4.26,4.85,9457142800,3.7866666666666666,3,1,indicator <= low
AAPL,-0.10472279260780301,0.11697247706422036,2009-06-01,4.87,5.23,4.75,5.09,12675572000,4.359999999999999,3,1,indicator <= low
AAPL,-0.057291666666666775,0.06077348066298355,2009-07-01,5.12,5.89,4.8,5.84,10942136800,4.826666666666666,3,0,indicator <= low
AAPL,-0.10225988700564989,0.11390811831340487,2009-08-01,5.9,6.16,5.69,6.01,8165124800,5.296666666666666,3,1,indicator <= low
AAPL,-0.05444444444444452,0.05757931844888375,2009-09-01,6.0,6.75,5.86,6.62,9989319200,5.673333333333333,3,1,indicator <= low
AAPL,-0.06747230614300109,0.07235421166306705,2009-10-01,6.62,7.45,6.45,6.73,12956176800,6.173333333333333,3,1,indicator <= low
AAPL,-0.04621435594886937,0.04845360824742284,2009-11-01,6.78,7.43,6.63,7.14,8454784800,6.466666666666666,3,1,indicator <= low
AAPL,-0.048014773776546754,0.05043646944713884,2009-12-01,7.22,7.64,6.74,7.53,11393958800,6.873333333333332,3,0,indicator <= low
AAPL,-0.05424321959755039,0.05735430157261804,2010-01-01,7.62,7.7,6.79,6.86,15168994400,7.206666666666666,3,0,indicator <= low
AAPL,0.05337214944201825,-0.05066789497927205,2010-02-01,6.87,7.33,6.82,7.31,10776080000,7.2366666666666655,3,0,indicator <= low
AAPL,-0.009523809523809441,0.009615384615384533,2010-03-01,7.35,8.48,7.34,8.39,12154172800,7.28,3,1,indicator <= low
AAPL,-0.10770440251572334,0.12070484581497806,2010-04-01,8.48,9.73,8.31,9.32,12367129600,7.566666666666666,3,1,indicator <= low
AAPL,-0.10651096956829446,0.11920792079207927,2010-05-01,9.42,9.57,7.12,9.17,18082654800,8.416666666666666,3,0,indicator <= low
AAPL,-0.023013304566702582,0.023555391976444563,2010-06-01,9.27,9.96,8.65,8.98,16651252800,9.056666666666667,3,0,indicator <= low
AAPL,0.01945668135095439,-0.019085343896290876,2010-07-01,9.08,9.5,8.56,9.19,15669704400,9.256666666666666,3,0,indicator <= low
AAPL,-0.008960573476702573,0.009041591320072397,2010-08-01,9.3,9.44,8.41,8.68,9589120800,9.216666666666667,3,0,indicator <= low
AAPL,0.02639517345399709,-0.02571638501102141,2010-09-01,8.84,10.53,8.8,10.13,11849919200,9.073333333333334,3,0,indicator <= low
AAPL,-0.0750163078930203,0.08110014104372365,2010-10-01,10.22,11.39,9.92,10.75,12234577600,9.453333333333333,3,1,indicator <= low
AAPL,-0.07784986098239093,0.08442211055276362,2010-11-01,10.79,11.48,10.63,11.11,9508086000,9.950000000000001,3,1,indicator <= low
AAPL,-0.04470100651272947,0.046792686705918865,2010-12-01,11.26,11.67,11.25,11.52,6973234800,10.756666666666666,3,1,indicator <= low
AAPL,-0.03468042419031248,0.035926365795724544,2011-01-01,11.63,12.45,11.6,12.12,10841535600,11.226666666666667,3,1,indicator <= low
AAPL,-0.04074377905386925,0.04247434435575822,2011-02-01,12.19,13.03,12.06,12.61,9295949600,11.693333333333333,3,1,indicator <= low
AAPL,-0.04146981627296593,0.043263964950712,2011-03-01,12.7,12.92,11.65,12.45,11306458800,12.173333333333332,3,0,indicator <= low
AAPL,-0.0050505050505051325,0.0050761421319797774,2011-04-01,12.54,12.68,11.43,12.5,9253829200,12.476666666666665,3,0,indicator <= low
AAPL,0.006938884440885989,-0.006891068115557859,2011-05-01,12.49,12.57,11.77,12.42,6912060400,12.576666666666666,3,0,indicator <= low
AAPL,0.0029427501337614017,-0.0029341157642038197,2011-06-01,12.46,12.58,11.09,11.99,9263850400,12.496666666666668,3,0,indicator <= low
AAPL,0.026388888888889017,-0.02571041948579173,2011-07-01,12.0,14.45,11.94,13.95,10653946800,12.316666666666668,3,0,indicator <= low
AAPL,-0.09289232934553134,0.10240496508921647,2011-08-01,14.21,14.27,12.61,13.74,16142599200,12.89,3,0,indicator <= low
AAPL,-0.032656023222061036,0.03375843960990256,2011-09-01,13.78,15.1,13.09,13.62,11977448000,13.329999999999998,3,0,indicator <= low
AAPL,0.020373097692685367,-0.01996632186673086,2011-10-01,13.58,15.24,12.65,14.46,13141427600,13.856666666666667,3,0,indicator <= low
AAPL,-0.023960535588442557,0.024548736462093854,2011-11-01,14.19,14.57,12.98,13.65,8963701600,13.85,3,0,indicator <= low
AAPL,0.01098096632503663,-0.01086169442433022,2011-12-01,13.66,14.61,13.49,14.46,6306532400,13.81,3,0,indicator <= low
AAPL,-0.031691746466028244,0.0327289851659995,2012-01-01,14.62,16.37,14.61,16.3,6859854400,14.156666666666666,3,1,indicator <= low
AAPL,-0.09081653431073099,0.09988801791713323,2012-02-01,16.37,19.56,16.21,19.37,11368554400,14.883333333333335,3,1,indicator <= low
AAPL,-0.13908750425604358,0.16155823610836462,2012-03-01,19.58,22.19,18.44,21.41,15584338000,16.856666666666666,3,1,indicator <= low
AAPL,-0.10904296572049017,0.12238857938718666,2012-04-01,21.49,23.0,19.82,20.86,15598990400,19.146666666666665,3,1,indicator <= low
AAPL,-0.011329184617839546,0.0114590058102002,2012-05-01,20.89,21.31,18.65,20.63,11106345600,20.653333333333332,3,0,indicator <= low
AAPL,0.028201344482702125,-0.027427842449370157,2012-06-01,20.33,21.07,19.59,20.86,7855825600,20.903333333333332,3,0,indicator <= low
AAPL,-0.0086206896551724,0.00869565217391303,2012-07-01,20.88,22.14,20.36,21.81,8909650400,20.7,3,0,indicator <= low
AAPL,-0.04227272727272742,0.044138585666825034,2012-08-01,22.0,24.32,21.44,23.76,8276206400,21.069999999999997,3,1,indicator <= low
AAPL,-0.0656013456686292,0.07020702070207031,2012-09-01,23.78,25.18,23.43,23.83,9199005200,22.22,3,1,indicator <= low
AAPL,-0.030037546933667038,0.030967741935483822,2012-10-01,23.97,24.17,20.99,21.26,12142830000,23.25,3,0,indicator <= low
AAPL,0.07849563046192257,-0.07278252061930253,2012-11-01,21.36,21.54,18.06,20.9,12929851200,23.036666666666665,3,0,indicator <= low
AAPL,0.046069182389937104,-0.044040282579287535,2012-12-01,21.2,21.24,17.9,19.01,12132752800,22.176666666666666,3,0,indicator <= low
AAPL,0.05055611729019211,-0.04812319538017324,2013-01-01,19.78,19.82,15.54,16.27,13123423600,20.78,3,0,indicator <= low
AAPL,0.16626016260162602,-0.14255838271174626,2013-02-01,16.4,17.32,15.63,15.76,9344034000,19.126666666666665,3,0,indicator <= low
AAPL,0.10443307757885736,-0.09455808568120395,2013-03-01,15.64,16.78,14.96,15.81,9176876800,17.27333333333333,3,0,indicator <= low
AAPL,0.010139416983523344,-0.010037641154328631,2013-04-01,15.78,15.9,13.75,15.81,10963489600,15.939999999999998,3,0,indicator <= low
AAPL,-0.006721277042638033,0.0067667582998519075,2013-05-01,15.87,16.63,14.96,16.06,9447530400,15.763333333333334,3,0,indicator <= low
AAPL,-0.011387163561076729,0.01151832460732997,2013-06-01,16.1,16.23,13.89,14.16,7018536000,15.916666666666666,3,0,indicator <= low
AAPL,0.07440890125173855,-0.06925566343042072,2013-07-01,14.38,16.33,14.33,16.16,6538114800,15.450000000000001,3,0,indicator <= low
AAPL,-0.042588042588042586,0.04448246364414029,2013-08-01,16.28,18.35,16.19,17.4,8058338400,15.586666666666668,3,1,indicator <= low
AAPL,-0.08631459398069277,0.09446861404599127,2013-09-01,17.61,18.14,15.97,17.03,8630941200,16.09,3,0,indicator <= low
AAPL,-0.005656329237370627,0.005688505296194429,2013-10-01,17.09,19.26,17.08,18.67,7837732000,16.993333333333336,3,1,indicator <= low
AAPL,-0.048789173789173634,0.05129165106701593,2013-11-01,18.72,19.94,18.3,19.86,5225155600,17.80666666666667,3,1,indicator <= low
AAPL,-0.06773707977922737,0.07265877287405821,2013-12-01,19.93,20.54,19.24,20.04,7057397200,18.58,3,1,indicator <= low
AAPL,-0.017632241813602085,0.01794871794871802,2014-01-01,19.85,20.01,17.63,17.88,8765954400,19.5,3,0,indicator <= low
AAPL,0.07205199628597955,-0.06720942317685777,2014-02-01,17.95,19.69,17.83,18.79,5880366800,19.243333333333332,3,0,indicator <= low
AAPL,0.00749063670411969,-0.007434944237918057,2014-03-01,18.69,19.61,18.67,19.17,5001698800,18.83,3,0,indicator <= low
AAPL,-0.0308866909595695,0.03187108325872856,2014-04-01,19.21,21.41,18.26,21.07,6435060800,18.61666666666667,3,0,indicator <= low
AAPL,-0.06906338694418152,0.07418699186991855,2014-05-01,21.14,23.01,20.73,22.61,5735668400,19.680000000000003,3,1,indicator <= low
AAPL,-0.0725853945818609,0.07826639149071268,2014-06-01,22.64,23.76,22.23,23.23,4827739200,20.99666666666667,3,1,indicator <= low
AAPL,-0.042486455660108315,0.04437164979154254,2014-07-01,23.38,24.86,23.14,23.9,4140344000,22.386666666666667,3,1,indicator <= low
AAPL,-0.02022756005056892,0.020645161290322598,2014-08-01,23.73,25.73,23.32,25.62,3748308000,23.25,3,1,indicator <= low
AAPL,-0.0570652173913043,0.06051873198847257,2014-09-01,25.76,25.93,24.03,25.19,6105680000,24.290000000000003,3,0,indicator <= low
AAPL,-0.010735586481113304,0.010852090032154324,2014-10-01,25.15,27.01,23.8,27.0,5441120800,24.88,3,0,indicator <= low
AAPL,-0.03954175905395419,0.04116968064640247,2014-11-01,27.06,29.94,26.93,29.73,3281632800,25.99,3,1,indicator <= low
AAPL,-0.08069584736251409,0.08777926993041149,2014-12-01,29.7,29.81,26.57,27.59,4294378400,27.30333333333333,3,0,indicator <= low
AAPL,0.012687013764212987,-0.012528069968088822,2015-01-01,27.85,30.0,26.16,29.29,5221053600,28.203333333333333,3,0,indicator <= low
AAPL,-0.01660454083361579,0.016884906960716817,2015-02-01,29.51,33.4,29.02,32.12,4546140800,29.02,3,1,indicator <= low
AAPL,-0.07489941194676565,0.0809635329541652,2015-03-01,32.31,32.57,30.41,31.11,4554568400,29.890000000000004,3,1,indicator <= low
AAPL,-0.006196581196581026,0.00623521823263797,2015-04-01,31.2,33.63,30.77,31.29,3984542000,31.00666666666667,3,0,indicator <= low
AAPL,0.004970389170896773,-0.0049458065873934426,2015-05-01,31.52,33.24,30.84,32.57,3816608400,31.676666666666666,3,0,indicator <= low
AAPL,-0.024767168150649936,0.02539615909329421,2015-06-01,32.57,32.85,31.12,31.36,3514426800,31.763333333333332,3,0,indicator <= low
AAPL,0.006618342262842651,-0.006574827802128908,2015-07-01,31.73,33.24,29.81,30.33,4233122400,31.939999999999998,3,0,indicator <= low
AAPL,0.038841342988808536,-0.03738910012674281,2015-08-01,30.38,30.64,23.0,28.19,6427276400,31.560000000000002,3,0,indicator <= low
AAPL,0.08508835633018653,-0.07841606246514235,2015-09-01,27.54,29.22,26.84,27.58,4826189200,29.883333333333336,3,0,indicator <= low
AAPL,0.041315242635374595,-0.0396760183120084,2015-10-01,27.27,30.31,26.83,29.88,4450048400,28.396666666666665,3,0,indicator <= low
AAPL,-0.06169977924944824,0.06575696976826269,2015-11-01,30.2,30.95,27.75,29.58,3002562400,28.336666666666662,3,0,indicator <= low
AAPL,-0.021443808240709676,0.02191372189077571,2015-12-01,29.69,29.97,26.2,26.32,3687660800,29.05333333333333,3,0,indicator <= low
AAPL,0.11163092917478896,-0.1004208557400048,2016-01-01,25.65,26.46,23.1,24.33,5087392000,28.513333333333335,3,0,indicator <= low
AAPL,0.09812050856826977,-0.08935313365215204,2016-02-01,24.12,24.72,23.15,24.17,3243450400,26.486666666666668,3,0,indicator <= low
AAPL,0.012972825344804179,-0.01280668643839323,2016-03-01,24.41,27.6,24.35,27.25,2984198400,24.72666666666667,3,0,indicator <= low
AAPL,-0.07171754321441717,0.077258320126783,2016-04-01,27.19,28.1,23.13,23.43,3489534800,25.24,3,0,indicator <= low
AAPL,0.0655598126862496,-0.06152616859768289,2016-05-01,23.49,25.18,22.37,24.97,3602686000,25.03,3,0,indicator <= low
AAPL,0.015892255892255937,-0.015643643112819877,2016-06-01,24.75,25.47,22.88,23.9,3117990800,25.143333333333334,3,0,indicator <= low
AAPL,0.006982265046781076,-0.006933851060879114,2016-07-01,23.87,26.14,23.59,26.05,2743118400,24.036666666666665,3,0,indicator <= low
AAPL,-0.0457215836526182,0.04791220556745189,2016-08-01,26.1,27.56,26.0,26.52,2520514000,24.906666666666666,3,1,indicator <= low
AAPL,-0.038823972860912215,0.040392156862745145,2016-09-01,26.53,29.05,25.63,28.26,3872062400,25.5,3,1,indicator <= low
AAPL,-0.044121126094156575,0.04615765375572326,2016-10-01,28.18,29.67,28.07,28.39,2747657200,26.936666666666667,3,1,indicator <= low
AAPL,-0.023624823695345618,0.02419646081617919,2016-11-01,28.36,28.44,26.02,27.63,2886220000,27.689999999999998,3,0,indicator <= low
AAPL,0.01643107406064999,-0.016165458219422318,2016-12-01,27.59,29.5,27.06,28.95,2435086800,28.043333333333333,3,0,indicator <= low
AAPL,-0.022452504317789244,0.022968197879858605,2017-01-01,28.95,30.61,28.69,30.34,2252488000,28.3,3,1,indicator <= low
AAPL,-0.07325776658270365,0.0790486976217441,2017-02-01,31.76,34.37,31.75,34.25,2299874400,29.433333333333334,3,1,indicator <= low
AAPL,-0.07958611352867236,0.08646774532464813,2017-03-01,34.47,36.12,34.26,35.92,2246513600,31.726666666666663,3,1,indicator <= low
AAPL,-0.05223119027739118,0.05510963194988249,2017-04-01,35.93,36.37,35.01,35.91,1493216400,34.053333333333335,3,1,indicator <= low
AAPL,-0.01984564498346193,0.02024746906636667,2017-05-01,36.28,39.16,36.07,38.19,2615927200,35.56,3,1,indicator <= low
AAPL,-0.038043005136240884,0.03954751131221711,2017-06-01,38.29,38.99,35.55,36.01,2736712400,36.833333333333336,3,0,indicator <= low
AAPL,0.01960242959690781,-0.01922556187381535,2017-07-01,36.22,38.5,35.6,37.18,1688047600,36.93,3,0,indicator <= low
AAPL,-0.00044706723891289765,0.00044726719742390627,2017-08-01,37.28,41.13,37.1,41.0,2644276000,37.26333333333333,3,0,indicator <= low
AAPL,-0.07200647249190943,0.07759372275501313,2017-09-01,41.2,41.24,37.29,38.53,2721496400,38.233333333333334,3,0,indicator <= low
AAPL,0.01175656984785615,-0.011619958988380035,2017-10-01,38.56,42.41,38.12,42.26,2017165200,39.013333333333335,3,0,indicator <= low
AAPL,-0.04065614943881956,0.04237912132864272,2017-11-01,42.47,44.06,41.32,42.96,2402653600,40.74333333333333,3,1,indicator <= low
AAPL,-0.03098768337648065,0.03197862694300509,2017-12-01,42.49,44.3,41.62,42.31,2124735200,41.17333333333334,3,1,indicator <= low
AAPL,-0.0009402914903619922,0.0009411764705882153,2018-01-01,42.54,45.03,41.17,41.86,2638717600,42.5,3,0,indicator <= low
AAPL,0.011565765334609578,-0.011433527834726407,2018-02-01,41.79,45.15,37.56,44.53,3711577200,42.27333333333333,3,0,indicator <= low
AAPL,-0.03682127119277045,0.03822890818858589,2018-03-01,44.63,45.88,41.24,41.94,2854910800,42.98666666666666,3,0,indicator <= low
AAPL,0.024803968634981553,-0.02420362273579009,2018-04-01,41.66,44.74,40.16,41.31,2664617200,42.69333333333333,3,0,indicator <= low
AAPL,0.02475961538461541,-0.024161388693408423,2018-05-01,41.6,47.59,41.32,46.72,2483905200,42.63,3,0,indicator <= low
AAPL,-0.07617021276595756,0.08245048364808857,2018-06-01,47.0,48.55,45.18,46.28,2110498000,43.419999999999995,3,1,indicator <= low
AAPL,-0.024078909196402723,0.02467300832342455,2018-07-01,45.96,48.99,45.85,47.57,1574765600,44.85333333333333,3,1,indicator <= low
AAPL,-0.04419445560466042,0.04623791509037401,2018-08-01,49.78,57.22,49.33,56.91,2801275600,47.580000000000005,3,1,indicator <= low
AAPL,-0.10776415645067138,0.12077990054959441,2018-09-01,57.1,57.42,53.83,56.44,2715888000,50.946666666666665,3,1,indicator <= low
AAPL,-0.04152775340703048,0.04332702752181608,2018-10-01,56.99,58.37,51.52,54.72,3158994000,54.623333333333335,3,0,indicator <= low
AAPL,0.027818358899439982,-0.027065442700621858,2018-11-01,54.76,55.59,42.56,44.65,3845305600,56.28333333333333,3,0,indicator <= low
AAPL,0.1410089621277827,-0.12358269462215754,2018-12-01,46.12,46.24,36.65,39.44,3595690000,52.623333333333335,3,0,indicator <= low
AAPL,0.2017906336088154,-0.16790830945558738,2019-01-01,38.72,42.25,35.5,41.61,3312349600,46.53333333333333,3,0,indicator <= low
AAPL,0.010860884842676884,-0.010744193395481114,2019-02-01,41.74,43.97,41.48,43.29,1890162400,42.193333333333335,3,0,indicator <= low
AAPL,-0.051105500726799785,0.05385793759574296,2019-03-01,43.57,49.42,42.38,47.49,2603925600,41.343333333333334,3,1,indicator <= low
AAPL,-0.07312321714325466,0.07889205824951202,2019-04-01,47.91,52.12,47.1,50.17,2024470800,44.406666666666666,3,1,indicator <= low
AAPL,-0.08550917984880259,0.09350468912816962,2019-05-01,52.47,53.83,43.75,43.77,2957826400,47.98333333333333,3,0,indicator <= low
AAPL,0.09552012148823087,-0.08719157194344335,2019-06-01,43.9,50.39,42.57,49.48,2060874800,48.093333333333334,3,0,indicator <= low
AAPL,-0.034193082627813835,0.03540364229410162,2019-07-01,50.79,55.34,49.6,53.26,1895406800,49.053333333333335,3,1,indicator <= low
AAPL,-0.07636681004924885,0.08268088552915773,2019-08-01,53.47,54.51,48.15,52.19,2724326400,49.38666666666666,3,0,indicator <= low
AAPL,0.006717044500419902,-0.00667222685571318,2019-09-01,51.61,56.6,51.06,55.99,2170268400,51.95666666666667,3,0,indicator <= low
AAPL,-0.04419169480481023,0.04623489308955696,2019-10-01,56.27,62.44,53.78,62.19,2433210800,53.78333333333333,3,0,indicator <= low
AAPL,-0.0901998503793952,0.09914248795959131,2019-11-01,62.38,67.0,62.29,66.81,1793326000,56.75333333333333,3,1,indicator <= low
AAPL,-0.07477801057567589,0.08082169623119635,2019-12-01,66.82,73.49,64.07,73.41,2388794800,61.82333333333333,3,1,indicator <= low
AAPL,-0.08515617967413816,0.09308275115615476,2020-01-01,74.06,81.96,73.19,77.38,2934370400,67.75333333333333,3,1,indicator <= low
AAPL,-0.04934051969677048,0.0519013597603134,2020-02-01,76.07,81.81,64.09,68.34,3019279200,72.31666666666666,3,0,indicator <= low
AAPL,0.042463747579235794,-0.04073402809243321,2020-03-01,70.57,76.0,53.15,63.57,6280072400,73.56666666666666,3,0,indicator <= low
AAPL,0.12658227848101272,-0.1123595505617978,2020-04-01,61.62,73.63,59.22,73.45,3265299200,69.42,3,0,indicator <= low
AAPL,-0.05091298677100797,0.05364417177914106,2020-05-01,71.56,81.06,71.46,79.49,2805936000,67.91666666666667,3,1,indicator <= low
AAPL,-0.10783820073850281,0.12087291882231205,2020-06-01,79.44,93.1,79.3,91.2,3243375600,70.87333333333333,3,1,indicator <= low
AAPL,-0.11524978089395263,0.1302625061911837,2020-07-01,91.28,106.42,89.14,106.26,3020283200,80.76,3,1,indicator <= low
AAPL,-0.1407270486752926,0.16377455901333707,2020-08-01,108.2,131.0,107.89,129.04,4070061100,92.97333333333334,3,1,indicator <= low
AAPL,-0.16581299588229378,0.19877197206838418,2020-09-01,132.76,137.98,103.1,115.81,3885245100,110.74666666666667,3,0,indicator <= low
AAPL,0.01609429899127291,-0.0158393753485779,2020-10-01,117.64,125.39,107.72,108.86,2894666500,119.53333333333335,3,0,indicator <= low
AAPL,0.09831057342742791,-0.0895107229284303,2020-11-01,109.11,121.99,107.32,119.05,2123077300,119.83666666666666,3,0,indicator <= low
AAPL,-0.042062639451284925,0.0439095928226362,2020-12-01,121.01,138.79,120.01,132.69,2322189600,115.92000000000002,3,1,indicator <= low
AAPL,-0.0921709606550828,0.10152898471015281,2021-01-01,133.52,145.09,126.38,131.96,2240262000,121.21333333333335,3,1,indicator <= low
AAPL,-0.03232398753894074,0.03340372926753881,2021-02-01,133.75,137.88,118.39,121.26,1833855600,129.42666666666668,3,0,indicator <= low
AAPL,0.05325252525252528,-0.05056007365352158,2021-03-01,123.75,128.72,116.21,122.15,2650418200,130.34,3,0,indicator <= low
AAPL,0.02744083238988623,-0.0267079441704271,2021-04-01,123.66,137.07,122.49,131.46,1889857500,127.05333333333333,3,0,indicator <= low
AAPL,-0.04208320710895682,0.043932006852022594,2021-05-01,132.04,134.07,122.25,124.61,1711934900,126.48333333333333,3,0,indicator <= low
AAPL,0.014763884447287049,-0.01454908346026575,2021-06-01,125.08,137.41,123.13,136.96,1606590000,126.92666666666666,3,0,indicator <= low
AAPL,-0.03923865300146402,0.04084120694910077,2021-07-01,136.6,150.0,135.76,145.86,1919035100,131.24,3,1,indicator <= low
AAPL,-0.07069326774164159,0.07607097343397703,2021-08-01,146.36,153.49,144.5,151.83,1461542800,136.01333333333335,3,1,indicator <= low
AAPL,-0.04951034918973148,0.05208930907088273,2021-09-01,152.83,157.26,141.27,141.5,1797835100,145.26333333333335,3,0,indicator <= low
AAPL,0.03615221987315007,-0.034890838604366425,2021-10-01,141.9,153.17,138.27,149.8,1565079200,147.03,3,0,indicator <= low
AAPL,-0.007271181511063446,0.007324438835301606,2021-11-01,148.99,165.7,147.48,165.3,1691029000,147.90666666666667,3,0,indicator <= low
AAPL,-0.08771196560783376,0.09614503566987367,2021-12-01,167.48,182.13,157.8,177.57,2444766700,152.79,3,1,indicator <= low
AAPL,-0.07345967122157865,0.07928383572729111,2022-01-01,177.83,182.94,154.7,174.78,2108446000,164.76666666666668,3,0,indicator <= low
AAPL,-0.005191272532229964,0.005218362474004483,2022-02-01,174.01,176.65,152.0,165.12,1627516300,173.10666666666665,3,0,indicator <= low
AAPL,0.04541590771098962,-0.0434429085840399,2022-03-01,164.7,179.61,150.1,174.61,2180800100,172.17999999999998,3,0,indicator <= low
AAPL,-0.01790878967227877,0.018235362951983507,2022-04-01,174.03,178.49,155.38,157.65,1687795600,170.91333333333333,3,0,indicator <= low
AAPL,0.053836172973432884,-0.05108590343936703,2022-05-01,156.71,166.48,132.61,148.84,2401040300,165.14666666666668,3,0,indicator <= low
AAPL,0.06880142317100288,-0.0643725033288948,2022-06-01,149.9,151.74,129.04,136.72,1749099800,160.21333333333334,3,0,indicator <= low
AAPL,0.08460746839164966,-0.07800745509996623,2022-07-01,136.04,163.63,135.66,162.51,1447125400,147.55,3,0,indicator <= low
AAPL,-0.07469515351013398,0.08072491330126416,2022-08-01,161.01,176.15,157.14,157.22,1510239600,148.98333333333332,3,1,indicator <= low
AAPL,-0.034537793667007134,0.035773325398399766,2022-09-01,156.64,164.26,138.0,138.2,2084722800,151.23,3,0,indicator <= low
AAPL,0.09943805320406149,-0.09044443469486249,2022-10-01,138.21,157.5,134.37,153.34,1868139700,151.95333333333335,3,0,indicator <= low
AAPL,-0.03290774653942064,0.03402751539128322,2022-11-01,155.08,155.45,134.38,148.03,1724847700,149.97666666666666,3,0,indicator <= low
AAPL,-0.007039560983289594,0.007089467723669428,2022-12-01,148.21,150.92,125.87,129.93,1675731200,147.16666666666666,3,0,indicator <= low
AAPL,0.10932862552451135,-0.09855386673432207,2023-01-01,130.28,147.23,124.17,144.29,1443652500,144.52333333333334,3,0,indicator <= low
AAPL,-0.021879558241300112,0.02236898167873865,2023-02-01,143.97,157.38,141.32,147.41,1307198900,140.82000000000002,3,1,indicator <= low
AAPL,-0.04406456446230353,0.04609575377600476,2023-03-01,146.83,165.0,143.9,164.9,1520266600,140.35999999999999,3,1,indicator <= low
AAPL,-0.07658123820539346,0.08293229613026555,2023-04-01,164.27,169.85,159.78,169.68,969776400,151.69000000000003,3,1,indicator <= low
AAPL,-0.05407214870825458,0.05716307922894377,2023-05-01,169.28,179.35,164.31,177.25,1275364700,160.12666666666667,3,1,indicator <= low
AAPL,-0.04098668167323203,0.04273838630806845,2023-06-01,177.7,194.48,176.93,193.97,1297383300,170.41666666666666,3,1,indicator <= low
AAPL,-0.06980424536415869,0.07504253273171095,2023-07-01,193.78,198.23,186.6,196.45,996114000,180.25333333333333,3,1,indicator <= low
AAPL,-0.03567060741948634,0.03699006552525893,2023-08-01,196.24,196.73,171.96,187.87,1322657800,189.24,3,0,indicator <= low
AAPL,0.01942054989709208,-0.019050577211782257,2023-09-01,189.49,189.98,167.62,171.21,1337823000,193.17,3,0,indicator <= low
AAPL,0.08427753767083289,-0.07772690546727717,2023-10-01,171.22,182.34,165.67,170.77,1172816900,185.65,3,0,indicator <= low
AAPL,0.03647173489278759,-0.035188354554174336,2023-11-01,171.0,192.93,170.12,189.95,1099651600,177.23666666666668,3,0,indicator <= low
AAPL,-0.0673216693812501,0.07218101586705472,2023-12-01,190.33,199.62,187.45,192.53,1063181200,177.51666666666668,3,1,indicator <= low
AAPL,-0.023100899456763684,0.023647170361726897,2024-01-01,187.15,196.38,180.17,184.4,1187490800,182.82666666666668,3,0,indicator <= low
AAPL,0.01721108031233576,-0.016919871052772137,2024-02-01,183.99,191.05,179.25,180.75,1161553500,187.15666666666667,3,0,indicator <= low
AAPL,0.02235217673814174,-0.021863480361001737,2024-03-01,179.55,180.53,168.49,171.48,1433151800,183.56333333333336,3,0,indicator <= low
AAPL,0.041201783593278474,-0.039571372468348555,2024-04-01,171.19,178.36,164.08,170.33,1246144100,178.24333333333334,3,0,indicator <= low
AAPL,0.022762118174313086,-0.02225553505535063,2024-05-01,169.58,193.0,169.11,192.25,1336511300,173.44000000000003,3,0,indicator <= low
AAPL,-0.07781233799896314,0.08437798639608741,2024-06-01,192.9,220.2,192.15,210.62,1717952100,177.89000000000001,3,1,indicator <= low
AAPL,-0.09697141150769326,0.10738465287084252,2024-07-01,212.09,237.23,211.92,222.08,1153099800,191.52333333333334,3,1,indicator <= low
AAPL,-0.06499680587125437,0.06951506292106271,2024-08-01,224.37,232.92,196.0,229.0,1122667000,209.78666666666666,3,0,indicator <= low
AAPL,-0.03010282213957569,0.0310371272612443,2024-09-01,228.55,233.09,213.92,233.0,1232097700,221.67,3,0,indicator <= low
AAPL,-0.008888114325548938,0.008967821346931562,2024-10-01,229.52,237.49,221.33,225.91,930736000,227.48000000000002,3,0,indicator <= low
AAPL,0.024332111448009525,-0.02375412346842601,2024-11-01,220.97,237.81,219.71,237.33,891588300,226.34666666666666,3,0,indicator <= low
AAPL,-0.03378710610977654,0.034968593695475225,2024-12-01,237.27,260.1,237.16,250.42,977916100,229.25333333333333,3,1,indicator <= low
AAPL,-0.053053736659569556,0.05602613233027411,2025-01-01,248.93,249.1,219.38,236.0,1200176400,235.72333333333336,3,0,indicator <= low
AAPL,0.038001652245749855,-0.03661039668244464,2025-02-01,229.99,250.0,225.7,241.84,862272300,238.73000000000002,3,0,indicator <= low
AAPL,-0.006424307594744668,0.006465846179461836,2025-03-01,241.79,244.03,208.42,222.13,1115239500,240.23666666666668,3,0,indicator <= low
AAPL,0.04876939174741822,-0.046501539929727144,2025-04-01,219.81,225.19,169.21,212.5,1607318600,230.53,3,0,indicator <= low
AAPL,0.06925578725846575,-0.06477008409375566,2025-05-01,209.08,214.56,193.25,200.85,1195728200,223.56000000000003,3,0,indicator <= low
AAPL,0.047150655748618715,-0.04502757601284242,2025-06-01,200.28,207.39,195.07,205.17,1100409300,209.72333333333336,3,0,indicator <= low
AAPL,-0.006419251302398286,0.006460724315374189,2025-07-01,206.67,216.23,206.14,207.57,1079935600,205.34333333333333,3,1,indicator <= low
AAPL,-0.023379333238488335,0.02393901136253295,2025-08-01,210.87,235.12,201.5,232.14,1218079100,205.93999999999997,3,0,indicator <= low
AAPL,-0.059556524900036364,0.0633281281405093,2025-09-01,229.25,257.6,225.95,254.63,1265536400,215.59666666666666,3,1,indicator <= low
AAPL,-0.09143663739021328,0.1006387018815812,2025-10-01,255.04,277.32,244.0,270.37,1097142200,231.72,3,1,indicator <= low
AAPL,-0.06970638266400411,0.07492944309734863,2025-11-01,270.42,280.38,265.32,278.85,877578200,251.57000000000002,3,1,indicator <= low
AAPL,-0.036641367816505406,0.03803502308735859,2025-12-01,278.01,288.62,266.95,271.86,924528800,267.8233333333333,3,0,indicator <= low
AAPL,0.004787090771076698,-0.004764283712485866,2026-01-01,272.26,277.84,243.42,259.48,1040017300,273.56333333333333,3,0,indicator <= low
AAPL,0.03872630081144481,-0.03728248796741945,2026-02-01,260.03,280.91,255.45,264.18,988921000,270.09999999999997,3,0,indicator <= low
AAPL,0.009488967646050108,-0.009399773499433781,2026-03-01,262.41,266.53,253.68,260.83,279734200,264.90000000000003,3,0,indicator <= low
