symbol,moving_average_minus_open_over_open,open_minus_moving_average_over_moving_average,date,open,high,low,close,volume,SMA_1_months,moving_average_window_months,condition,screening_rule
NVDA,0.0,0.0,1999-01-01,0.04,0.05,0.04,0.04,4284288000,0.04,1,1,indicator < high
NVDA,0.0,0.0,1999-02-01,0.04,0.05,0.04,0.05,3146592000,0.04,1,1,indicator < high
NVDA,0.0,0.0,1999-03-01,0.05,0.05,0.04,0.04,2014512000,0.05,1,0,indicator < high
NVDA,0.0,0.0,1999-04-01,0.04,0.05,0.03,0.04,1767024000,0.04,1,1,indicator < high
NVDA,0.0,0.0,1999-05-01,0.04,0.04,0.03,0.04,2482512000,0.04,1,0,indicator < high
NVDA,0.0,0.0,1999-06-01,0.04,0.04,0.03,0.04,2366160000,0.04,1,0,indicator < high
NVDA,0.0,0.0,1999-07-01,0.04,0.05,0.04,0.04,3764064000,0.04,1,1,indicator < high
NVDA,0.0,0.0,1999-08-01,0.04,0.06,0.04,0.06,7894800000,0.04,1,1,indicator < high
NVDA,0.0,0.0,1999-09-01,0.06,0.06,0.03,0.04,6992640000,0.06,1,0,indicator < high
NVDA,0.0,0.0,1999-10-01,0.04,0.05,0.04,0.05,7953504000,0.04,1,1,indicator < high
NVDA,0.0,0.0,1999-11-01,0.05,0.09,0.05,0.07,13917936000,0.05,1,1,indicator < high
NVDA,0.0,0.0,1999-12-01,0.07,0.1,0.07,0.1,4917552000,0.07,1,1,indicator < high
NVDA,0.0,0.0,2000-01-01,0.1,0.1,0.07,0.08,4941456000,0.1,1,0,indicator < high
NVDA,0.0,0.0,2000-02-01,0.08,0.14,0.07,0.13,9160848000,0.08,1,1,indicator < high
NVDA,0.0,0.0,2000-03-01,0.13,0.31,0.12,0.18,17552160000,0.13,1,1,indicator < high
NVDA,0.0,0.0,2000-04-01,0.17,0.23,0.12,0.19,6481728000,0.17,1,1,indicator < high
NVDA,0.0,0.0,2000-05-01,0.19,0.25,0.16,0.24,8695584000,0.19,1,1,indicator < high
NVDA,0.0,0.0,2000-06-01,0.24,0.37,0.24,0.26,13271304000,0.24,1,1,indicator < high
NVDA,0.0,0.0,2000-07-01,0.27,0.32,0.21,0.25,7280352000,0.27,1,1,indicator < high
NVDA,0.0,0.0,2000-08-01,0.25,0.34,0.22,0.33,6079248000,0.25,1,1,indicator < high
NVDA,0.0,0.0,2000-09-01,0.34,0.36,0.26,0.34,5868576000,0.34,1,1,indicator < high
NVDA,0.0,0.0,2000-10-01,0.35,0.36,0.22,0.26,8841576000,0.35,1,1,indicator < high
NVDA,0.0,0.0,2000-11-01,0.25,0.33,0.15,0.17,8675472000,0.25,1,1,indicator < high
NVDA,0.0,0.0,2000-12-01,0.18,0.21,0.11,0.14,14453208000,0.18,1,1,indicator < high
NVDA,0.0,0.0,2001-01-01,0.14,0.24,0.12,0.22,10728648000,0.14,1,1,indicator < high
NVDA,0.0,0.0,2001-02-01,0.22,0.25,0.17,0.19,11644824000,0.22,1,1,indicator < high
NVDA,0.0,0.0,2001-03-01,0.18,0.3,0.17,0.27,28940472000,0.18,1,1,indicator < high
NVDA,0.0,0.0,2001-04-01,0.27,0.37,0.22,0.35,31102920000,0.27,1,1,indicator < high
NVDA,0.0,0.0,2001-05-01,0.35,0.42,0.31,0.36,28041600000,0.35,1,1,indicator < high
NVDA,0.0,0.0,2001-06-01,0.36,0.41,0.35,0.39,20156760000,0.36,1,1,indicator < high
NVDA,0.0,0.0,2001-07-01,0.37,0.38,0.28,0.34,21604512000,0.37,1,1,indicator < high
NVDA,0.0,0.0,2001-08-01,0.34,0.38,0.33,0.35,29863464000,0.34,1,1,indicator < high
NVDA,0.0,0.0,2001-09-01,0.35,0.35,0.21,0.23,21169188000,0.35,1,0,indicator < high
NVDA,0.0,0.0,2001-10-01,0.23,0.42,0.19,0.36,26377200000,0.23,1,1,indicator < high
NVDA,0.0,0.0,2001-11-01,0.36,0.47,0.36,0.46,28734600000,0.36,1,1,indicator < high
NVDA,0.0,0.0,2001-12-01,0.45,0.59,0.44,0.56,17648640000,0.45,1,1,indicator < high
NVDA,0.0,0.0,2002-01-01,0.56,0.61,0.5,0.55,23589180000,0.56,1,1,indicator < high
NVDA,0.0,0.0,2002-02-01,0.55,0.55,0.41,0.43,30995268000,0.55,1,0,indicator < high
NVDA,0.0,0.0,2002-03-01,0.43,0.5,0.35,0.37,27269724000,0.43,1,1,indicator < high
NVDA,0.0,0.0,2002-04-01,0.35,0.37,0.25,0.29,32098620000,0.35,1,1,indicator < high
NVDA,0.0,0.0,2002-05-01,0.29,0.34,0.26,0.28,27800688000,0.29,1,1,indicator < high
NVDA,0.0,0.0,2002-06-01,0.27,0.28,0.14,0.14,28839096000,0.27,1,1,indicator < high
NVDA,0.0,0.0,2002-07-01,0.14,0.19,0.09,0.09,32480220000,0.14,1,1,indicator < high
NVDA,0.0,0.0,2002-08-01,0.09,0.11,0.07,0.08,24041412000,0.09,1,1,indicator < high
NVDA,0.0,0.0,2002-09-01,0.08,0.1,0.07,0.07,17827740000,0.08,1,1,indicator < high
NVDA,0.0,0.0,2002-10-01,0.07,0.1,0.06,0.1,18364572000,0.07,1,1,indicator < high
NVDA,0.0,0.0,2002-11-01,0.1,0.15,0.09,0.14,34187196000,0.1,1,1,indicator < high
NVDA,0.0,0.0,2002-12-01,0.15,0.15,0.09,0.1,21906672000,0.15,1,0,indicator < high
NVDA,0.0,0.0,2003-01-01,0.1,0.12,0.08,0.09,23529132000,0.1,1,1,indicator < high
NVDA,0.0,0.0,2003-02-01,0.09,0.11,0.08,0.11,21243756000,0.09,1,1,indicator < high
NVDA,0.0,0.0,2003-03-01,0.11,0.12,0.1,0.11,18003156000,0.11,1,1,indicator < high
NVDA,0.0,0.0,2003-04-01,0.11,0.12,0.11,0.12,12578136000,0.11,1,1,indicator < high
NVDA,0.0,0.0,2003-05-01,0.12,0.22,0.12,0.22,37281804000,0.12,1,1,indicator < high
NVDA,0.0,0.0,2003-06-01,0.22,0.23,0.18,0.19,23196180000,0.22,1,1,indicator < high
NVDA,0.0,0.0,2003-07-01,0.19,0.21,0.15,0.16,19904292000,0.19,1,1,indicator < high
NVDA,0.0,0.0,2003-08-01,0.16,0.18,0.13,0.15,21743736000,0.16,1,1,indicator < high
NVDA,0.0,0.0,2003-09-01,0.15,0.18,0.13,0.13,23588952000,0.15,1,1,indicator < high
NVDA,0.0,0.0,2003-10-01,0.13,0.16,0.13,0.15,13788444000,0.13,1,1,indicator < high
NVDA,0.0,0.0,2003-11-01,0.15,0.18,0.15,0.18,17760924000,0.15,1,1,indicator < high
NVDA,0.0,0.0,2003-12-01,0.18,0.2,0.16,0.19,12347688000,0.18,1,1,indicator < high
NVDA,0.0,0.0,2004-01-01,0.2,0.22,0.18,0.19,12401580000,0.2,1,1,indicator < high
NVDA,0.0,0.0,2004-02-01,0.19,0.2,0.18,0.19,11862804000,0.19,1,1,indicator < high
NVDA,0.0,0.0,2004-03-01,0.18,0.22,0.17,0.22,13192248000,0.18,1,1,indicator < high
NVDA,0.0,0.0,2004-04-01,0.22,0.23,0.17,0.17,12362592000,0.22,1,1,indicator < high
NVDA,0.0,0.0,2004-05-01,0.17,0.2,0.17,0.2,10290336000,0.17,1,1,indicator < high
NVDA,0.0,0.0,2004-06-01,0.19,0.2,0.16,0.17,9524892000,0.19,1,1,indicator < high
NVDA,0.0,0.0,2004-07-01,0.17,0.17,0.12,0.13,11743992000,0.17,1,0,indicator < high
NVDA,0.0,0.0,2004-08-01,0.13,0.13,0.08,0.1,22610472000,0.13,1,0,indicator < high
NVDA,0.0,0.0,2004-09-01,0.1,0.13,0.1,0.12,15624108000,0.1,1,1,indicator < high
NVDA,0.0,0.0,2004-10-01,0.12,0.13,0.11,0.12,16351632000,0.12,1,1,indicator < high
NVDA,0.0,0.0,2004-11-01,0.12,0.17,0.12,0.16,18380604000,0.12,1,1,indicator < high
NVDA,0.0,0.0,2004-12-01,0.16,0.21,0.16,0.2,17652936000,0.16,1,1,indicator < high
NVDA,0.0,0.0,2005-01-01,0.2,0.21,0.17,0.19,13718760000,0.2,1,1,indicator < high
NVDA,0.0,0.0,2005-02-01,0.19,0.24,0.19,0.24,17263920000,0.19,1,1,indicator < high
NVDA,0.0,0.0,2005-03-01,0.24,0.25,0.2,0.2,15128592000,0.24,1,1,indicator < high
NVDA,0.0,0.0,2005-04-01,0.2,0.2,0.17,0.18,9788556000,0.2,1,0,indicator < high
NVDA,0.0,0.0,2005-05-01,0.18,0.23,0.18,0.23,14199696000,0.18,1,1,indicator < high
NVDA,0.0,0.0,2005-06-01,0.22,0.24,0.21,0.22,16206264000,0.22,1,1,indicator < high
NVDA,0.0,0.0,2005-07-01,0.22,0.24,0.21,0.23,13622904000,0.22,1,1,indicator < high
NVDA,0.0,0.0,2005-08-01,0.23,0.26,0.23,0.26,14333544000,0.23,1,1,indicator < high
NVDA,0.0,0.0,2005-09-01,0.25,0.29,0.25,0.29,11099136000,0.25,1,1,indicator < high
NVDA,0.0,0.0,2005-10-01,0.29,0.3,0.25,0.28,9381960000,0.29,1,1,indicator < high
NVDA,0.0,0.0,2005-11-01,0.28,0.32,0.27,0.3,13110036000,0.28,1,1,indicator < high
NVDA,0.0,0.0,2005-12-01,0.3,0.32,0.3,0.3,7663404000,0.3,1,1,indicator < high
NVDA,0.0,0.0,2006-01-01,0.31,0.39,0.31,0.37,9519288000,0.31,1,1,indicator < high
NVDA,0.0,0.0,2006-02-01,0.37,0.42,0.36,0.39,11871252000,0.37,1,1,indicator < high
NVDA,0.0,0.0,2006-03-01,0.39,0.49,0.39,0.48,15777384000,0.39,1,1,indicator < high
NVDA,0.0,0.0,2006-04-01,0.48,0.51,0.46,0.49,13351836000,0.48,1,1,indicator < high
NVDA,0.0,0.0,2006-05-01,0.49,0.53,0.38,0.38,14381178000,0.49,1,1,indicator < high
NVDA,0.0,0.0,2006-06-01,0.39,0.41,0.32,0.35,12274956000,0.39,1,1,indicator < high
NVDA,0.0,0.0,2006-07-01,0.36,0.38,0.29,0.37,12104742000,0.36,1,1,indicator < high
NVDA,0.0,0.0,2006-08-01,0.36,0.49,0.35,0.49,16247604000,0.36,1,1,indicator < high
NVDA,0.0,0.0,2006-09-01,0.48,0.52,0.44,0.49,11497302000,0.48,1,1,indicator < high
NVDA,0.0,0.0,2006-10-01,0.49,0.58,0.46,0.58,13568772000,0.49,1,1,indicator < high
NVDA,0.0,0.0,2006-11-01,0.57,0.62,0.53,0.62,13455474000,0.57,1,1,indicator < high
NVDA,0.0,0.0,2006-12-01,0.61,0.65,0.58,0.62,10008768000,0.61,1,1,indicator < high
NVDA,0.0,0.0,2007-01-01,0.62,0.63,0.5,0.51,17067402000,0.62,1,1,indicator < high
NVDA,0.0,0.0,2007-02-01,0.51,0.58,0.5,0.52,13470912000,0.51,1,1,indicator < high
NVDA,0.0,0.0,2007-03-01,0.51,0.53,0.47,0.48,14723250000,0.51,1,1,indicator < high
NVDA,0.0,0.0,2007-04-01,0.48,0.57,0.47,0.55,13520172000,0.48,1,1,indicator < high
NVDA,0.0,0.0,2007-05-01,0.56,0.6,0.54,0.58,12620946000,0.56,1,1,indicator < high
NVDA,0.0,0.0,2007-06-01,0.58,0.73,0.57,0.69,14460498000,0.58,1,1,indicator < high
NVDA,0.0,0.0,2007-07-01,0.7,0.8,0.7,0.76,10421874000,0.7,1,1,indicator < high
NVDA,0.0,0.0,2007-08-01,0.75,0.86,0.68,0.85,15690222000,0.75,1,1,indicator < high
NVDA,0.0,0.0,2007-09-01,0.86,0.93,0.8,0.91,9779846000,0.86,1,1,indicator < high
NVDA,0.0,0.0,2007-10-01,0.91,0.99,0.81,0.88,10668964000,0.91,1,1,indicator < high
NVDA,0.0,0.0,2007-11-01,0.87,0.95,0.73,0.79,12056668000,0.87,1,1,indicator < high
NVDA,0.0,0.0,2007-12-01,0.8,0.91,0.78,0.85,7581432000,0.8,1,1,indicator < high
NVDA,0.0,0.0,2008-01-01,0.85,0.86,0.56,0.61,15496232000,0.85,1,1,indicator < high
NVDA,0.0,0.0,2008-02-01,0.61,0.69,0.53,0.53,13630144000,0.61,1,1,indicator < high
NVDA,0.0,0.0,2008-03-01,0.53,0.54,0.43,0.49,15935928000,0.53,1,1,indicator < high
NVDA,0.0,0.0,2008-04-01,0.51,0.53,0.44,0.51,16624308000,0.51,1,1,indicator < high
NVDA,0.0,0.0,2008-05-01,0.52,0.63,0.52,0.62,20393652000,0.52,1,1,indicator < high
NVDA,0.0,0.0,2008-06-01,0.62,0.63,0.46,0.47,17163856000,0.62,1,1,indicator < high
NVDA,0.0,0.0,2008-07-01,0.46,0.47,0.27,0.29,22761908000,0.46,1,1,indicator < high
NVDA,0.0,0.0,2008-08-01,0.28,0.35,0.26,0.32,18645488000,0.28,1,1,indicator < high
NVDA,0.0,0.0,2008-09-01,0.32,0.32,0.22,0.27,19722456000,0.32,1,0,indicator < high
NVDA,0.0,0.0,2008-10-01,0.26,0.27,0.15,0.22,20444772000,0.26,1,1,indicator < high
NVDA,0.0,0.0,2008-11-01,0.22,0.23,0.14,0.19,12201968000,0.22,1,1,indicator < high
NVDA,0.0,0.0,2008-12-01,0.18,0.24,0.17,0.2,11678692000,0.18,1,1,indicator < high
NVDA,0.0,0.0,2009-01-01,0.2,0.24,0.18,0.2,15267320000,0.2,1,1,indicator < high
NVDA,0.0,0.0,2009-02-01,0.2,0.25,0.18,0.21,16303064000,0.2,1,1,indicator < high
NVDA,0.0,0.0,2009-03-01,0.2,0.3,0.19,0.25,22188612000,0.2,1,1,indicator < high
NVDA,0.0,0.0,2009-04-01,0.24,0.3,0.23,0.29,17628704000,0.24,1,1,indicator < high
NVDA,0.0,0.0,2009-05-01,0.29,0.31,0.21,0.26,21404532000,0.29,1,1,indicator < high
NVDA,0.0,0.0,2009-06-01,0.26,0.31,0.25,0.28,14679120000,0.26,1,1,indicator < high
NVDA,0.0,0.0,2009-07-01,0.28,0.33,0.24,0.32,15994748000,0.28,1,1,indicator < high
NVDA,0.0,0.0,2009-08-01,0.33,0.38,0.32,0.36,13226924000,0.33,1,1,indicator < high
NVDA,0.0,0.0,2009-09-01,0.36,0.41,0.35,0.38,12076336000,0.36,1,1,indicator < high
NVDA,0.0,0.0,2009-10-01,0.37,0.37,0.3,0.3,15518708000,0.37,1,0,indicator < high
NVDA,0.0,0.0,2009-11-01,0.3,0.35,0.29,0.33,12858216000,0.3,1,1,indicator < high
NVDA,0.0,0.0,2009-12-01,0.33,0.47,0.33,0.47,16371668000,0.33,1,1,indicator < high
NVDA,0.0,0.0,2010-01-01,0.46,0.47,0.38,0.38,12898492000,0.46,1,1,indicator < high
NVDA,0.0,0.0,2010-02-01,0.39,0.45,0.38,0.41,12861324000,0.39,1,1,indicator < high
NVDA,0.0,0.0,2010-03-01,0.41,0.46,0.4,0.44,11747816000,0.41,1,1,indicator < high
NVDA,0.0,0.0,2010-04-01,0.44,0.45,0.39,0.39,17109980000,0.44,1,1,indicator < high
NVDA,0.0,0.0,2010-05-01,0.39,0.4,0.3,0.33,20772720000,0.39,1,1,indicator < high
NVDA,0.0,0.0,2010-06-01,0.32,0.33,0.26,0.26,13692592000,0.32,1,1,indicator < high
NVDA,0.0,0.0,2010-07-01,0.26,0.29,0.22,0.23,19236568000,0.26,1,1,indicator < high
NVDA,0.0,0.0,2010-08-01,0.23,0.26,0.22,0.23,19412856000,0.23,1,1,indicator < high
NVDA,0.0,0.0,2010-09-01,0.24,0.31,0.23,0.29,17533164000,0.24,1,1,indicator < high
NVDA,0.0,0.0,2010-10-01,0.3,0.31,0.26,0.3,15803184000,0.3,1,1,indicator < high
NVDA,0.0,0.0,2010-11-01,0.3,0.35,0.3,0.34,14539300000,0.3,1,1,indicator < high
NVDA,0.0,0.0,2010-12-01,0.35,0.39,0.35,0.38,11204136000,0.35,1,1,indicator < high
NVDA,0.0,0.0,2011-01-01,0.39,0.63,0.39,0.6,32736884000,0.39,1,1,indicator < high
NVDA,0.0,0.0,2011-02-01,0.6,0.65,0.54,0.57,24025764000,0.6,1,1,indicator < high
NVDA,0.0,0.0,2011-03-01,0.57,0.57,0.43,0.46,27597580000,0.57,1,0,indicator < high
NVDA,0.0,0.0,2011-04-01,0.47,0.51,0.42,0.5,15322072000,0.47,1,1,indicator < high
NVDA,0.0,0.0,2011-05-01,0.51,0.51,0.43,0.5,17162516000,0.51,1,0,indicator < high
NVDA,0.0,0.0,2011-06-01,0.5,0.5,0.37,0.4,15953784000,0.5,1,0,indicator < high
NVDA,0.0,0.0,2011-07-01,0.4,0.41,0.34,0.35,14551656000,0.4,1,1,indicator < high
NVDA,0.0,0.0,2011-08-01,0.35,0.38,0.29,0.33,22571904000,0.35,1,1,indicator < high
NVDA,0.0,0.0,2011-09-01,0.34,0.4,0.31,0.31,20084740000,0.34,1,1,indicator < high
NVDA,0.0,0.0,2011-10-01,0.31,0.4,0.29,0.37,14851364000,0.31,1,1,indicator < high
NVDA,0.0,0.0,2011-11-01,0.36,0.39,0.34,0.39,16166032000,0.36,1,1,indicator < high
NVDA,0.0,0.0,2011-12-01,0.39,0.4,0.33,0.35,9742340000,0.39,1,1,indicator < high
NVDA,0.0,0.0,2012-01-01,0.36,0.38,0.34,0.37,11596668000,0.36,1,1,indicator < high
NVDA,0.0,0.0,2012-02-01,0.37,0.42,0.37,0.38,13078296000,0.37,1,1,indicator < high
NVDA,0.0,0.0,2012-03-01,0.38,0.39,0.36,0.38,10325244000,0.38,1,1,indicator < high
NVDA,0.0,0.0,2012-04-01,0.38,0.39,0.32,0.32,9550924000,0.38,1,1,indicator < high
NVDA,0.0,0.0,2012-05-01,0.32,0.34,0.3,0.31,11370012000,0.32,1,1,indicator < high
NVDA,0.0,0.0,2012-06-01,0.3,0.35,0.29,0.35,11529368000,0.3,1,1,indicator < high
NVDA,0.0,0.0,2012-07-01,0.35,0.35,0.3,0.34,8499872000,0.35,1,0,indicator < high
NVDA,0.0,0.0,2012-08-01,0.34,0.38,0.33,0.35,9917124000,0.34,1,1,indicator < high
NVDA,0.0,0.0,2012-09-01,0.34,0.35,0.32,0.33,8749448000,0.34,1,1,indicator < high
NVDA,0.0,0.0,2012-10-01,0.34,0.34,0.3,0.3,8135772000,0.34,1,0,indicator < high
NVDA,0.0,0.0,2012-11-01,0.3,0.33,0.28,0.3,9985612000,0.3,1,1,indicator < high
NVDA,0.0,0.0,2012-12-01,0.3,0.32,0.29,0.31,8037340000,0.3,1,1,indicator < high
NVDA,0.0,0.0,2013-01-01,0.31,0.33,0.3,0.31,9181612000,0.31,1,1,indicator < high
NVDA,0.0,0.0,2013-02-01,0.31,0.32,0.3,0.32,9901680000,0.31,1,1,indicator < high
NVDA,0.0,0.0,2013-03-01,0.31,0.32,0.31,0.32,6613708000,0.31,1,1,indicator < high
NVDA,0.0,0.0,2013-04-01,0.32,0.34,0.3,0.34,9386076000,0.32,1,1,indicator < high
NVDA,0.0,0.0,2013-05-01,0.34,0.37,0.34,0.36,8291540000,0.34,1,1,indicator < high
NVDA,0.0,0.0,2013-06-01,0.36,0.39,0.35,0.35,9295708000,0.36,1,1,indicator < high
NVDA,0.0,0.0,2013-07-01,0.35,0.37,0.35,0.36,5229992000,0.35,1,1,indicator < high
NVDA,0.0,0.0,2013-08-01,0.36,0.38,0.33,0.37,7857064000,0.36,1,1,indicator < high
NVDA,0.0,0.0,2013-09-01,0.37,0.4,0.37,0.39,4819932000,0.37,1,1,indicator < high
NVDA,0.0,0.0,2013-10-01,0.39,0.4,0.38,0.38,5772612000,0.39,1,1,indicator < high
NVDA,0.0,0.0,2013-11-01,0.38,0.41,0.36,0.39,6629476000,0.38,1,1,indicator < high
NVDA,0.0,0.0,2013-12-01,0.39,0.4,0.37,0.4,6167976000,0.39,1,1,indicator < high
NVDA,0.0,0.0,2014-01-01,0.4,0.41,0.38,0.39,5421052000,0.4,1,1,indicator < high
NVDA,0.0,0.0,2014-02-01,0.4,0.48,0.38,0.46,7722568000,0.4,1,1,indicator < high
NVDA,0.0,0.0,2014-03-01,0.45,0.47,0.44,0.45,7217988000,0.45,1,1,indicator < high
NVDA,0.0,0.0,2014-04-01,0.46,0.49,0.45,0.46,6937008000,0.46,1,1,indicator < high
NVDA,0.0,0.0,2014-05-01,0.47,0.48,0.44,0.47,5612600000,0.47,1,1,indicator < high
NVDA,0.0,0.0,2014-06-01,0.48,0.49,0.46,0.46,5277132000,0.48,1,1,indicator < high
NVDA,0.0,0.0,2014-07-01,0.46,0.49,0.44,0.44,6269036000,0.46,1,1,indicator < high
NVDA,0.0,0.0,2014-08-01,0.44,0.49,0.43,0.49,6079852000,0.44,1,1,indicator < high
NVDA,0.0,0.0,2014-09-01,0.49,0.5,0.46,0.46,5512388000,0.49,1,1,indicator < high
NVDA,0.0,0.0,2014-10-01,0.46,0.49,0.42,0.49,6607212000,0.46,1,1,indicator < high
NVDA,0.0,0.0,2014-11-01,0.5,0.53,0.48,0.52,4643096000,0.5,1,1,indicator < high
NVDA,0.0,0.0,2014-12-01,0.52,0.53,0.48,0.5,4257004000,0.52,1,1,indicator < high
NVDA,0.0,0.0,2015-01-01,0.5,0.52,0.48,0.48,4140352000,0.5,1,1,indicator < high
NVDA,0.0,0.0,2015-02-01,0.48,0.56,0.47,0.55,4193540000,0.48,1,1,indicator < high
NVDA,0.0,0.0,2015-03-01,0.55,0.59,0.51,0.52,7310444000,0.55,1,1,indicator < high
NVDA,0.0,0.0,2015-04-01,0.53,0.57,0.52,0.56,5673652000,0.53,1,1,indicator < high
NVDA,0.0,0.0,2015-05-01,0.56,0.57,0.51,0.55,7081336000,0.56,1,1,indicator < high
NVDA,0.0,0.0,2015-06-01,0.56,0.56,0.5,0.5,7333832000,0.56,1,0,indicator < high
NVDA,0.0,0.0,2015-07-01,0.52,0.52,0.48,0.5,5480404000,0.52,1,0,indicator < high
NVDA,0.0,0.0,2015-08-01,0.5,0.6,0.5,0.56,9469492000,0.5,1,1,indicator < high
NVDA,0.0,0.0,2015-09-01,0.55,0.62,0.54,0.62,6480208000,0.55,1,1,indicator < high
NVDA,0.0,0.0,2015-10-01,0.62,0.72,0.59,0.71,8052316000,0.62,1,1,indicator < high
NVDA,0.0,0.0,2015-11-01,0.71,0.8,0.69,0.79,7344816000,0.71,1,1,indicator < high
NVDA,0.0,0.0,2015-12-01,0.8,0.85,0.8,0.82,5627172000,0.8,1,1,indicator < high
NVDA,0.0,0.0,2016-01-01,0.81,0.84,0.66,0.73,8138980000,0.81,1,1,indicator < high
NVDA,0.0,0.0,2016-02-01,0.73,0.8,0.62,0.78,9000048000,0.73,1,1,indicator < high
NVDA,0.0,0.0,2016-03-01,0.79,0.91,0.78,0.89,6577904000,0.79,1,1,indicator < high
NVDA,0.0,0.0,2016-04-01,0.89,0.94,0.87,0.89,6734252000,0.89,1,1,indicator < high
NVDA,0.0,0.0,2016-05-01,0.9,1.17,0.86,1.17,10367836000,0.9,1,1,indicator < high
NVDA,0.0,0.0,2016-06-01,1.16,1.21,1.11,1.18,8197900000,1.16,1,1,indicator < high
NVDA,0.0,0.0,2016-07-01,1.17,1.43,1.15,1.43,7210052000,1.17,1,1,indicator < high
NVDA,0.0,0.0,2016-08-01,1.43,1.59,1.39,1.53,9305120000,1.43,1,1,indicator < high
NVDA,0.0,0.0,2016-09-01,1.53,1.73,1.43,1.71,8665252000,1.53,1,1,indicator < high
NVDA,0.0,0.0,2016-10-01,1.71,1.82,1.59,1.78,6551568000,1.71,1,1,indicator < high
NVDA,0.0,0.0,2016-11-01,1.79,2.38,1.66,2.31,12767464000,1.79,1,1,indicator < high
NVDA,0.0,0.0,2016-12-01,2.3,3.0,2.12,2.67,18082228000,2.3,1,1,indicator < high
NVDA,0.0,0.0,2017-01-01,2.61,2.8,2.48,2.73,13396840000,2.61,1,1,indicator < high
NVDA,0.0,0.0,2017-02-01,2.76,3.02,2.39,2.54,14206788000,2.76,1,1,indicator < high
NVDA,0.0,0.0,2017-03-01,2.59,2.75,2.38,2.72,14288960000,2.59,1,1,indicator < high
NVDA,0.0,0.0,2017-04-01,2.72,2.74,2.39,2.61,9572572000,2.72,1,1,indicator < high
NVDA,0.0,0.0,2017-05-01,2.62,3.67,2.56,3.61,19209444000,2.62,1,1,indicator < high
NVDA,0.0,0.0,2017-06-01,3.62,4.21,3.55,3.61,23445520000,3.62,1,1,indicator < high
NVDA,0.0,0.0,2017-07-01,3.63,4.25,3.46,4.06,15491016000,3.63,1,1,indicator < high
NVDA,0.0,0.0,2017-08-01,4.05,4.36,3.82,4.24,14728216000,4.05,1,1,indicator < high
NVDA,0.0,0.0,2017-09-01,4.25,4.78,4.07,4.47,14447336000,4.25,1,1,indicator < high
NVDA,0.0,0.0,2017-10-01,4.52,5.2,4.43,5.17,11422664000,4.52,1,1,indicator < high
NVDA,0.0,0.0,2017-11-01,5.23,5.47,4.78,5.02,11830896000,5.23,1,1,indicator < high
NVDA,0.0,0.0,2017-12-01,4.98,5.01,4.51,4.84,10112216000,4.98,1,1,indicator < high
NVDA,0.0,0.0,2018-01-01,4.89,6.23,4.86,6.14,11456216000,4.89,1,1,indicator < high
NVDA,0.0,0.0,2018-02-01,5.96,6.3,5.1,6.05,14915528000,5.96,1,1,indicator < high
NVDA,0.0,0.0,2018-03-01,6.05,6.36,5.43,5.79,14118440000,6.05,1,1,indicator < high
NVDA,0.0,0.0,2018-04-01,5.72,5.98,5.26,5.62,11144008000,5.72,1,1,indicator < high
NVDA,0.0,0.0,2018-05-01,5.61,6.51,5.55,6.3,11978240000,5.61,1,1,indicator < high
NVDA,0.0,0.0,2018-06-01,6.35,6.73,5.88,5.92,8785540000,6.35,1,1,indicator < high
NVDA,0.0,0.0,2018-07-01,5.85,6.41,5.83,6.12,6321876000,5.85,1,1,indicator < high
NVDA,0.0,0.0,2018-08-01,6.15,7.04,5.97,7.02,10917836000,6.15,1,1,indicator < high
NVDA,0.0,0.0,2018-09-01,7.0,7.13,6.47,7.03,6340200000,7.0,1,1,indicator < high
NVDA,0.0,0.0,2018-10-01,7.1,7.32,4.4,5.27,12977976000,7.1,1,1,indicator < high
NVDA,0.0,0.0,2018-11-01,5.31,5.55,3.33,4.09,16162340000,5.31,1,1,indicator < high
NVDA,0.0,0.0,2018-12-01,4.32,4.37,3.11,3.34,12451408000,4.32,1,1,indicator < high
NVDA,0.0,0.0,2019-01-01,3.27,4.02,3.19,3.59,16870992000,3.27,1,1,indicator < high
NVDA,0.0,0.0,2019-02-01,3.61,4.13,3.56,3.86,11445728000,3.61,1,1,indicator < high
NVDA,0.0,0.0,2019-03-01,3.91,4.62,3.62,4.49,12068540000,3.91,1,1,indicator < high
NVDA,0.0,0.0,2019-04-01,4.58,4.84,4.33,4.53,9437780000,4.58,1,1,indicator < high
NVDA,0.0,0.0,2019-05-01,4.58,4.62,3.38,3.39,11180752000,4.58,1,1,indicator < high
NVDA,0.0,0.0,2019-06-01,3.4,4.13,3.32,4.11,8233340000,3.4,1,1,indicator < high
NVDA,0.0,0.0,2019-07-01,4.31,4.47,3.88,4.22,8415984000,4.31,1,1,indicator < high
NVDA,0.0,0.0,2019-08-01,4.23,4.34,3.68,4.19,9450328000,4.23,1,1,indicator < high
NVDA,0.0,0.0,2019-09-01,4.11,4.71,4.08,4.35,6347768000,4.11,1,1,indicator < high
NVDA,0.0,0.0,2019-10-01,4.38,5.22,4.25,5.03,7696172000,4.38,1,1,indicator < high
NVDA,0.0,0.0,2019-11-01,4.99,5.54,4.96,5.42,7321800000,4.99,1,1,indicator < high
NVDA,0.0,0.0,2019-12-01,5.41,6.05,5.01,5.88,6543532000,5.41,1,1,indicator < high
NVDA,0.0,0.0,2020-01-01,5.97,6.49,5.78,5.91,6125412000,5.97,1,1,indicator < high
NVDA,0.0,0.0,2020-02-01,5.89,7.91,5.89,6.75,11848652000,5.89,1,1,indicator < high
NVDA,0.0,0.0,2020-03-01,6.92,7.12,4.52,6.59,15773952000,6.92,1,1,indicator < high
NVDA,0.0,0.0,2020-04-01,6.39,7.61,5.96,7.31,11278304000,6.39,1,1,indicator < high
NVDA,0.0,0.0,2020-05-01,7.11,9.18,7.02,8.88,12548876000,7.11,1,1,indicator < high
NVDA,0.0,0.0,2020-06-01,8.83,9.64,8.66,9.5,9719464000,8.83,1,1,indicator < high
NVDA,0.0,0.0,2020-07-01,9.52,10.79,9.41,10.61,8094452000,9.52,1,1,indicator < high
NVDA,0.0,0.0,2020-08-01,10.73,13.57,10.72,13.37,9672544000,10.73,1,1,indicator < high
NVDA,0.0,0.0,2020-09-01,13.48,14.73,11.7,13.53,15856552000,13.48,1,1,indicator < high
NVDA,0.0,0.0,2020-10-01,13.76,14.35,12.3,12.53,8022356000,13.76,1,1,indicator < high
NVDA,0.0,0.0,2020-11-01,12.66,14.69,12.4,13.4,7594820000,12.66,1,1,indicator < high
NVDA,0.0,0.0,2020-12-01,13.49,13.73,12.76,13.06,5120996000,13.49,1,1,indicator < high
NVDA,0.0,0.0,2021-01-01,13.1,14.0,12.59,12.99,6154172000,13.1,1,1,indicator < high
NVDA,0.0,0.0,2021-02-01,13.05,15.37,12.9,13.71,6680324000,13.05,1,1,indicator < high
NVDA,0.0,0.0,2021-03-01,13.88,13.93,11.57,13.35,7648656000,13.88,1,1,indicator < high
NVDA,0.0,0.0,2021-04-01,13.57,16.21,13.51,15.01,6718796000,13.57,1,1,indicator < high
NVDA,0.0,0.0,2021-05-01,15.12,16.28,13.46,16.24,7054380000,15.12,1,1,indicator < high
NVDA,0.0,0.0,2021-06-01,16.27,20.16,15.9,20.0,10273292000,16.27,1,1,indicator < high
NVDA,0.0,0.0,2021-07-01,20.12,20.88,17.87,19.5,7823077000,20.12,1,1,indicator < high
NVDA,0.0,0.0,2021-08-01,19.7,23.04,18.76,22.39,6416386000,19.7,1,1,indicator < high
NVDA,0.0,0.0,2021-09-01,22.49,22.99,20.47,20.72,4998986000,22.49,1,1,indicator < high
NVDA,0.0,0.0,2021-10-01,20.75,25.71,19.56,25.57,4971078000,20.75,1,1,indicator < high
NVDA,0.0,0.0,2021-11-01,25.65,34.65,25.23,32.68,10811170000,25.65,1,1,indicator < high
NVDA,0.0,0.0,2021-12-01,33.22,33.29,27.15,29.41,11058505000,33.22,1,1,indicator < high
NVDA,0.0,0.0,2022-01-01,29.82,30.71,20.89,24.49,10682164000,29.82,1,1,indicator < high
NVDA,0.0,0.0,2022-02-01,25.1,26.92,20.89,24.39,10644270000,25.1,1,1,indicator < high
NVDA,0.0,0.0,2022-03-01,24.29,28.95,20.65,27.29,11644599000,24.29,1,1,indicator < high
NVDA,0.0,0.0,2022-04-01,27.38,27.56,18.29,18.55,11114390000,27.38,1,1,indicator < high
NVDA,0.0,0.0,2022-05-01,18.54,20.4,15.57,18.67,13833021000,18.54,1,1,indicator < high
NVDA,0.0,0.0,2022-06-01,18.72,19.62,14.86,15.16,10554791000,18.72,1,1,indicator < high
NVDA,0.0,0.0,2022-07-01,14.9,18.24,14.06,18.16,10564476000,14.9,1,1,indicator < high
NVDA,0.0,0.0,2022-08-01,18.18,19.27,14.96,15.09,12069648000,18.18,1,1,indicator < high
NVDA,0.0,0.0,2022-09-01,14.21,14.55,11.95,12.14,13130578000,14.21,1,1,indicator < high
NVDA,0.0,0.0,2022-10-01,12.35,13.85,10.81,13.5,12549277000,12.35,1,1,indicator < high
NVDA,0.0,0.0,2022-11-01,13.81,17.0,12.96,16.92,10600603000,13.81,1,1,indicator < high
NVDA,0.0,0.0,2022-12-01,17.0,18.79,13.88,14.61,8946152000,17.0,1,1,indicator < high
NVDA,0.0,0.0,2023-01-01,14.85,20.63,14.03,19.54,9454960000,14.85,1,1,indicator < high
NVDA,0.0,0.0,2023-02-01,19.69,23.89,19.61,23.22,10393479000,19.69,1,1,indicator < high
NVDA,0.0,0.0,2023-03-01,23.19,27.83,22.3,27.78,11263731000,23.19,1,1,indicator < high
NVDA,0.0,0.0,2023-04-01,27.51,28.11,26.22,27.75,7436450000,27.51,1,1,indicator < high
NVDA,0.0,0.0,2023-05-01,27.84,41.94,27.24,37.83,11697819000,27.84,1,1,indicator < high
NVDA,0.0,0.0,2023-06-01,38.49,43.99,37.36,42.3,10527050000,38.49,1,1,indicator < high
NVDA,0.0,0.0,2023-07-01,42.52,48.09,41.35,46.73,8706845000,42.52,1,1,indicator < high
NVDA,0.0,0.0,2023-08-01,46.46,50.27,40.31,49.35,13632152000,46.46,1,1,indicator < high
NVDA,0.0,0.0,2023-09-01,49.76,49.8,40.98,43.5,8579273000,49.76,1,1,indicator < high
NVDA,0.0,0.0,2023-10-01,44.03,47.61,39.23,40.78,10141101000,44.03,1,1,indicator < high
NVDA,0.0,0.0,2023-11-01,40.88,50.55,40.87,46.77,9144618000,40.88,1,1,indicator < high
NVDA,0.0,0.0,2023-12-01,46.53,50.43,45.01,49.52,7411887000,46.53,1,1,indicator < high
NVDA,0.0,0.0,2024-01-01,49.24,63.49,47.32,61.53,9706237000,49.24,1,1,indicator < high
NVDA,0.0,0.0,2024-02-01,62.1,82.39,61.65,79.11,11061356000,62.1,1,1,indicator < high
NVDA,0.0,0.0,2024-03-01,80.0,97.4,79.43,90.36,12149218000,80.0,1,1,indicator < high
NVDA,0.0,0.0,2024-04-01,90.3,92.22,75.61,86.4,10072334000,90.3,1,1,indicator < high
NVDA,0.0,0.0,2024-05-01,85.08,115.82,81.25,109.63,9645174000,85.08,1,1,indicator < high
NVDA,0.0,0.0,2024-06-01,113.62,140.76,112.0,123.54,7424176700,113.62,1,1,indicator < high
NVDA,0.0,0.0,2024-07-01,123.47,136.15,102.54,117.02,6405438600,123.47,1,1,indicator < high
NVDA,0.0,0.0,2024-08-01,117.53,131.26,90.69,119.37,8105367800,117.53,1,1,indicator < high
NVDA,0.0,0.0,2024-09-01,116.01,127.67,100.95,121.44,6271163200,116.01,1,1,indicator < high
NVDA,0.0,0.0,2024-10-01,121.77,144.42,115.14,132.76,5627917200,121.77,1,1,indicator < high
NVDA,0.0,0.0,2024-11-01,134.7,152.89,131.8,138.25,4497414600,134.7,1,1,indicator < high
NVDA,0.0,0.0,2024-12-01,138.83,146.54,126.86,134.29,4085855200,138.83,1,1,indicator < high
NVDA,0.0,0.0,2025-01-01,136.0,153.13,116.25,120.07,5948400800,136.0,1,1,indicator < high
NVDA,0.0,0.0,2025-02-01,114.75,143.44,113.01,124.92,4755230400,114.75,1,1,indicator < high
NVDA,0.0,0.0,2025-03-01,123.51,123.7,103.65,108.38,6177950300,123.51,1,1,indicator < high
NVDA,0.0,0.0,2025-04-01,108.52,115.1,86.62,108.92,6811006400,108.52,1,1,indicator < high
NVDA,0.0,0.0,2025-05-01,113.08,143.49,110.82,135.13,4756803800,113.08,1,1,indicator < high
NVDA,0.0,0.0,2025-06-01,135.49,158.71,135.4,157.99,3821296800,135.49,1,1,indicator < high
NVDA,0.0,0.0,2025-07-01,156.29,183.3,151.49,177.87,3596804400,156.29,1,1,indicator < high
NVDA,0.0,0.0,2025-08-01,174.09,184.48,168.8,174.18,3608891200,174.09,1,1,indicator < high
NVDA,0.0,0.0,2025-09-01,170.0,187.35,164.07,186.58,3890495300,170.0,1,1,indicator < high
NVDA,0.0,0.0,2025-10-01,185.24,212.19,176.76,202.49,4031017400,185.24,1,1,indicator < high
NVDA,0.0,0.0,2025-11-01,208.08,211.34,169.55,177.0,4160148300,208.08,1,1,indicator < high
NVDA,0.0,0.0,2025-12-01,174.76,192.69,170.31,186.5,3629693700,174.76,1,1,indicator < high
NVDA,0.0,0.0,2026-01-01,189.84,194.49,177.61,191.13,3292228600,189.84,1,1,indicator < high
NVDA,0.0,0.0,2026-02-01,187.2,197.63,171.03,177.19,3745445000,187.2,1,1,indicator < high
NVDA,0.0,0.0,2026-03-01,175.01,186.44,174.64,184.77,1308637500,175.01,1,1,indicator < high
