symbol,moving_average_minus_open_over_open,open_minus_moving_average_over_moving_average,date,open,high,low,close,volume,EMA_3_months,moving_average_window_months,condition,screening_rule
SPY,0.0,0.0,1993-01-01,43.97,43.97,43.75,43.94,1003200,43.97,3,1,indicator <= high
SPY,0.0,0.0,1993-02-01,43.97,45.12,42.81,44.41,5417600,43.97,3,1,indicator <= high
SPY,-0.006620287253141869,0.006664407545464853,1993-03-01,44.56,45.84,44.22,45.19,3019200,44.265,3,1,indicator <= high
SPY,-0.01088397790055248,0.011003742389543646,1993-04-01,45.25,45.25,43.28,44.03,2697200,44.7575,3,1,indicator <= high
SPY,0.007569743706055679,-0.007512873181575056,1993-05-01,44.09,45.66,43.84,45.22,1808000,44.42375,3,1,indicator <= high
SPY,-0.010536029087703803,0.010648219033169518,1993-06-01,45.38,45.81,44.22,45.06,3438000,44.901875000000004,3,1,indicator <= high
SPY,-0.002417165336879439,0.0024230221821085218,1993-07-01,45.12,45.22,44.16,44.84,6117600,45.0109375,3,1,indicator <= high
SPY,0.0011237753284346534,-0.0011225138750360624,1993-08-01,44.91,46.56,44.84,46.56,5440100,44.96046875,3,1,indicator <= high
SPY,-0.015616583171730305,0.015864329797476356,1993-09-01,46.41,46.59,44.81,45.94,4369900,45.68523437499999,3,1,indicator <= high
SPY,-0.0021225547624238936,0.002127069584099631,1993-10-01,45.88,47.16,45.72,46.84,6972900,45.782617187499994,3,1,indicator <= high
SPY,-0.010660354986105246,0.010775222684981482,1993-11-01,46.78,47.0,45.53,46.34,5351100,46.28130859375,3,1,indicator <= high
SPY,-0.003312850464155459,0.003323861921665437,1993-12-01,46.59,47.16,46.38,46.59,6128000,46.435654296875,3,1,indicator <= high
SPY,-0.0016564252320777294,0.00165917352897552,1994-01-01,46.59,48.31,46.41,48.22,6837100,46.5128271484375,3,1,indicator <= high
SPY,-0.017101047046952738,0.017398580999169758,1994-02-01,48.16,48.28,46.56,46.81,10974400,47.33641357421875,3,1,indicator <= high
SPY,0.0056228751785809715,-0.005591435236178818,1994-03-01,46.81,47.31,43.53,44.59,14705500,47.07320678710938,3,1,indicator <= high
SPY,0.043068836953269116,-0.04129050301135461,1994-04-01,43.34,45.36,43.34,45.09,11429000,45.20660339355469,3,1,indicator <= high
SPY,0.0012930072472242572,-0.0012913375384284564,1994-05-01,45.09,45.94,44.17,45.81,8545100,45.148301696777345,3,1,indicator <= high
SPY,-0.006036086468519153,0.006072742064722833,1994-06-01,45.7,46.56,44.0,44.47,10352700,45.42415084838868,3,1,indicator <= high
SPY,0.008213815712560751,-0.008146898588922421,1994-07-01,44.69,46.05,44.38,45.91,5452100,45.05707542419434,3,1,indicator <= high
SPY,-0.009609540441942318,0.00970277969582864,1994-08-01,45.94,47.98,45.66,47.66,7945800,45.49853771209717,3,1,indicator <= high
SPY,-0.021068024083187635,0.021521438262813424,1994-09-01,47.5,47.72,45.73,46.17,6309300,46.49926885604859,3,1,indicator <= high
SPY,0.0032388404334262396,-0.0032283842121054378,1994-10-01,46.2,47.7,45.0,47.48,5437600,46.349634428024295,3,1,indicator <= high
SPY,-0.009838891412602569,0.009936657102841693,1994-11-01,47.28,47.33,44.61,45.59,4807300,46.81481721401215,3,1,indicator <= high
SPY,0.012870477804690524,-0.012706933499124365,1994-12-01,45.64,46.41,44.69,45.56,8568500,46.227408607006076,3,1,indicator <= high
SPY,0.005770334868775341,-0.005737229135444929,1995-01-01,45.7,47.23,45.69,47.09,2768000,45.963704303503036,3,1,indicator <= high
SPY,-0.01268337252435285,0.01284630702187348,1995-02-01,47.16,49.16,47.0,49.02,5954800,46.561852151751516,3,1,indicator <= high
SPY,-0.02458799109912691,0.02520780026773864,1995-03-01,48.97,50.89,48.22,50.11,4538000,47.765926075875754,3,1,indicator <= high
SPY,-0.023198981075306938,0.023749955851648713,1995-04-01,50.09,51.67,50.06,51.59,4395200,48.92796303793788,3,1,indicator <= high
SPY,-0.025431978293521933,0.026095642096885443,1995-05-01,51.55,53.64,51.39,53.64,6986200,50.23898151896894,3,1,indicator <= high
SPY,-0.029685625173479266,0.03059382190311945,1995-06-01,53.41,55.16,52.75,54.41,5790900,51.82449075948447,3,1,indicator <= high
SPY,-0.02428409436860232,0.024888488778798568,1995-07-01,54.47,56.7,54.2,56.16,5508200,53.14724537974223,3,1,indicator <= high
SPY,-0.027412009783547693,0.028184606492464577,1995-08-01,56.23,56.8,55.42,56.41,8100100,54.68862268987111,3,1,indicator <= high
SPY,-0.01508580697046365,0.015316874380762676,1995-09-01,56.39,58.91,56.34,58.48,7431600,55.539311344935555,3,1,indicator <= high
SPY,-0.025142686859306162,0.025791145555757355,1995-10-01,58.48,59.19,57.27,58.31,8944800,57.00965567246777,3,1,indicator <= high
SPY,-0.010898630126391803,0.011018719070002379,1995-11-01,58.28,61.2,58.23,60.91,8841700,57.64482783623389,3,1,indicator <= high
SPY,-0.027346442799000517,0.028115296136576363,1995-12-01,60.98,62.8,60.58,61.48,9816800,59.312413918116945,3,1,indicator <= high
SPY,-0.017078538364134924,0.017375282797988056,1996-01-01,61.41,63.69,59.64,63.67,10661800,60.36120695905847,3,1,indicator <= high
SPY,-0.025536810571777514,0.026206028969407796,1996-02-01,63.61,66.69,63.44,63.88,14850400,61.98560347952923,3,1,indicator <= high
SPY,-0.020532151303146416,0.020962557709743816,1996-03-01,64.64,65.97,62.0,64.69,19022700,63.312801739764616,3,1,indicator <= high
SPY,-0.012978448155656854,0.0131491031086458,1996-04-01,65.0,65.81,62.12,65.39,14999300,64.1564008698823,3,1,indicator <= high
SPY,-0.009357595060551322,0.009445986779783862,1996-05-01,65.38,68.44,63.08,66.88,17453200,64.76820043494115,3,1,indicator <= high
SPY,-0.015860364516810173,0.016115969670323357,1996-06-01,66.89,68.5,66.16,67.11,16871800,65.82910021747057,3,1,indicator <= high
SPY,-0.010782548918916713,0.010900079559992415,1996-07-01,67.28,67.7,60.38,64.09,28811500,66.55455010873528,3,1,indicator <= high
SPY,0.018660770797500798,-0.01831892552698524,1996-08-01,64.16,67.34,64.06,65.33,15593100,65.35727505436765,3,1,indicator <= high
SPY,0.006881301802137807,-0.006834273106295157,1996-09-01,64.47,69.25,64.38,68.62,17216100,64.91363752718382,3,1,indicator <= high
SPY,-0.02755722323738132,0.02833814379199021,1996-10-01,68.7,71.62,68.44,70.84,14791800,66.8068187635919,3,1,indicator <= high
SPY,-0.029396881067963596,0.03028723120147116,1996-11-01,70.98,76.69,70.27,76.02,24089700,68.89340938179595,3,1,indicator <= high
SPY,-0.04627628173211301,0.04852168489230618,1996-12-01,75.92,76.58,71.88,73.84,34952800,72.40670469089798,3,1,indicator <= high
SPY,-0.013264959055539215,0.013443283662899578,1997-01-01,74.38,79.69,72.75,78.41,43623700,73.39335234544899,3,1,indicator <= high
SPY,-0.03383287382209737,0.03501762056005582,1997-02-01,78.72,82.0,77.12,79.16,30028800,76.0566761727245,3,1,indicator <= high
SPY,-0.017100468744606297,0.017397982398836817,1997-03-01,78.75,81.8,75.25,75.38,37514300,77.40333808636225,3,1,indicator <= high
SPY,0.014307894261543216,-0.01410606615850105,1997-04-01,75.25,80.69,73.31,80.09,57679300,76.32666904318113,3,1,indicator <= high
SPY,-0.024266585370349578,0.024870097719836937,1997-05-01,80.22,85.56,79.31,85.16,37473400,78.27333452159056,3,1,indicator <= high
SPY,-0.04140300842752195,0.043191256379393236,1997-06-01,85.34,90.5,84.08,88.31,47332500,81.80666726079528,3,1,indicator <= high
SPY,-0.03781543920454644,0.039301648296334965,1997-07-01,88.5,96.03,88.39,95.31,65359700,85.15333363039764,3,1,indicator <= high
SPY,-0.054171028113101365,0.05727359778907162,1997-08-01,95.5,96.62,89.34,90.38,99046800,90.32666681519882,3,1,indicator <= high
SPY,-0.0020031601323253823,0.0020071808369563405,1997-09-01,90.69,96.38,90.25,94.38,78642200,90.50833340759941,3,1,indicator <= high
SPY,-0.02489063828031799,0.025525996629159,1997-10-01,95.25,98.5,84.38,92.06,137440500,92.87916670379971,3,1,indicator <= high
SPY,-0.0016677395439440188,0.0016705255454553434,1997-11-01,93.19,96.81,90.09,95.62,93157400,93.03458335189985,3,1,indicator <= high
SPY,-0.016552778258678853,0.016831384432984625,1997-12-01,96.22,99.0,92.38,97.06,79162300,94.62729167594992,3,1,indicator <= high
SPY,-0.013784340376374897,0.013977004159146583,1998-01-01,97.31,99.56,90.91,98.31,104582300,95.96864583797496,3,1,indicator <= high
SPY,-0.019724522880717896,0.02012140805427674,1998-02-01,99.91,105.53,99.72,105.12,69733700,97.93932291898747,3,1,indicator <= high
SPY,-0.03473005739198351,0.035979632079030696,1998-03-01,105.25,111.53,103.16,109.94,87316900,101.59466145949374,3,1,indicator <= high
SPY,-0.039503846163114184,0.04112858339443475,1998-04-01,110.31,113.44,107.62,111.34,118629400,105.95233072974688,3,1,indicator <= high
SPY,-0.025940354676747757,0.026631176849687854,1998-05-01,111.75,113.31,107.58,109.03,116264800,108.85116536487344,3,1,indicator <= high
SPY,-0.0005452630775744471,0.0005455605515998156,1998-06-01,108.97,114.69,107.5,113.31,141993600,108.91058268243671,3,1,indicator <= high
SPY,-0.022573282998260964,0.02309460403078055,1998-07-01,114.06,119.23,111.31,111.78,155280200,111.48529134121836,3,1,indicator <= high
SPY,-0.0013182530809699603,0.001319993166027936,1998-08-01,111.78,112.42,95.0,96.0,268542800,111.63264567060918,3,1,indicator <= high
SPY,0.08105686899130322,-0.0749792830667036,1998-09-01,96.06,107.0,93.62,101.75,269370500,103.84632283530459,3,1,indicator <= high
SPY,0.019075891409100217,-0.018718813358172503,1998-10-01,100.03,110.91,92.22,110.0,249152700,101.9381614176523,3,1,indicator <= high
SPY,-0.04003175968932281,0.04170112927524271,1998-11-01,110.81,119.72,110.19,116.12,136369000,106.37408070882614,3,1,indicator <= high
SPY,-0.04196486088173382,0.043803049771594445,1998-12-01,116.12,124.75,113.75,123.31,156026700,111.24704035441307,3,1,indicator <= high
SPY,-0.04916906972599666,0.051711685180274365,1999-01-01,123.38,128.5,120.38,127.66,141419000,117.31352017720653,3,1,indicator <= high
SPY,-0.04420110273833814,0.046245191185063206,1999-02-01,128.69,128.84,121.33,123.56,164624900,123.00176008860326,3,1,indicator <= high
SPY,-0.002661490827255054,0.002668593263748194,1999-03-01,123.66,132.62,121.78,128.38,148191100,123.33088004430164,3,1,indicator <= high
SPY,-0.02451661637635269,0.025132787280579126,1999-04-01,129.69,137.5,128.12,133.25,156755700,126.51044002215082,3,1,indicator <= high
SPY,-0.025965077854650707,0.026657235037796823,1999-05-01,133.44,138.0,128.0,130.2,182566900,129.9752200110754,3,1,indicator <= high
SPY,-0.0005563325734883073,0.0005566422517047104,1999-06-01,130.12,137.5,128.02,137.0,160692200,130.0476100055377,3,1,indicator <= high
SPY,-0.025373686111176255,0.026034271545505028,1999-07-01,137.0,142.25,132.56,132.75,115669100,133.52380500276885,3,1,indicator <= high
SPY,0.0029145197844402315,-0.0029060500440921512,1999-08-01,132.75,138.78,127.0,132.06,142925900,133.13690250138444,3,1,indicator <= high
SPY,0.0007405690589154619,-0.0007400210222434414,1999-09-01,132.94,136.62,125.56,128.75,167972700,133.03845125069222,3,1,indicator <= high
SPY,0.0199251651191661,-0.01953590890841298,1999-10-01,127.94,137.69,123.44,137.0,196829400,130.4892256253461,3,1,indicator <= high
SPY,-0.02201748855184586,0.022513172059941355,1999-11-01,136.5,143.0,134.59,139.28,125042200,133.49461281267304,3,1,indicator <= high
SPY,-0.020872109637954786,0.021317041260296498,1999-12-01,139.31,147.56,139.0,146.88,121529300,136.40230640633652,3,1,indicator <= high
SPY,-0.039958494413704915,0.04162163217026993,2000-01-01,148.25,148.25,135.0,139.56,156770800,142.32615320316825,3,1,indicator <= high
SPY,0.00921700609362521,-0.00913282875533525,2000-02-01,139.75,144.56,132.72,137.44,186938300,141.03807660158412,3,1,indicator <= high
SPY,0.012418531469205489,-0.012266203238283199,2000-03-01,137.62,155.75,135.03,150.38,247594900,139.32903830079206,3,1,indicator <= high
SPY,-0.035941119435145115,0.03728104181156107,2000-04-01,150.12,153.11,133.5,145.09,229246200,144.72451915039602,3,1,indicator <= high
SPY,-0.006261875169227559,0.006301333331951936,2000-05-01,146.56,148.48,136.5,142.81,161024000,145.642259575198,3,1,indicator <= high
SPY,0.00679330355347628,-0.006747465968932571,2000-06-01,143.69,149.16,143.0,145.28,127146000,144.666129787599,3,1,indicator <= high
SPY,-0.0026604448996183764,0.002667541747454912,2000-07-01,145.44,151.98,141.52,143.0,106780100,145.0530648937995,3,1,indicator <= high
SPY,0.004989085412197105,-0.004964318005653591,2000-08-01,143.62,153.09,142.62,152.34,102365500,144.33653244689975,3,1,indicator <= high
SPY,-0.029081460205873565,0.02995252332089569,2000-09-01,153.25,153.59,142.12,143.62,113203000,148.79326622344988,3,1,indicator <= high
SPY,0.015640650899119334,-0.015399788188148128,2000-10-01,144.28,145.75,130.16,142.95,178392400,146.53663311172494,3,0,indicator <= high
SPY,0.01506725171080822,-0.01484359946142846,2000-11-01,142.25,144.3,129.75,132.28,156699900,144.39331655586247,3,0,indicator <= high
SPY,0.042057649057220675,-0.040360194174738254,2000-12-01,133.19,139.56,125.53,131.19,165416700,138.79165827793122,3,1,indicator <= high
SPY,0.025725978325497043,-0.025080751457123896,2001-01-01,132.0,138.7,127.56,137.02,181296400,135.3958291389656,3,1,indicator <= high
SPY,-0.006215065138710271,0.0062539337443043,2001-02-01,137.1,137.99,121.8,123.95,178607000,136.24791456948282,3,1,indicator <= high
SPY,0.04916531466941892,-0.04686136110486115,2001-03-01,124.05,127.75,108.04,116.69,318187200,130.1489572847414,3,0,indicator <= high
SPY,0.05953979916053926,-0.056194018580247695,2001-04-01,116.3,127.27,109.3,126.66,251839700,123.22447864237071,3,1,indicator <= high
SPY,-0.007377953776402338,0.007432792576461054,2001-05-01,125.07,132.09,123.44,125.95,208040000,124.14723932118535,3,1,indicator <= high
SPY,-0.008132966239360736,0.008199653746455104,2001-06-01,126.2,129.23,120.4,122.6,203578200,125.17361966059268,3,1,indicator <= high
SPY,0.009664575165279644,-0.009572065221459886,2001-07-01,122.8,124.32,116.75,121.35,196892900,123.98680983029634,3,1,indicator <= high
SPY,0.0082676470865636,-0.008199853590912444,2001-08-01,121.97,123.25,112.04,114.15,269599600,122.97840491514816,3,1,indicator <= high
SPY,0.04008961315392256,-0.03854438372128009,2001-09-01,113.85,116.17,93.8,104.44,419156100,118.41420245757408,3,0,indicator <= high
SPY,0.06984698006532276,-0.06528688809408804,2001-10-01,103.9,111.79,102.83,105.8,512612000,111.15710122878704,3,1,indicator <= high
SPY,0.021374771241965514,-0.020927451748171087,2001-11-01,106.6,116.9,105.7,114.05,372515000,108.87855061439352,3,1,indicator <= high
SPY,-0.020991858273675765,0.021441964963294362,2001-12-01,113.65,118.0,112.0,114.3,308403900,111.26427530719675,3,1,indicator <= high
SPY,-0.01670456386414412,0.01698834678801067,2002-01-01,115.11,117.99,108.4,113.18,349380000,113.18713765359837,3,1,indicator <= high
SPY,0.0004294705703349835,-0.0004292862045438811,2002-02-01,113.09,113.3,107.82,111.15,424492600,113.13856882679919,3,1,indicator <= high
SPY,0.006348768469384057,-0.006308715892841284,2002-03-01,111.72,117.9,111.51,114.52,385578100,112.42928441339959,3,1,indicator <= high
SPY,-0.00788197315328912,0.007944592215848267,2002-04-01,114.23,115.1,106.63,107.86,404461000,113.32964220669979,3,1,indicator <= high
SPY,0.024820052823468504,-0.024218937515017486,2002-05-01,107.97,111.25,104.9,107.22,452626500,110.6498211033499,3,1,indicator <= high
SPY,0.016620698026659303,-0.016348966786650505,2002-06-01,107.09,107.6,95.19,98.96,534883500,108.86991055167495,3,0,indicator <= high
SPY,0.04885012377331582,-0.0465749325533508,2002-07-01,99.18,99.8,77.68,91.16,1124248800,104.02495527583747,3,0,indicator <= high
SPY,0.0723203965440002,-0.06744289932102648,2002-08-01,90.88,97.15,83.55,91.78,936191200,97.45247763791873,3,0,indicator <= high
SPY,0.037046608827944055,-0.035723185932610715,2002-09-01,90.73,93.33,80.9,81.79,1013828600,94.09123881895937,3,0,indicator <= high
SPY,0.07073419155015989,-0.06606139236830962,2002-10-01,82.43,91.29,77.07,88.52,1344248100,88.26061940947969,3,1,indicator <= high
SPY,-0.0005058324307883796,0.000506088426727465,2002-11-01,88.35,94.95,87.45,93.98,818243400,88.30530970473984,3,1,indicator <= high
SPY,-0.03752325492437498,0.03898614186405787,2002-12-01,95.47,96.05,87.11,88.23,728285900,91.88765485236992,3,1,indicator <= high
SPY,0.017094287295272594,-0.016806983884189247,2003-01-01,88.85,93.86,84.15,86.06,911319900,90.36882742618496,3,1,indicator <= high
SPY,0.02454624695951329,-0.0239581639504881,2003-02-01,86.14,86.81,81.0,84.9,862248300,88.25441371309248,3,0,indicator <= high
SPY,0.0175604838909951,-0.017257434981993898,2003-03-01,85.26,89.88,79.38,84.74,1156870200,86.75720685654625,3,1,indicator <= high
SPY,0.008839922912294705,-0.008762463411217739,2003-04-01,85.25,92.8,84.91,91.91,996114200,86.00360342827312,3,1,indicator <= high
SPY,-0.03218231381487648,0.03325245474871459,2003-05-01,91.92,97.09,90.5,96.95,881509900,88.96180171413656,3,1,indicator <= high
SPY,-0.04392596270821002,0.0459441016018344,2003-06-01,97.53,102.18,96.67,97.63,867970200,93.24590085706828,3,1,indicator <= high
SPY,-0.02058662798422479,0.021019345429044444,2003-07-01,97.25,101.9,96.43,99.39,895260500,95.24795042853414,3,1,indicator <= high
SPY,-0.019871204614708503,0.02027407490553022,2003-08-01,99.19,101.82,96.34,101.44,772702000,97.21897521426706,3,1,indicator <= high
SPY,-0.021748449359174308,0.022231960015731637,2003-09-01,101.64,104.7,99.25,99.95,818513400,99.42948760713352,3,1,indicator <= high
SPY,-0.004042859102486317,0.004059270159801321,2003-10-01,100.24,105.97,100.2,105.3,831700900,99.83474380356677,3,1,indicator <= high
SPY,-0.027968114403939637,0.028772836383643207,2003-11-01,105.75,106.95,103.62,106.45,630654200,102.79237190178338,3,1,indicator <= high
SPY,-0.01898749695000754,0.019354999952574444,2003-12-01,106.85,111.52,105.96,111.28,678350400,104.82118595089169,3,1,indicator <= high
SPY,-0.030959432831162998,0.03194854155756815,2004-01-01,111.74,116.5,110.73,113.48,737674000,108.28059297544584,3,1,indicator <= high
SPY,-0.023832044962859043,0.02441387759133344,2004-02-01,113.7,116.6,112.78,115.02,676976900,110.99029648772293,3,1,indicator <= high
SPY,-0.01923115096715359,0.019608239990613247,2004-03-01,115.43,116.97,108.85,113.1,1125003900,113.21014824386147,3,1,indicator <= high
SPY,0.0006197410624456564,-0.0006193572213432678,2004-04-01,113.07,115.41,110.9,110.96,968620900,113.14007412193072,3,1,indicator <= high
SPY,0.007946817463997122,-0.007884163456154744,2004-05-01,111.37,113.26,108.06,112.86,981083900,112.25503706096536,3,1,indicator <= high
SPY,-0.0009112704029638525,0.0009121015741328565,2004-06-01,112.46,114.94,111.87,114.53,721880400,112.35751853048268,3,1,indicator <= high
SPY,-0.008282194614955453,0.008351362222179531,2004-07-01,114.25,114.4,108.21,110.84,954619200,113.30375926524134,3,1,indicator <= high
SPY,0.014129046488979745,-0.013932197818311164,2004-08-01,110.19,111.63,106.59,111.11,922892000,111.74687963262068,3,0,indicator <= high
SPY,0.0035911655368213546,-0.0035783152145430043,2004-09-01,110.95,113.74,110.41,111.76,790891900,111.34843981631033,3,1,indicator <= high
SPY,-0.0040600400128703844,0.004076591135998652,2004-10-01,112.26,114.68,109.35,113.2,1044071300,111.80421990815518,3,1,indicator <= high
SPY,-0.00773062738572044,0.007790855587281673,2004-11-01,113.56,119.14,113.2,117.89,961601700,112.68210995407759,3,1,indicator <= high
SPY,-0.02317996803453964,0.02373002935648157,2004-12-01,118.16,121.66,117.73,120.87,909170200,115.42105497703879,3,1,indicator <= high
SPY,-0.025250678771640323,0.025904792362224906,2005-01-01,121.56,121.76,116.37,118.16,1184211500,118.4905274885194,3,1,indicator <= high
SPY,0.0010170295497649246,-0.001015996251554643,2005-02-01,118.25,121.67,118.1,120.63,1025608400,118.3702637442597,3,1,indicator <= high
SPY,-0.010137958350191512,0.010241789182353654,2005-03-01,120.82,123.25,116.25,117.96,1330548800,119.59513187212985,3,1,indicator <= high
SPY,0.004067823788796508,-0.0040513436367742486,2005-04-01,118.63,119.26,113.55,115.75,1633318500,119.11256593606493,3,1,indicator <= high
SPY,0.01310659919042359,-0.012937038610642859,2005-05-01,116.07,120.25,114.8,119.48,1334647300,117.59128296803246,3,1,indicator <= high
SPY,-0.008068595347923037,0.008134227135144613,2005-06-01,119.52,121.94,118.75,119.18,1089322900,118.55564148401623,3,1,indicator <= high
SPY,-0.003743652222619432,0.003757719818770955,2005-07-01,119.45,124.64,118.26,123.74,1176306400,119.00282074200811,3,1,indicator <= high
SPY,-0.019491154235612942,0.019878611314738306,2005-08-01,123.83,124.74,120.38,122.58,1306564800,121.41641037100405,3,1,indicator <= high
SPY,-0.004503712165344164,0.004524087352591109,2005-09-01,122.52,124.74,120.44,123.04,1287005000,121.96820518550203,3,1,indicator <= high
SPY,-0.004032997781790741,0.004049328715518167,2005-10-01,122.96,123.34,116.88,120.13,1784566400,122.464102592751,3,1,indicator <= high
SPY,0.007812666249589569,-0.007752101666536035,2005-11-01,120.58,127.41,120.13,125.41,1183732800,121.52205129637551,3,1,indicator <= high
SPY,-0.017846170066753188,0.018170442880588392,2005-12-01,126.02,128.09,124.36,124.51,1073146800,123.77102564818776,3,1,indicator <= high
SPY,-0.005667283136880895,0.005699584294842286,2006-01-01,125.19,129.44,124.39,127.5,1233910800,124.48051282409388,3,1,indicator <= high
SPY,-0.013063241964896452,0.013236148981728185,2006-02-01,127.82,130.04,125.4,128.23,1145244400,126.15025641204693,3,1,indicator <= high
SPY,-0.009524664027811297,0.009616255631910795,2006-03-01,128.6,131.47,127.18,129.83,1350777100,127.37512820602346,3,1,indicator <= high
SPY,-0.010359313423450901,0.010467752148799315,2006-04-01,130.07,131.86,128.02,131.47,1300327900,128.72256410301173,3,1,indicator <= high
SPY,-0.01044890810446601,0.010559240639561734,2006-05-01,131.47,132.8,124.76,127.51,1752747100,130.09628205150585,3,1,indicator <= high
SPY,0.010662121414295248,-0.010549639873091257,2006-06-01,127.38,129.43,122.34,127.28,2163829300,128.73814102575292,3,1,indicator <= high
SPY,0.00513278280527697,-0.005106571880932609,2006-07-01,127.43,128.14,122.39,127.85,1691301400,128.08407051287645,3,1,indicator <= high
SPY,0.0029215898887876854,-0.0029130790664419295,2006-08-01,127.34,131.04,126.28,130.64,1420345400,127.71203525643823,3,1,indicator <= high
SPY,-0.01306986710218753,0.01324295070798167,2006-09-01,131.14,133.99,129.35,133.58,1363687900,129.4260176282191,3,1,indicator <= high
SPY,-0.015403558378691323,0.015644539963324156,2006-10-01,133.54,139.0,132.65,137.79,1443344100,131.48300881410955,3,1,indicator <= high
SPY,-0.024370536774310583,0.02497929561673459,2006-11-01,138.22,141.16,135.62,140.53,1502059900,134.8515044070548,3,1,indicator <= high
SPY,-0.020203855379439407,0.02062046833962959,2006-12-01,140.53,143.24,138.97,141.62,1212756800,137.69075220352738,3,1,indicator <= high
SPY,-0.016025475558778975,0.01628647405061581,2007-01-01,142.25,144.13,140.25,143.75,1330329900,139.9703761017637,3,1,indicator <= high
SPY,-0.014497481436823945,0.014710750265723016,2007-02-01,144.15,146.42,139.0,140.93,1494548900,142.06018805088183,3,1,indicator <= high
SPY,0.009760973341760654,-0.0096666177436598,2007-03-01,139.34,143.81,136.75,142.0,2918304400,140.70009402544093,3,1,indicator <= high
SPY,-0.005134728385477755,0.00516122989914487,2007-04-01,142.16,149.8,141.48,148.29,1791289900,141.43004701272048,3,1,indicator <= high
SPY,-0.023547880970487593,0.024115755920414855,2007-05-01,148.42,153.89,147.67,153.32,2508178000,144.92502350636022,3,1,indicator <= high
SPY,-0.029097272204444295,0.029969296996940096,2007-06-01,153.88,154.4,148.06,150.43,3502885400,149.4025117531801,3,1,indicator <= high
SPY,-0.004863419655398441,0.004887188102073696,2007-07-01,150.87,155.53,145.04,145.72,3988676200,150.13625587659004,3,1,indicator <= high
SPY,0.017069347970071754,-0.016782875232785047,2007-08-01,145.18,150.59,137.0,147.59,6195918600,147.65812793829502,3,1,indicator <= high
SPY,0.0007057576747881846,-0.0007052599321783292,2007-09-01,147.45,154.39,144.33,152.58,2967009200,147.5540639691475,3,1,indicator <= high
SPY,-0.01653321111026372,0.016811153459415275,2007-10-01,152.6,157.52,148.66,154.65,3850069600,150.07703198457375,3,1,indicator <= high
SPY,-0.010480031363514483,0.01059102564444,2007-11-01,153.29,153.41,140.66,148.66,5472709900,151.68351599228686,3,1,indicator <= high
SPY,0.011787286565513392,-0.011649965088536586,2007-12-01,148.19,152.89,143.96,146.21,3293787500,149.93675799614343,3,1,indicator <= high
SPY,0.011624779895391476,-0.011491197256549561,2008-01-01,146.53,146.99,126.0,137.37,6106834300,148.23337899807171,3,0,indicator <= high
SPY,0.03731107364822284,-0.03596903050210368,2008-02-01,137.94,139.61,131.73,133.82,4151028600,143.08668949903586,3,0,indicator <= high
SPY,0.03735424928284464,-0.036009154354617816,2008-03-01,133.14,135.81,126.07,131.97,5462121800,138.11334474951792,3,0,indicator <= high
SPY,0.01685257372022269,-0.016573271441470055,2008-04-01,133.61,140.59,132.33,138.26,4014652600,135.86167237475897,3,1,indicator <= high
SPY,-0.009099319356991617,0.00918287729007003,2008-05-01,138.38,144.3,137.52,140.35,3646997000,137.1208361873795,3,1,indicator <= high
SPY,-0.00968734825366691,0.009782110969282365,2008-06-01,139.83,140.89,127.04,127.98,5408930000,138.47541809368977,3,1,indicator <= high
SPY,0.04724714706643123,-0.04511556531691764,2008-07-01,126.52,129.16,120.02,126.83,7156206800,132.49770904684488,3,0,indicator <= high
SPY,0.02115209662855912,-0.020713953091214314,2008-08-01,127.12,131.51,124.76,128.79,4344355500,129.80885452342244,3,1,indicator <= high
SPY,-0.0008503632876164459,0.0008510870207734785,2008-09-01,130.03,130.71,110.53,115.99,8105188900,129.91942726171123,3,1,indicator <= high
SPY,0.0635439718127493,-0.059747385624726236,2008-10-01,115.27,116.69,83.58,96.83,11882352200,122.59471363085561,3,0,indicator <= high
SPY,0.1333680183449866,-0.11767406189892207,2008-11-01,96.78,100.86,74.34,90.09,8762237000,109.6873568154278,3,0,indicator <= high
SPY,0.12671327171424865,-0.1124627488601954,2008-12-01,87.51,92.43,81.86,90.24,6919927700,98.5986784077139,3,0,indicator <= high
SPY,0.045105475495985856,-0.04315877827984751,2009-01-01,90.44,94.45,80.05,82.83,6872039400,94.51933920385696,3,0,indicator <= high
SPY,0.07937562341459461,-0.07353846213748147,2009-02-01,81.57,87.74,73.81,73.93,7275092500,88.04466960192848,3,0,indicator <= high
SPY,0.10703715941759846,-0.09668795532925893,2009-03-01,72.52,83.3,67.1,79.52,8813959700,80.28233480096424,3,1,indicator <= high
SPY,0.0111571042974929,-0.01103399684388744,2009-04-01,78.53,89.02,78.33,87.42,6023006600,79.40616740048212,3,1,indicator <= high
SPY,-0.04593911596247652,0.04815113661097306,2009-05-01,87.44,93.7,86.72,92.53,5195735600,83.42308370024105,3,1,indicator <= high
SPY,-0.05469689494907102,0.0578617531845769,2009-06-01,93.67,96.11,88.85,91.95,5054855000,88.54654185012052,3,1,indicator <= high
SPY,-0.02054070906367492,0.02097147809383563,2009-07-01,92.34,99.83,87.0,98.81,4295844600,90.44327092506026,3,1,indicator <= high
SPY,-0.047104301827439826,0.04943279932711974,2009-08-01,99.85,104.35,98.11,102.46,3957574800,95.14663546253013,3,1,indicator <= high
SPY,-0.033366182135703235,0.03451791311152681,2009-09-01,101.95,108.06,99.57,105.59,3777956700,98.54831773126506,3,1,indicator <= high
SPY,-0.021610108100655057,0.02208741962644711,2009-10-01,103.0,110.31,101.99,103.56,4481700800,100.77415886563253,3,1,indicator <= high
SPY,-0.016113709470697523,0.016377613577712127,2009-11-01,104.13,111.74,103.08,109.94,3430866200,102.45207943281626,3,1,indicator <= high
SPY,-0.03817129718348242,0.03968616976360304,2009-12-01,110.92,113.03,109.02,111.44,2883885800,106.68603971640813,3,1,indicator <= high
SPY,-0.025291271173764736,0.02594751685892976,2010-01-01,112.37,115.14,107.22,107.39,3706842300,109.52801985820406,3,1,indicator <= high
SPY,0.0063708731308555495,-0.006330542050601621,2010-02-01,108.15,111.58,104.58,110.74,4451912400,108.83900992910203,3,1,indicator <= high
SPY,-0.010615962549001661,0.0107298704518744,2010-03-01,111.2,118.17,111.17,117.0,3899688500,110.01950496455102,3,1,indicator <= high
SPY,-0.03302417247643879,0.03415201449348963,2010-04-01,117.8,122.12,117.1,118.81,3887089700,113.90975248227551,3,1,indicator <= high
SPY,-0.02291107186180469,0.023448297490649948,2010-05-01,119.38,120.68,104.38,109.37,7413878800,116.64487624113775,3,1,indicator <= high
SPY,0.03827815524290613,-0.03686695617124962,2010-06-01,108.35,113.2,102.88,103.22,5706059600,112.49743812056887,3,1,indicator <= high
SPY,0.04530992787478857,-0.04334592704663948,2010-07-01,103.15,112.29,101.13,110.27,4725402000,107.82371906028445,3,1,indicator <= high
SPY,-0.018601129295988762,0.01895368932169766,2010-08-01,111.99,113.18,104.29,105.31,4541971600,109.90685953014221,3,1,indicator <= high
SPY,0.014882692448900005,-0.014664446009014346,2010-09-01,106.73,115.79,106.66,114.13,4035642500,108.3184297650711,3,1,indicator <= high
SPY,-0.02900934966053095,0.029876033976628878,2010-10-01,114.99,119.76,113.18,118.49,3767490800,111.65421488253554,3,1,indicator <= high
SPY,-0.03114044309004977,0.03214133861606124,2010-11-01,119.07,122.95,117.59,118.49,3983708900,115.36210744126777,3,1,indicator <= high
SPY,-0.020124345086240638,0.0205376518799335,2010-12-01,120.2,126.2,120.19,125.75,2722749900,117.78105372063388,3,1,indicator <= high
SPY,-0.03523378691250139,0.03652054397691256,2011-01-01,126.71,130.35,125.7,128.68,2860314700,122.24552686031694,3,1,indicator <= high
SPY,-0.027863715200382607,0.028662354894124793,2011-02-01,129.46,134.69,129.38,133.15,2820073500,125.85276343015848,3,1,indicator <= high
SPY,-0.028888360297377902,0.02974772324449145,2011-03-01,133.57,133.69,125.28,132.59,4787459400,129.71138171507923,3,1,indicator <= high
SPY,-0.013861848005849522,0.014056699842530529,2011-04-01,133.41,136.57,129.51,136.43,2812718500,131.5606908575396,3,1,indicator <= high
SPY,-0.02009669928671621,0.020508859672263142,2011-05-01,137.07,137.18,131.38,134.9,3337607300,134.3153454287698,3,1,indicator <= high
SPY,-0.0007235691444138607,0.0007240930758212087,2011-06-01,134.51,134.92,126.19,131.97,4710433400,134.41267271438488,3,1,indicator <= high
SPY,0.008792008154988457,-0.008715382441489042,2011-07-01,132.09,135.7,127.97,129.33,3840768000,133.25133635719243,3,1,indicator <= high
SPY,0.009214828634944959,-0.009130690883138186,2011-08-01,130.84,130.96,110.27,122.22,9050451800,132.0456681785962,3,0,indicator <= high
SPY,0.03988743224546655,-0.03835745197856289,2011-09-01,122.29,123.4,111.3,113.15,6188283200,127.16783408929811,3,0,indicator <= high
SPY,0.06524061734064407,-0.06124495844283164,2011-10-01,112.49,129.42,107.43,125.5,5721102000,119.82891704464905,3,1,indicator <= high
SPY,-0.009018614092235332,0.00910068970061839,2011-11-01,122.03,128.02,116.2,124.99,5013586000,120.92945852232452,3,1,indicator <= high
SPY,-0.015701007119244978,0.01595146112391391,2011-12-01,124.85,127.26,120.03,125.5,3848636100,122.88972926116226,3,1,indicator <= high
SPY,-0.019060233010479596,0.019430584478163194,2012-01-01,127.76,133.4,126.43,131.32,2883821400,125.32486463058113,3,1,indicator <= high
SPY,-0.026325252737995596,0.027037008828690284,2012-02-01,132.29,138.19,132.13,137.02,2894582000,128.80743231529055,3,1,indicator <= high
SPY,-0.030961210708285804,0.031950434854022554,2012-03-01,137.31,141.83,134.36,140.81,3057516200,133.05871615764528,3,1,indicator <= high
SPY,-0.026952800918496545,0.027699376704376034,2012-04-01,140.64,142.21,135.76,139.87,3035644100,136.84935807882263,3,1,indicator <= high
SPY,-0.010518069680153659,0.010629875450836915,2012-05-01,139.79,141.66,129.55,131.47,4004156100,138.3196790394113,3,1,indicator <= high
SPY,0.03442422934630742,-0.033278637883474,2012-06-01,129.41,136.27,127.14,136.1,3644886200,133.86483951970564,3,1,indicator <= high
SPY,-0.009580746190996404,0.009673424818984781,2012-07-01,136.48,139.34,132.6,137.71,2864743300,135.1724197598528,3,1,indicator <= high
SPY,-0.012716583417978327,0.012880377816942555,2012-08-01,138.7,143.09,135.58,141.16,2413590900,136.9362098799264,3,1,indicator <= high
SPY,-0.014548320051310258,0.014763098330775342,2012-09-01,141.04,148.11,140.13,143.97,2391233500,138.9881049399632,3,1,indicator <= high
SPY,-0.01913885642138385,0.01951229952035496,2012-10-01,144.52,147.16,140.39,141.35,2719915500,141.75405246998162,3,1,indicator <= high
SPY,0.000367287221961108,-0.0003671523715865116,2012-11-01,141.65,143.72,134.7,142.15,3032769100,141.7020262349908,3,1,indicator <= high
SPY,-0.003844445955914617,0.0038592827599136983,2012-12-01,142.8,145.58,139.54,142.41,2889875900,142.2510131174954,3,1,indicator <= high
SPY,-0.009851102206962337,0.009949111925408038,2013-01-01,145.11,150.94,144.73,149.7,2587140200,143.6805065587477,3,1,indicator <= high
SPY,-0.02313140869980839,0.02367914057818255,2013-02-01,150.65,153.28,148.73,151.61,2581459300,147.16525327937387,3,1,indicator <= high
SPY,-0.012988108811391093,0.013159019589672992,2013-03-01,151.09,156.85,150.41,156.67,2330972300,149.12762663968692,3,1,indicator <= high
SPY,-0.023827745578622682,0.024409365735094054,2013-04-01,156.59,159.72,153.55,159.68,2907035000,152.85881331984348,3,1,indicator <= high
SPY,-0.02030749601505229,0.020728438701378797,2013-05-01,159.33,169.07,158.1,163.45,2781596000,156.09440665992173,3,1,indicator <= high
SPY,-0.023608598364396965,0.02417944107747057,2013-06-01,163.83,165.99,155.73,160.42,3533321800,159.96220332996086,3,1,indicator <= high
SPY,-0.00402392617524226,0.0040401835756852435,2013-07-01,161.26,169.86,160.22,168.71,2330904500,160.61110166498042,3,1,indicator <= high
SPY,-0.027586617845224967,0.028369228922061583,2013-08-01,169.99,170.97,163.05,163.65,2283131700,165.30055083249022,3,1,indicator <= high
SPY,0.00021349280545377743,-0.00021344723600454646,2013-09-01,165.23,173.6,163.7,168.01,2226749600,165.26527541624512,3,1,indicator <= high
SPY,-0.00854860409109929,0.008622312829831122,2013-10-01,168.14,177.51,164.53,175.79,2901739000,166.70263770812255,3,1,indicator <= high
SPY,-0.026466771650600743,0.02718630538731018,2013-11-01,176.02,181.75,174.76,181.0,1930952900,171.36131885406127,3,1,indicator <= high
SPY,-0.0268614532716847,0.02760290748115231,2013-12-01,181.09,184.69,177.32,184.69,2232775900,176.22565942703062,3,1,indicator <= high
SPY,-0.021073868281795298,0.02152753675581893,2014-01-01,183.98,184.94,176.88,178.18,2530650900,180.1028297135153,3,1,indicator <= high
SPY,0.0059921046061562734,-0.0059564131554513235,2014-02-01,177.97,187.15,173.71,186.29,2394184600,179.03641485675763,3,1,indicator <= high
SPY,-0.015200609648638902,0.015435234625008816,2014-03-01,184.65,189.02,183.75,187.01,2554084300,181.84320742837883,3,1,indicator <= high
SPY,-0.015394927437429836,0.015635636933458427,2014-04-01,187.62,189.7,181.31,188.31,2345902000,184.73160371418942,3,1,indicator <= high
SPY,-0.009266805562136202,0.009353482465472587,2014-05-01,188.22,192.8,186.01,192.68,1781093800,186.47580185709472,3,1,indicator <= high
SPY,-0.016776880391047595,0.01706314676339191,2014-06-01,192.95,196.6,191.97,195.72,1675047300,189.71290092854736,3,1,indicator <= high
SPY,-0.016531852883416496,0.016809749183932396,2014-07-01,196.2,199.06,192.97,193.09,1893710200,192.95645046427367,3,1,indicator <= high
SPY,0.001029420607274871,-0.001028361990250369,2014-08-01,192.56,200.82,190.55,200.71,1829885000,192.75822523213685,3,1,indicator <= high
SPY,-0.020430349723498827,0.02085645438048432,2014-09-01,200.97,201.9,196.05,197.02,2106462700,196.86411261606844,3,1,indicator <= high
SPY,0.00041716475868950367,-0.00041699080482103474,2014-10-01,196.7,201.82,181.92,201.66,3943068000,196.7820563080342,3,1,indicator <= high
SPY,-0.012722721107284432,0.012886674675177016,2014-11-01,201.92,207.87,200.06,207.2,1571091800,199.35102815401711,3,1,indicator <= high
SPY,-0.01707599768891197,0.01737265307263048,2014-12-01,206.4,212.97,197.86,205.54,3045171000,202.87551407700857,3,1,indicator <= high
SPY,-0.008490371942512407,0.00856307563966503,2015-01-01,206.38,206.88,198.55,199.45,3183506000,204.62775703850428,3,1,indicator <= high
SPY,0.011441532213207381,-0.011312104406244174,2015-02-01,200.05,212.24,197.86,210.66,1901638100,202.33887851925215,3,1,indicator <= high
SPY,-0.020023535156912138,0.020432669431625864,2015-03-01,210.78,212.06,204.12,206.43,2749923000,206.55943925962606,3,1,indicator <= high
SPY,0.00041048321049002884,-0.0004103147831605256,2015-04-01,206.39,212.48,204.51,208.46,2036685200,206.47471962981302,3,1,indicator <= high
SPY,-0.006984910148488429,0.007034042301948203,2015-05-01,209.4,213.78,206.76,211.14,1892519900,207.93735981490653,3,1,indicator <= high
SPY,-0.009442861623793217,0.009532879283745955,2015-06-01,211.94,213.34,205.28,205.85,2535242600,209.93867990745326,3,1,indicator <= high
SPY,0.00531622757293902,-0.005288114751488292,2015-07-01,207.73,213.18,204.11,210.5,2452758000,208.8343399537266,3,1,indicator <= high
SPY,-0.003862159190044111,0.0038771332960344162,2015-08-01,210.46,211.31,182.4,197.67,3734926900,209.64716997686332,3,1,indicator <= high
SPY,0.04278989741317139,-0.04103405443351481,2015-09-01,193.12,202.89,186.93,191.63,3279512900,201.38358498843166,3,1,indicator <= high
SPY,0.024217995076092312,-0.023645352056417525,2015-10-01,192.08,209.44,189.12,207.93,2536184400,196.73179249421582,3,1,indicator <= high
SPY,-0.027813478076478902,0.028609199417256374,2015-11-01,208.32,211.66,202.18,208.69,1924512800,202.5258962471079,3,1,indicator <= high
SPY,-0.01650616824124346,0.016783194472837625,2015-12-01,209.44,211.0,199.83,203.87,2924882300,205.98294812355397,3,1,indicator <= high
SPY,0.01369880822872452,-0.013513686824453293,2016-01-01,200.49,201.9,181.02,193.72,3712950900,203.236474061777,3,0,indicator <= high
SPY,0.027804690338588758,-0.027052503846260016,2016-02-01,192.53,196.68,181.09,193.56,2920730800,197.8832370308885,3,0,indicator <= high
SPY,0.007366896648603928,-0.007313022368625337,2016-03-01,195.01,206.87,194.45,205.52,2323306500,196.44661851544424,3,1,indicator <= high
SPY,-0.019337855357366585,0.019719182047568035,2016-04-01,204.35,210.92,203.09,206.33,1910635600,200.39830925772213,3,1,indicator <= high
SPY,-0.015758966610955508,0.016011287963368627,2016-05-01,206.92,210.69,202.78,209.84,1828530900,203.65915462886107,3,1,indicator <= high
SPY,-0.013056726690749164,0.013229460136011223,2016-06-01,209.12,212.52,198.65,209.48,2612406900,206.38957731443054,3,1,indicator <= high
SPY,-0.00737641465908302,0.00743123049665356,2016-07-01,209.48,217.54,207.06,217.12,1648453700,207.93478865721528,3,1,indicator <= high
SPY,-0.021306716107520416,0.021770575580920406,2016-08-01,217.19,219.6,214.25,217.38,1519703200,212.56239432860764,3,1,indicator <= high
SPY,-0.011058576784727346,0.011182236404632952,2016-09-01,217.37,219.22,212.31,216.3,2292393000,214.96619716430382,3,1,indicator <= high
SPY,-0.001978043822852775,0.0019819642349648624,2016-10-01,215.82,216.7,211.21,212.55,1725687400,215.3930985821519,3,1,indicator <= high
SPY,0.005783822341032097,-0.005750562111418582,2016-11-01,212.93,221.82,208.38,220.38,2073824400,214.16154929107597,3,1,indicator <= high
SPY,-0.014878926083731234,0.015103652208536432,2016-12-01,220.73,228.34,219.15,223.53,1821910200,217.445774645538,3,1,indicator <= high
SPY,-0.016873056688726507,0.01716264293591253,2017-01-01,225.04,229.71,223.88,227.53,1482408500,221.24288732276898,3,1,indicator <= high
SPY,-0.013816008168661386,0.014009564425199328,2017-02-01,227.53,237.31,226.82,236.47,1365136600,224.38644366138448,3,1,indicator <= high
SPY,-0.029371106880774177,0.030259872840161184,2017-03-01,238.39,240.32,231.61,235.74,1921474100,231.38822183069223,3,1,indicator <= high
SPY,-0.009354915541365158,0.009443256407492707,2017-04-01,235.8,239.53,232.51,238.08,1549613700,233.5941109153461,3,1,indicator <= high
SPY,-0.010654200361684891,0.010768934750195384,2017-05-01,238.68,242.08,235.43,241.44,1492547000,236.13705545767306,3,1,indicator <= high
SPY,-0.012053032488174093,0.012200080454247475,2017-06-01,241.97,245.01,239.96,241.8,1572753000,239.0535277288365,3,1,indicator <= high
SPY,-0.007877289754536153,0.007939834128569852,2017-07-01,242.88,248.0,240.34,246.77,1055908800,240.96676386441825,3,1,indicator <= high
SPY,-0.013119769125478367,0.013294185773538409,2017-08-01,247.46,248.91,241.83,247.49,1557031500,244.21338193220913,3,1,indicator <= high
SPY,-0.007475431727555028,0.007531734696065523,2017-09-01,247.92,251.32,244.95,251.23,1286405100,246.06669096610455,3,1,indicator <= high
SPY,-0.010782355230616453,0.010899881626282703,2017-10-01,251.49,257.89,251.29,257.15,1320624600,248.77834548305228,3,1,indicator <= high
SPY,-0.01794616051183482,0.01827411063449245,2017-11-01,258.04,266.05,255.63,265.01,1365620900,253.40917274152616,3,1,indicator <= high
SPY,-0.02143606900300995,0.021905639809521944,2017-12-01,264.76,268.6,260.76,266.86,1715222900,259.0845863707631,3,1,indicator <= high
SPY,-0.01634448482160402,0.0166160658578118,2018-01-01,267.84,286.63,267.4,281.9,1985506700,263.46229318538155,3,1,indicator <= high
SPY,-0.03132263637993806,0.03233546850200118,2018-02-01,281.07,283.06,252.92,271.65,2923722000,272.2661465926908,3,1,indicator <= high
SPY,0.0015772200594871854,-0.0015747363537216919,2018-03-01,271.41,280.41,257.83,263.15,2323561800,271.83807329634544,3,1,indicator <= high
SPY,0.017688199002752786,-0.017380764580041022,2018-04-01,262.55,271.3,254.67,264.51,1998466500,267.19403664817276,3,1,indicator <= high
SPY,0.006298625550787794,-0.006259201186268442,2018-05-01,263.87,274.25,259.05,270.94,1606397200,265.5320183240864,3,1,indicator <= high
SPY,-0.01262431936403528,0.012785730509287009,2018-06-01,272.41,279.48,268.49,271.28,1599001000,268.9710091620432,3,1,indicator <= high
SPY,-0.0009999458980312732,0.00100094679066875,2018-07-01,269.51,284.37,269.24,281.33,1266892500,269.2405045810216,3,1,indicator <= high
SPY,-0.021877211640464488,0.022366528927473397,2018-08-01,281.56,291.74,279.16,290.31,1308443700,275.4002522905108,3,1,indicator <= high
SPY,-0.024909860111594496,0.025546212696238847,2018-09-01,289.84,293.94,286.71,290.72,1228103300,282.6201261452554,3,1,indicator <= high
SPY,-0.01624366480905239,0.01651187822429574,2018-10-01,292.11,293.21,259.85,270.63,3024345800,287.3650630726277,3,1,indicator <= high
SPY,0.029022575612348587,-0.0282040222441941,2018-11-01,271.6,281.22,263.07,275.65,2021061200,279.4825315363139,3,1,indicator <= high
SPY,-0.0014226281998110336,0.0014246549541237707,2018-12-01,280.28,280.4,233.76,249.92,3102780500,279.88126576815694,3,1,indicator <= high
SPY,0.06891061421285669,-0.06446807927302911,2019-01-01,245.98,270.47,243.67,269.93,2048691700,262.9306328840785,3,1,indicator <= high
SPY,-0.013361775154398483,0.013542730068551176,2019-02-01,270.15,281.31,267.83,278.68,1371716300,266.5403164420392,3,1,indicator <= high
SPY,-0.024781920478463792,0.025411670475410337,2019-03-01,280.44,285.18,272.42,282.48,1678081300,273.4901582210196,3,1,indicator <= high
SPY,-0.01968711236210112,0.020082478370286413,2019-04-01,284.7,294.45,284.4,294.02,1209204700,279.0950791105098,3,1,indicator <= high
SPY,-0.026508076970497802,0.027229888963027856,2019-05-01,294.72,294.95,275.24,275.27,1845593200,286.9075395552549,3,1,indicator <= high
SPY,0.02106269215657788,-0.02062820659140091,2019-06-01,275.31,296.31,273.09,293.0,1340435600,281.10876977762746,3,1,indicator <= high
SPY,-0.026242467005481482,0.02694969344656069,2019-07-01,296.68,302.23,294.33,297.43,1110102300,288.89438488881376,3,1,indicator <= high
SPY,-0.014626369474439283,0.014843475633337311,2019-08-01,297.6,300.87,281.72,292.45,2034004800,293.2471924444069,3,1,indicator <= high
SPY,0.004606794308440035,-0.004585669074248398,2019-09-01,290.57,302.63,289.27,296.77,1303830000,291.9085962222034,3,1,indicator <= high
SPY,-0.009792778561490889,0.00988962547381201,2019-10-01,297.74,304.55,284.82,303.33,1386748300,294.8242981111017,3,1,indicator <= high
SPY,-0.016554673174764462,0.016833343677788746,2019-11-01,304.92,315.48,304.74,314.31,1037123500,299.87214905555084,3,1,indicator <= high
SPY,-0.02339211504569312,0.023952412637736977,2019-12-01,314.59,323.8,307.13,321.86,1285175800,307.2310745277754,3,1,indicator <= high
SPY,-0.02520387814833496,0.025855537976966058,2020-01-01,323.54,332.95,320.36,321.73,1392003800,315.3855372638877,3,1,indicator <= high
SPY,-0.012315544666943398,0.012469108530001598,2020-02-01,323.35,339.08,285.54,296.26,2110214900,319.3677686319439,3,1,indicator <= high
SPY,0.03547461291027111,-0.03425927827488433,2020-03-01,298.21,313.84,218.26,257.75,5926017600,308.7888843159719,3,1,indicator <= high
SPY,0.12260844486646498,-0.10921746173132461,2020-04-01,247.98,294.88,243.9,290.48,2819312300,278.384442157986,3,1,indicator <= high
SPY,-0.012136899936935215,0.012286014060207736,2020-05-01,285.31,306.84,272.99,304.32,1910460500,281.847221078993,3,1,indicator <= high
SPY,-0.03585531078487417,0.03718872404313364,2020-06-01,303.62,323.41,296.74,308.36,2358674500,292.7336105394965,3,1,indicator <= high
SPY,-0.027193186452988797,0.02795332647171542,2020-07-01,309.57,327.23,309.07,326.52,1505145300,301.15180526974825,3,1,indicator <= high
SPY,-0.04137456556142131,0.04316030440570609,2020-08-01,328.32,351.3,327.73,349.31,1045563300,314.73590263487415,3,1,indicator <= high
SPY,-0.0506468938138915,0.05334884721382355,2020-09-01,350.21,358.75,319.8,334.89,1814712700,332.47295131743704,3,1,indicator <= high
SPY,-0.007724612340553324,0.00778474648935306,2020-10-01,337.69,354.02,322.6,326.54,1629016100,335.08147565871855,3,1,indicator <= high
SPY,0.007391695425073613,-0.007337459161755997,2020-11-01,330.2,364.38,327.24,362.06,1535244300,332.6407378293593,3,1,indicator <= high
SPY,-0.045038244618870196,0.0471623542671562,2020-12-01,365.57,378.46,362.03,373.88,1344541500,349.1053689146796,3,1,indicator <= high
SPY,-0.03491064864421455,0.03617348859478251,2021-01-01,375.31,385.85,364.82,370.07,1402265400,362.20768445733984,3,1,indicator <= high
SPY,-0.015402327334180923,0.015643270100851238,2021-02-01,373.72,394.17,370.38,380.36,1307806200,367.96384222866993,3,1,indicator <= high
SPY,-0.022856087776303827,0.02339070784802824,2021-03-01,385.59,398.12,371.88,396.33,2401715800,376.776921114335,3,1,indicator <= high
SPY,-0.027137398199880768,0.027894379072304312,2021-04-01,398.4,420.72,398.18,417.3,1462106600,387.5884605571675,3,1,indicator <= high
SPY,-0.03795810915150624,0.039455775795821386,2021-05-01,419.43,422.82,404.0,420.04,1547235900,403.50923027858374,3,1,indicator <= high
SPY,-0.02255338727479027,0.023073779151895964,2021-06-01,422.57,428.78,414.7,428.06,1282152400,413.03961513929187,3,1,indicator <= high
SPY,-0.018455924709944897,0.018802950549613378,2021-07-01,428.87,441.8,421.97,438.51,1422104700,420.95480756964594,3,1,indicator <= high
SPY,-0.022011618783615045,0.022507035059289585,2021-08-01,440.34,453.07,436.1,451.56,1254001400,430.6474037848229,3,1,indicator <= high
SPY,-0.02420960338427737,0.02481024968911575,2021-09-01,452.56,454.05,428.78,429.14,1745559600,441.60370189241144,3,1,indicator <= high
SPY,0.012325052081780382,-0.01217499463876224,2021-10-01,430.98,459.56,426.36,459.25,1508665200,436.2918509462057,3,1,indicator <= high
SPY,-0.026078806271773003,0.0267771216395259,2021-11-01,460.3,473.54,455.3,455.56,1335351500,448.2959254731029,3,1,indicator <= high
SPY,-0.014452901099230015,0.014664850736560495,2021-12-01,461.64,479.0,448.92,474.96,1927433900,454.96796273655144,3,1,indicator <= high
SPY,-0.022393488624237422,0.022906443813189823,2022-01-01,476.3,479.98,420.76,449.91,2485167800,465.6339813682757,3,1,indicator <= high
SPY,0.0165904648179149,-0.016319713190391254,2022-02-01,450.68,458.12,410.64,436.63,2297975100,458.1569906841379,3,0,indicator <= high
SPY,0.02656881055091248,-0.02588117842451712,2022-03-01,435.04,462.07,415.12,451.64,2380929500,446.598495342069,3,1,indicator <= high
SPY,-0.007402775868534732,0.007457985664842305,2022-04-01,453.31,457.83,411.21,412.0,1856757400,449.9542476710345,3,1,indicator <= high
SPY,0.0459682185927568,-0.043948007000253156,2022-05-01,412.07,429.66,380.54,412.93,2418478100,431.0121238355173,3,0,indicator <= high
SPY,0.019079080660352778,-0.018721884319310853,2022-06-01,415.17,417.44,362.17,377.25,1958611900,423.0910619177587,3,0,indicator <= high
SPY,0.061784392816229314,-0.058189207935478465,2022-07-01,376.56,413.03,371.04,411.99,1437748400,399.8255309588793,3,1,indicator <= high
SPY,-0.011394927338531913,0.011526268328620972,2022-08-01,409.15,431.73,395.04,395.18,1443394400,404.48776547943964,3,1,indicator <= high
SPY,0.014759557992618366,-0.014544881963778192,2022-09-01,392.89,411.73,357.04,357.18,1998908600,398.6888827397198,3,1,indicator <= high
SPY,0.05207832438755939,-0.04950042518733143,2022-10-01,361.08,389.52,348.11,386.21,2024732000,379.8844413698599,3,1,indicator <= high
SPY,-0.013143433934151919,0.01331848455601695,2022-11-01,390.14,407.68,368.79,407.68,1745985300,385.01222068492996,3,1,indicator <= high
SPY,-0.02906008184929181,0.029929845612528556,2022-12-01,408.77,410.49,374.77,382.43,1735973600,396.89111034246497,3,1,indicator <= high
SPY,0.016287835083987966,-0.016026793317507247,2023-01-01,384.37,408.16,377.83,406.48,1575450100,390.63055517123246,3,1,indicator <= high
SPY,-0.01798998646228817,0.018319555008893304,2023-02-01,405.21,418.31,393.64,396.26,1603094700,397.9202775856162,3,1,indicator <= high
SPY,0.0031742717503554646,-0.003164227631971603,2023-03-01,395.41,409.7,380.65,409.39,2515995800,396.6651387928081,3,1,indicator <= high
SPY,-0.014901383401237547,0.015126793551581023,2023-04-01,408.85,415.94,403.78,415.93,1395780500,402.75756939640405,3,1,indicator <= high
SPY,-0.015298855035978502,0.015536546407222348,2023-05-01,415.47,422.58,403.74,417.85,1780909100,409.11378469820204,3,1,indicator <= high
SPY,-0.01073478832523844,0.010851274459621545,2023-06-01,418.09,444.3,416.79,443.28,1749901500,413.60189234910104,3,1,indicator <= high
SPY,-0.03309639173089827,0.034229256616536606,2023-07-01,442.92,459.44,437.06,457.79,1374698500,428.26094617455055,3,1,indicator <= high
SPY,-0.030693508038496315,0.031665431205752534,2023-08-01,456.27,457.25,433.01,450.35,1754892500,442.26547308727527,3,1,indicator <= high
SPY,-0.012031386579787596,0.012177903646287487,2023-09-01,453.17,453.67,422.29,427.48,1588981600,447.71773654363767,3,1,indicator <= high
SPY,0.024726614485534745,-0.02412996221235922,2023-10-01,426.62,438.14,409.21,418.2,1999294400,437.16886827181884,3,1,indicator <= high
SPY,0.02143233333947866,-0.020982626689922398,2023-11-01,419.2,458.32,418.65,456.4,1500017600,428.18443413590944,3,1,indicator <= high
SPY,-0.030262595019517016,0.031206999816745323,2023-12-01,455.77,477.55,454.31,475.31,1643624300,441.9772170679547,3,1,indicator <= high
SPY,-0.0319624522747007,0.03301778154143532,2024-01-01,472.16,491.62,466.43,482.88,1700872500,457.06860853397734,3,1,indicator <= high
SPY,-0.02843549869593572,0.029267741521812194,2024-02-01,484.63,510.13,483.8,508.08,1393307200,470.84930426698867,3,1,indicator <= high
SPY,-0.03745795093423259,0.03891565149864243,2024-03-01,508.98,524.61,504.91,523.07,1473501100,489.9146521334943,3,1,indicator <= high
SPY,-0.03237247567579723,0.0334555134718872,2024-04-01,523.83,524.38,493.86,501.98,1593138700,506.8723260667472,3,1,indicator <= high
SPY,0.00547720896999001,-0.005447372572075361,2024-05-01,501.38,533.07,499.55,527.37,1153206200,504.1261630333736,3,1,indicator <= high
SPY,-0.023528256934167324,0.02409517438804276,2024-06-01,529.02,550.28,522.6,544.22,888367600,516.5730815166868,3,1,indicator <= high
SPY,-0.026626943609509384,0.027355332505554154,2024-07-01,545.63,565.16,537.45,550.81,1038465500,531.1015407583434,3,1,indicator <= high
SPY,-0.01942600868818138,0.019810854520211304,2024-08-01,552.57,564.2,510.27,563.68,1244599000,541.8357703791717,3,1,indicator <= high
SPY,-0.014788420901610524,0.015010401029943294,2024-09-01,558.35,574.71,539.44,573.76,1044988300,550.0928851895858,3,1,indicator <= high
SPY,-0.020323609008034798,0.020745226888091335,2024-10-01,573.4,586.12,565.27,568.64,976068800,561.7464425947928,3,1,indicator <= high
SPY,-0.00837845463593705,0.008449246262454888,2024-11-01,571.32,603.35,567.89,602.55,901760600,566.5332212973965,3,1,indicator <= high
SPY,-0.03021442086886871,0.031155774553730718,2024-12-01,602.97,609.07,580.91,586.08,1059516700,584.7516106486983,3,1,indicator <= high
SPY,-0.003934906726702048,0.003950451384428143,2025-01-01,589.39,610.78,575.35,601.82,995501600,587.0708053243491,3,1,indicator <= high
SPY,-0.00472370347381427,0.004746122750337187,2025-02-01,592.67,613.23,582.44,594.18,871641300,589.8704026621745,3,1,indicator <= high
SPY,-0.005291688196371573,0.0053198391262827185,2025-03-01,596.18,597.34,546.87,559.39,1496591400,593.0252013310871,3,1,indicator <= high
SPY,0.031908871944647144,-0.030922180060836586,2025-04-01,557.45,567.42,481.8,554.54,2237015100,575.2376006655436,3,0,indicator <= high
SPY,0.013265878495943285,-0.013092198975094962,2025-05-01,560.37,595.54,556.04,589.39,1402172600,567.8038003327717,3,1,indicator <= high
SPY,-0.016976486718412488,0.01726966495617238,2025-06-01,587.76,619.22,585.06,617.85,1495410200,577.7819001663859,3,1,indicator <= high
SPY,-0.03129510337596069,0.03230612695881367,2025-07-01,616.36,639.85,615.52,632.08,1479850800,597.0709500831929,3,1,indicator <= high
SPY,-0.023334703749646395,0.023892221664099027,2025-08-01,626.3,649.48,619.29,645.05,1424047400,611.6854750415964,3,1,indicator <= high
SPY,-0.02024668624188516,0.020665085749211092,2025-09-01,637.5,667.34,634.92,666.18,1606348500,624.5927375207982,3,1,indicator <= high
SPY,-0.029085500308519585,0.029956809088505575,2025-10-01,663.17,689.7,652.84,682.06,1781815100,643.881368760399,3,1,indicator <= high
SPY,-0.03047284498344761,0.031430625563991926,2025-11-01,685.67,685.8,650.85,683.39,1664668300,664.7756843801994,3,1,indicator <= high
SPY,-0.010337440240863062,0.010445419136982385,2025-12-01,678.81,691.66,671.2,681.92,1656188700,671.7928421900997,3,1,indicator <= high
SPY,-0.010147990994662718,0.010252028487430185,2026-01-01,685.71,697.84,676.57,691.97,1600537800,678.7514210950499,3,1,indicator <= high
SPY,-0.007851575527821493,0.00791371062449504,2026-02-01,689.58,697.14,675.78,685.99,1614970000,684.1657105475249,3,1,indicator <= high
SPY,0.0040266027313428975,-0.004010454225404957,2026-03-01,678.7,688.62,662.39,677.18,663005100,681.4328552737625,3,1,indicator <= high
