symbol,moving_average_minus_open_over_open,open_minus_moving_average_over_moving_average,date,open,high,low,close,volume,WMA_12_months,moving_average_window_months,condition,screening_rule
AAPL,,,1985-01-01,0.13,0.14,0.12,0.13,6366416000,,12,0,indicator < high
AAPL,,,1985-02-01,0.13,0.14,0.11,0.11,4733388800,,12,0,indicator < high
AAPL,,,1985-03-01,0.11,0.12,0.09,0.1,4615587200,,12,0,indicator < high
AAPL,,,1985-04-01,0.1,0.1,0.09,0.09,2868028800,,12,0,indicator < high
AAPL,,,1985-05-01,0.09,0.1,0.08,0.08,4639129600,,12,0,indicator < high
AAPL,,,1985-06-01,0.08,0.08,0.07,0.08,5811388800,,12,0,indicator < high
AAPL,,,1985-07-01,0.08,0.08,0.07,0.07,2600595200,,12,0,indicator < high
AAPL,,,1985-08-01,0.07,0.07,0.06,0.07,1818745600,,12,0,indicator < high
AAPL,,,1985-09-01,0.07,0.08,0.07,0.07,1797196800,,12,0,indicator < high
AAPL,,,1985-10-01,0.07,0.09,0.07,0.08,3785913600,,12,0,indicator < high
AAPL,,,1985-11-01,0.08,0.09,0.08,0.09,2884672000,,12,0,indicator < high
AAPL,-0.0797720797720797,0.0866873065015479,1985-12-01,0.09,0.1,0.09,0.1,3571209600,0.08282051282051282,12,1,indicator < high
AAPL,-0.1589743589743589,0.18902439024390233,1986-01-01,0.1,0.11,0.1,0.1,6291801600,0.08410256410256411,12,1,indicator < high
AAPL,-0.14230769230769227,0.16591928251121071,1986-02-01,0.1,0.12,0.1,0.11,3420860800,0.08576923076923078,12,1,indicator < high
AAPL,-0.18764568764568754,0.23098995695839294,1986-03-01,0.11,0.13,0.11,0.13,4264332800,0.08935897435897437,12,1,indicator < high
AAPL,-0.2613412228796844,0.3538050734312417,1986-04-01,0.13,0.15,0.12,0.14,4462684800,0.09602564102564103,12,1,indicator < high
AAPL,-0.2582417582417584,0.3481481481481484,1986-05-01,0.14,0.17,0.13,0.17,4954051200,0.10384615384615384,12,1,indicator < high
AAPL,-0.3197586726998493,0.4700665188470069,1986-06-01,0.17,0.17,0.15,0.16,4063360000,0.11564102564102563,12,1,indicator < high
AAPL,-0.2203525641025641,0.28263103802672146,1986-07-01,0.16,0.17,0.13,0.14,5691638400,0.12474358974358975,12,1,indicator < high
AAPL,-0.0732600732600732,0.0790513833992094,1986-08-01,0.14,0.17,0.14,0.17,3643516800,0.12974358974358977,12,1,indicator < high
AAPL,-0.18552036199095023,0.2277777777777778,1986-09-01,0.17,0.17,0.14,0.15,3578198400,0.13846153846153847,12,1,indicator < high
AAPL,-0.047863247863247735,0.05026929982046664,1986-10-01,0.15,0.16,0.14,0.15,2984038400,0.14282051282051283,12,1,indicator < high
AAPL,-0.07692307692307702,0.08333333333333345,1986-11-01,0.16,0.18,0.15,0.18,5206163200,0.14769230769230768,12,1,indicator < high
AAPL,-0.14102564102564094,0.1641791044776118,1986-12-01,0.18,0.2,0.17,0.18,4762576000,0.15461538461538463,12,1,indicator < high
AAPL,-0.10897435897435899,0.12230215827338131,1987-01-01,0.18,0.26,0.18,0.25,8268915200,0.16038461538461538,12,1,indicator < high
AAPL,-0.2964102564102564,0.42128279883381925,1987-02-01,0.25,0.32,0.23,0.31,6616176000,0.1758974358974359,12,1,indicator < high
AAPL,-0.35897435897435903,0.56,1987-03-01,0.31,0.31,0.28,0.29,5959318400,0.1987179487179487,12,1,indicator < high
AAPL,-0.23443223443223452,0.30622009569378006,1987-04-01,0.28,0.36,0.28,0.35,6813161600,0.21435897435897436,12,1,indicator < high
AAPL,-0.31758241758241756,0.46537842190016093,1987-05-01,0.35,0.37,0.32,0.35,3838956800,0.23884615384615385,12,1,indicator < high
AAPL,-0.25531135531135524,0.3428430890309886,1987-06-01,0.35,0.39,0.34,0.36,3497536000,0.26064102564102565,12,1,indicator < high
AAPL,-0.21759259259259253,0.27810650887573957,1987-07-01,0.36,0.4,0.33,0.37,3070256000,0.2816666666666667,12,1,indicator < high
AAPL,-0.1846846846846846,0.22651933701657445,1987-08-01,0.37,0.48,0.36,0.48,3119300800,0.3016666666666667,12,1,indicator < high
AAPL,-0.3118785975928832,0.45323193916349797,1987-09-01,0.49,0.52,0.43,0.5,3075486400,0.3371794871794872,12,1,indicator < high
AAPL,-0.2712418300653594,0.37219730941704027,1987-10-01,0.51,0.53,0.25,0.34,6575699200,0.3716666666666667,12,1,indicator < high
AAPL,0.07692307692307697,-0.07142857142857147,1987-11-01,0.35,0.36,0.27,0.29,4234238400,0.3769230769230769,12,0,indicator < high
AAPL,0.2401709401709403,-0.19365954514128195,1987-12-01,0.3,0.39,0.27,0.38,4702264000,0.3720512820512821,12,1,indicator < high
AAPL,-0.005398110661268479,0.005427408412482961,1988-01-01,0.38,0.41,0.34,0.37,6221600000,0.377948717948718,12,1,indicator < high
AAPL,0.02633402633402633,-0.02565833896016205,1988-02-01,0.37,0.39,0.34,0.38,3368467200,0.37974358974358974,12,1,indicator < high
AAPL,-0.017751479289940964,0.018072289156626647,1988-03-01,0.39,0.43,0.35,0.36,4882102400,0.38307692307692304,12,1,indicator < high
AAPL,0.08351648351648351,-0.07707910750507099,1988-04-01,0.35,0.38,0.34,0.37,3297929600,0.3792307692307692,12,1,indicator < high
AAPL,0.044515669515669515,-0.04261847937265598,1988-05-01,0.36,0.39,0.33,0.37,2638507200,0.376025641025641,12,1,indicator < high
AAPL,0.011434511434511364,-0.011305241521068791,1988-06-01,0.37,0.42,0.37,0.41,3534731200,0.3742307692307692,12,1,indicator < high
AAPL,-0.0955433455433457,0.10563617954775585,1988-07-01,0.42,0.42,0.38,0.4,2186419200,0.3798717948717948,12,1,indicator < high
AAPL,-0.04583333333333342,0.048034934497816685,1988-08-01,0.4,0.41,0.35,0.36,2653313600,0.38166666666666665,12,1,indicator < high
AAPL,0.07252747252747256,-0.06762295081967216,1988-09-01,0.35,0.4,0.34,0.39,3060321600,0.37538461538461537,12,1,indicator < high
AAPL,-0.011808367071524778,0.011949470809149688,1988-10-01,0.38,0.39,0.33,0.34,3563649600,0.3755128205128206,12,1,indicator < high
AAPL,0.09162895927601807,-0.08393782383419686,1988-11-01,0.34,0.35,0.32,0.34,2939865600,0.37115384615384617,12,0,indicator < high
AAPL,0.07918552036199082,-0.07337526205450723,1988-12-01,0.34,0.38,0.33,0.36,2946070400,0.3669230769230769,12,1,indicator < high
AAPL,0.014601139601139642,-0.014391014391014431,1989-01-01,0.36,0.39,0.32,0.34,7345833600,0.36525641025641026,12,1,indicator < high
AAPL,0.06108597285067871,-0.057569296375266504,1989-02-01,0.34,0.36,0.31,0.32,4886268800,0.3607692307692308,12,0,indicator < high
AAPL,0.10496794871794872,-0.09499637418419145,1989-03-01,0.32,0.33,0.3,0.32,3859676800,0.3535897435897436,12,0,indicator < high
AAPL,0.08533653846153864,-0.07862679955703226,1989-04-01,0.32,0.37,0.3,0.35,3966424000,0.3473076923076924,12,1,indicator < high
AAPL,0.01319758672699828,-0.013025679196129307,1989-05-01,0.34,0.44,0.34,0.43,5253382400,0.34448717948717944,12,1,indicator < high
AAPL,-0.17262969588550992,0.20864864864864877,1989-06-01,0.43,0.45,0.35,0.37,3941280000,0.3557692307692307,12,1,indicator < high
AAPL,-0.03499653499653496,0.03626570915619386,1989-07-01,0.37,0.38,0.34,0.35,3688630400,0.35705128205128206,12,1,indicator < high
AAPL,0.016849816849817043,-0.016570605187320075,1989-08-01,0.35,0.41,0.35,0.4,3352305600,0.35589743589743594,12,1,indicator < high
AAPL,-0.09230769230769223,0.10169491525423718,1989-09-01,0.4,0.42,0.38,0.4,2020849600,0.36307692307692313,12,1,indicator < high
AAPL,-0.0759615384615385,0.08220603537981273,1989-10-01,0.4,0.45,0.38,0.42,4125049600,0.3696153846153846,12,1,indicator < high
AAPL,-0.0794246404002502,0.08627717391304353,1989-11-01,0.41,0.42,0.38,0.4,2524939200,0.3774358974358974,12,1,indicator < high
AAPL,-0.04294871794871785,0.04487608841259199,1989-12-01,0.4,0.41,0.29,0.31,5941185600,0.3828205128205129,12,1,indicator < high
AAPL,0.20512820512820523,-0.1702127659574469,1990-01-01,0.31,0.35,0.29,0.3,3747497600,0.3735897435897436,12,0,indicator < high
AAPL,0.17741935483870966,-0.1506849315068493,1990-02-01,0.31,0.31,0.29,0.3,2483891200,0.365,12,0,indicator < high
AAPL,0.1841880341880342,-0.15553951642006497,1990-03-01,0.3,0.39,0.3,0.36,4556473600,0.35525641025641025,12,1,indicator < high
AAPL,-0.013888888888888748,0.014084507042253376,1990-04-01,0.36,0.4,0.34,0.35,3642475200,0.35500000000000004,12,1,indicator < high
AAPL,0.00769230769230776,-0.007633587786259609,1990-05-01,0.35,0.38,0.35,0.37,4115630400,0.3526923076923077,12,1,indicator < high
AAPL,-0.04504504504504488,0.04716981132075454,1990-06-01,0.37,0.4,0.33,0.4,3952054400,0.3533333333333334,12,1,indicator < high
AAPL,-0.10160256410256419,0.11309311452015706,1990-07-01,0.4,0.43,0.36,0.38,4163812800,0.35935897435897435,12,1,indicator < high
AAPL,-0.047570850202429064,0.049946865037194386,1990-08-01,0.38,0.39,0.3,0.33,3128339200,0.36192307692307696,12,1,indicator < high
AAPL,0.08003108003108002,-0.07410071942446042,1990-09-01,0.33,0.33,0.24,0.26,2206948800,0.3564102564102564,12,0,indicator < high
AAPL,0.3116370808678501,-0.23759398496240602,1990-10-01,0.26,0.29,0.22,0.27,5056116800,0.34102564102564104,12,0,indicator < high
AAPL,0.2184235517568849,-0.17926734216679646,1990-11-01,0.27,0.34,0.27,0.33,3254608000,0.32897435897435895,12,1,indicator < high
AAPL,-0.006216006216006295,0.006254886630179908,1990-12-01,0.33,0.4,0.33,0.38,4094092800,0.32794871794871794,12,1,indicator < high
AAPL,-0.1170715249662617,0.1325945739396254,1991-01-01,0.38,0.5,0.38,0.5,7037307200,0.33551282051282055,12,1,indicator < high
AAPL,-0.27871794871794864,0.3864201919658726,1991-02-01,0.5,0.56,0.49,0.51,5545780800,0.3606410256410257,12,1,indicator < high
AAPL,-0.24534942182001002,0.3251165889407061,1991-03-01,0.51,0.63,0.51,0.61,5210598400,0.3848717948717949,12,1,indicator < high
AAPL,-0.3085329970575872,0.4462006079027355,1991-04-01,0.61,0.65,0.49,0.49,7243051200,0.4217948717948718,12,1,indicator < high
AAPL,-0.005068574836016576,0.0050943961642192365,1991-05-01,0.43,0.48,0.39,0.42,7972843200,0.42782051282051287,12,1,indicator < high
AAPL,0.026862026862026874,-0.026159334126040438,1991-06-01,0.42,0.44,0.36,0.37,4091662400,0.43128205128205127,12,1,indicator < high
AAPL,0.12618083670715255,-0.11204313960455366,1991-07-01,0.38,0.43,0.37,0.41,3783494400,0.42794871794871797,12,1,indicator < high
AAPL,0.04752970606629143,-0.045373134328358204,1991-08-01,0.41,0.5,0.41,0.47,4172649600,0.42948717948717946,12,1,indicator < high
AAPL,-0.064102564102564,0.06849315068493139,1991-09-01,0.47,0.48,0.42,0.44,2393070400,0.4398717948717949,12,1,indicator < high
AAPL,0.008741258741258836,-0.008665511265164738,1991-10-01,0.44,0.5,0.42,0.46,3593990400,0.4438461538461539,12,1,indicator < high
AAPL,-0.024804905239687806,0.02543583881108884,1991-11-01,0.46,0.49,0.42,0.45,3696033600,0.44858974358974363,12,1,indicator < high
AAPL,-0.0014245014245015428,0.0014265335235379218,1991-12-01,0.45,0.52,0.43,0.5,2607169600,0.4493589743589743,12,1,indicator < high
AAPL,-0.0874358974358973,0.09581343073897146,1992-01-01,0.5,0.62,0.5,0.58,4703160000,0.45628205128205135,12,1,indicator < high
AAPL,-0.18280282935455344,0.22369488774682167,1992-02-01,0.58,0.62,0.55,0.6,2534996800,0.47397435897435897,12,1,indicator < high
AAPL,-0.17713675213675212,0.21526876136068548,1992-03-01,0.6,0.61,0.52,0.52,2985662400,0.4937179487179487,12,1,indicator < high
AAPL,-0.02262443438914041,0.023148148148148293,1992-04-01,0.51,0.55,0.47,0.54,3931390400,0.4984615384615384,12,1,indicator < high
AAPL,-0.05721747388414051,0.06069000251825732,1992-05-01,0.54,0.56,0.52,0.53,2703724800,0.5091025641025642,12,1,indicator < high
AAPL,0.007290095525389443,-0.007237334664337213,1992-06-01,0.51,0.53,0.38,0.43,4851683200,0.5137179487179486,12,1,indicator < high
AAPL,0.17412045319022046,-0.148298628745556,1992-07-01,0.43,0.44,0.39,0.42,3632809600,0.5048717948717948,12,0,indicator < high
AAPL,0.17582417582417567,-0.14953271028037374,1992-08-01,0.42,0.42,0.37,0.41,2746531200,0.49384615384615377,12,0,indicator < high
AAPL,0.17354596622889312,-0.14788169464428463,1992-09-01,0.41,0.45,0.39,0.4,3055662400,0.48115384615384615,12,0,indicator < high
AAPL,0.1692307692307693,-0.1447368421052632,1992-10-01,0.4,0.48,0.37,0.47,3531427200,0.46769230769230774,12,1,indicator < high
AAPL,-0.009547190398254076,0.009639217846323173,1992-11-01,0.47,0.53,0.46,0.51,3126547200,0.46551282051282056,12,1,indicator < high
AAPL,-0.07968828557063858,0.08658836383501783,1992-12-01,0.51,0.55,0.49,0.53,3334318400,0.46935897435897433,12,1,indicator < high
AAPL,-0.10280599903241407,0.11458614181720134,1993-01-01,0.53,0.58,0.51,0.53,5542264000,0.47551282051282057,12,1,indicator < high
AAPL,-0.0919206579583939,0.10122535961640927,1993-02-01,0.53,0.55,0.46,0.47,4651281600,0.48128205128205126,12,1,indicator < high
AAPL,0.018003273322422266,-0.01768488745980708,1993-03-01,0.47,0.52,0.45,0.46,3661526400,0.47846153846153844,12,1,indicator < high
AAPL,0.03428093645484959,-0.033144704931285456,1993-04-01,0.46,0.47,0.42,0.46,3914411200,0.47576923076923083,12,0,indicator < high
AAPL,0.029821627647714642,-0.028958051420839008,1993-05-01,0.46,0.53,0.46,0.51,3200545600,0.47371794871794876,12,1,indicator < high
AAPL,-0.04230769230769227,0.044176706827309196,1993-06-01,0.5,0.52,0.34,0.35,7674396800,0.47884615384615387,12,1,indicator < high
AAPL,0.3172161172161173,-0.2408231368186875,1993-07-01,0.35,0.35,0.23,0.25,7142912000,0.46102564102564103,12,0,indicator < high
AAPL,0.7153846153846155,-0.41704035874439466,1993-08-01,0.25,0.27,0.23,0.24,3683164800,0.4288461538461539,12,0,indicator < high
AAPL,0.655448717948718,-0.3959341723136496,1993-09-01,0.24,0.24,0.21,0.21,3668022400,0.3973076923076923,12,0,indicator < high
AAPL,0.8089743589743589,-0.4472005669737774,1993-10-01,0.2,0.29,0.2,0.27,5905323200,0.3617948717948718,12,0,indicator < high
AAPL,0.25783475783475746,-0.20498301245753092,1993-11-01,0.27,0.31,0.27,0.28,3452108800,0.33961538461538454,12,0,indicator < high
AAPL,0.11405835543766592,-0.10238095238095249,1993-12-01,0.29,0.29,0.24,0.26,3956971200,0.3230769230769231,12,0,indicator < high
AAPL,0.17209072978303758,-0.14682372738746327,1994-01-01,0.26,0.31,0.26,0.29,7332035200,0.3047435897435898,12,1,indicator < high
AAPL,0.015473032714411972,-0.015237265999129246,1994-02-01,0.29,0.34,0.29,0.33,4284459200,0.29448717948717945,12,1,indicator < high
AAPL,-0.11072261072261066,0.12450851900393177,1994-03-01,0.33,0.34,0.28,0.3,5257985600,0.2934615384615385,12,1,indicator < high
AAPL,-0.006631299734747796,0.006675567423230757,1994-04-01,0.29,0.31,0.24,0.27,4042136000,0.2880769230769231,12,1,indicator < high
AAPL,0.04368471035137711,-0.041856232939035565,1994-05-01,0.27,0.3,0.25,0.26,3361657600,0.28179487179487184,12,1,indicator < high
AAPL,0.09948717948717944,-0.09048507462686564,1994-06-01,0.25,0.26,0.22,0.24,4671788800,0.27487179487179486,12,0,indicator < high
AAPL,0.12339743589743583,-0.10984308131241079,1994-07-01,0.24,0.3,0.23,0.3,4848065600,0.2696153846153846,12,1,indicator < high
AAPL,-0.08333333333333341,0.090909090909091,1994-08-01,0.3,0.33,0.29,0.32,4574897600,0.27499999999999997,12,1,indicator < high
AAPL,-0.11618589743589754,0.13145965548504093,1994-09-01,0.32,0.33,0.3,0.3,3232644800,0.2828205128205128,12,1,indicator < high
AAPL,-0.04487179487179471,0.04697986577181191,1994-10-01,0.3,0.39,0.29,0.39,7713484800,0.2865384615384616,12,1,indicator < high
AAPL,-0.20715249662618088,0.26127659574468093,1994-11-01,0.38,0.39,0.32,0.33,4048945600,0.30128205128205127,12,1,indicator < high
AAPL,-0.06993006993006985,0.07518796992481193,1994-12-01,0.33,0.36,0.31,0.35,3787795200,0.30692307692307697,12,1,indicator < high
AAPL,-0.09963369963369964,0.11065907241659886,1995-01-01,0.35,0.43,0.34,0.36,8162100800,0.3151282051282051,12,1,indicator < high
AAPL,-0.10078347578347571,0.11207920792079198,1995-02-01,0.36,0.4,0.34,0.35,5299347200,0.32371794871794873,12,1,indicator < high
AAPL,-0.0575091575091575,0.061018266614846474,1995-03-01,0.35,0.36,0.3,0.31,6997144000,0.32987179487179485,12,1,indicator < high
AAPL,0.034855769230769315,-0.03368176538908254,1995-04-01,0.32,0.35,0.3,0.34,5674300800,0.3311538461538462,12,1,indicator < high
AAPL,-0.014328808446455584,0.014537107880642774,1995-05-01,0.34,0.4,0.33,0.37,6384672000,0.3351282051282051,12,1,indicator < high
AAPL,-0.07345807345807338,0.07928197456993259,1995-06-01,0.37,0.45,0.37,0.41,5521947200,0.34282051282051285,12,1,indicator < high
AAPL,-0.1507936507936507,0.1775700934579438,1995-07-01,0.42,0.45,0.38,0.4,5699579200,0.3566666666666667,12,1,indicator < high
AAPL,-0.08717948717948718,0.09550561797752807,1995-08-01,0.4,0.41,0.37,0.38,5292918400,0.36512820512820515,12,1,indicator < high
AAPL,-0.028340080971659732,0.029166666666666466,1995-09-01,0.38,0.41,0.31,0.33,7311483200,0.3692307692307693,12,1,indicator < high
AAPL,0.07767722473604809,-0.07207837648705373,1995-10-01,0.34,0.35,0.3,0.32,6498508800,0.3664102564102564,12,0,indicator < high
AAPL,0.09557109557109567,-0.08723404255319157,1995-11-01,0.33,0.38,0.32,0.34,4864294400,0.3615384615384616,12,1,indicator < high
AAPL,0.05542986425339366,-0.052518756698821,1995-12-01,0.34,0.36,0.28,0.28,6560243200,0.35884615384615387,12,1,indicator < high
AAPL,0.20114942528735658,-0.16746411483253607,1996-01-01,0.29,0.32,0.24,0.25,10300214400,0.3483333333333334,12,0,indicator < high
AAPL,0.32974358974358986,-0.24797531816428853,1996-02-01,0.25,0.27,0.24,0.25,4652099200,0.33243589743589746,12,0,indicator < high
AAPL,0.2717948717948717,-0.2137096774193548,1996-03-01,0.25,0.25,0.21,0.22,3346750400,0.31794871794871793,12,0,indicator < high
AAPL,0.3642191142191143,-0.2669799231097822,1996-04-01,0.22,0.24,0.21,0.22,2867076800,0.30012820512820515,12,0,indicator < high
AAPL,0.2890442890442893,-0.224231464737794,1996-05-01,0.22,0.26,0.21,0.23,3603902400,0.28358974358974365,12,0,indicator < high
AAPL,0.1744704570791529,-0.14855244423350747,1996-06-01,0.23,0.23,0.18,0.19,4673939200,0.2701282051282052,12,0,indicator < high
AAPL,0.32793522267206493,-0.24695121951219523,1996-07-01,0.19,0.2,0.14,0.2,4803489600,0.25230769230769234,12,0,indicator < high
AAPL,0.19487179487179485,-0.16309012875536477,1996-08-01,0.2,0.22,0.19,0.22,3187374400,0.23897435897435898,12,0,indicator < high
AAPL,0.051282051282051426,-0.04878048780487818,1996-09-01,0.22,0.22,0.18,0.2,3213548800,0.23128205128205132,12,0,indicator < high
AAPL,0.11282051282051273,-0.1013824884792626,1996-10-01,0.2,0.25,0.2,0.21,5816977600,0.22256410256410256,12,1,indicator < high
AAPL,0.034188034188034094,-0.03305785123966933,1996-11-01,0.21,0.24,0.21,0.22,2581364800,0.21717948717948715,12,1,indicator < high
AAPL,-0.02331002331002323,0.023866348448687263,1996-12-01,0.22,0.23,0.19,0.19,4147483200,0.2148717948717949,12,1,indicator < high
AAPL,0.10256410256410255,-0.09302325581395347,1997-01-01,0.19,0.2,0.15,0.15,9072739200,0.2094871794871795,12,0,indicator < high
AAPL,0.3282051282051285,-0.24710424710424728,1997-02-01,0.15,0.16,0.14,0.15,4574169600,0.19923076923076927,12,0,indicator < high
AAPL,0.2683760683760683,-0.21159029649595684,1997-03-01,0.15,0.17,0.14,0.16,4502243200,0.19025641025641024,12,0,indicator < high
AAPL,0.15064102564102555,-0.13091922005571024,1997-04-01,0.16,0.18,0.15,0.15,3809724800,0.1841025641025641,12,0,indicator < high
AAPL,0.1811965811965812,-0.15340086830680172,1997-05-01,0.15,0.16,0.15,0.15,2292707200,0.17717948717948717,12,0,indicator < high
AAPL,0.14102564102564127,-0.12359550561797772,1997-06-01,0.15,0.15,0.12,0.13,2572304000,0.17115384615384618,12,0,indicator < high
AAPL,0.34615384615384626,-0.25714285714285723,1997-07-01,0.12,0.16,0.11,0.16,6782372800,0.16153846153846155,12,0,indicator < high
AAPL,-0.006410256410256318,0.006451612903225713,1997-08-01,0.16,0.26,0.16,0.19,17675705600,0.158974358974359,12,1,indicator < high
AAPL,-0.18461538461538474,0.2264150943396228,1997-09-01,0.2,0.21,0.19,0.19,3606075200,0.16307692307692306,12,1,indicator < high
AAPL,-0.126855600539811,0.14528593508500764,1997-10-01,0.19,0.22,0.14,0.15,6430043200,0.1658974358974359,12,1,indicator < high
AAPL,0.02644230769230753,-0.025761124121779704,1997-11-01,0.16,0.19,0.15,0.16,5547483200,0.1642307692307692,12,1,indicator < high
AAPL,0.02003205128205121,-0.019638648860958296,1997-12-01,0.16,0.16,0.11,0.12,5097792000,0.1632051282051282,12,0,indicator < high
AAPL,0.3066239316239318,-0.23466884709730182,1998-01-01,0.12,0.18,0.12,0.16,10211577600,0.1567948717948718,12,1,indicator < high
AAPL,-0.06485671191553558,0.06935483870967755,1998-02-01,0.17,0.21,0.16,0.21,7354166400,0.15897435897435896,12,1,indicator < high
AAPL,-0.2045177045177046,0.25709900230237925,1998-03-01,0.21,0.25,0.19,0.25,10625977600,0.16705128205128203,12,1,indicator < high
AAPL,-0.2542735042735042,0.34097421203438383,1998-04-01,0.24,0.26,0.22,0.24,8081886400,0.17897435897435898,12,1,indicator < high
AAPL,-0.23435897435897435,0.3060951105157401,1998-05-01,0.25,0.28,0.23,0.24,6803339200,0.1914102564102564,12,1,indicator < high
AAPL,-0.16239316239316237,0.19387755102040813,1998-06-01,0.24,0.26,0.23,0.26,3909841600,0.20102564102564102,12,1,indicator < high
AAPL,-0.18244575936883628,0.22316043425814233,1998-07-01,0.26,0.34,0.25,0.31,10927660800,0.21256410256410257,12,1,indicator < high
AAPL,-0.2580645161290322,0.3478260869565217,1998-08-01,0.31,0.39,0.28,0.28,13220872000,0.23,12,1,indicator < high
AAPL,-0.13965201465201474,0.16232038318254402,1998-09-01,0.28,0.36,0.27,0.34,8080318400,0.2408974358974359,12,1,indicator < high
AAPL,-0.2167832167832168,0.27678571428571436,1998-10-01,0.33,0.37,0.25,0.33,12930926400,0.25846153846153846,12,1,indicator < high
AAPL,-0.16899766899766908,0.20336605890603096,1998-11-01,0.33,0.35,0.28,0.29,10123523200,0.2742307692307692,12,1,indicator < high
AAPL,-0.028735632183907945,0.02958579881656794,1998-12-01,0.29,0.37,0.28,0.37,12924105600,0.2816666666666667,12,1,indicator < high
AAPL,-0.20715249662618088,0.26127659574468093,1999-01-01,0.38,0.42,0.33,0.37,15127403200,0.30128205128205127,12,1,indicator < high
AAPL,-0.1458766458766459,0.17079107505070998,1999-02-01,0.37,0.37,0.31,0.31,8116516800,0.316025641025641,12,1,indicator < high
AAPL,0.028949545078577235,-0.028135048231511157,1999-03-01,0.31,0.33,0.29,0.32,9951995200,0.31897435897435894,12,1,indicator < high
AAPL,0.006810897435897446,-0.006764822920811789,1999-04-01,0.32,0.42,0.3,0.41,15888969600,0.3221794871794872,12,1,indicator < high
AAPL,-0.1751094434021264,0.21228203184230487,1999-05-01,0.41,0.45,0.37,0.39,8908905600,0.33820512820512816,12,1,indicator < high
AAPL,-0.12339743589743601,0.14076782449725792,1999-06-01,0.4,0.44,0.38,0.41,6918620800,0.3506410256410256,12,1,indicator < high
AAPL,-0.1156973108192619,0.13083451202263066,1999-07-01,0.41,0.51,0.4,0.5,11466582400,0.3625641025641026,12,1,indicator < high
AAPL,-0.22717948717948722,0.2939615129396152,1999-08-01,0.5,0.59,0.47,0.58,9244603200,0.3864102564102564,12,1,indicator < high
AAPL,-0.2946581196581195,0.41775219630414995,1999-09-01,0.6,0.72,0.51,0.57,18967468800,0.4232051282051283,12,1,indicator < high
AAPL,-0.18508158508158515,0.2271167048054921,1999-10-01,0.55,0.72,0.53,0.72,14468496000,0.4482051282051282,12,1,indicator < high
AAPL,-0.3028169014084507,0.4343434343434343,1999-11-01,0.71,0.93,0.69,0.87,8624929600,0.495,12,1,indicator < high
AAPL,-0.370940170940171,0.5896739130434784,1999-12-01,0.9,1.05,0.81,0.92,9418214400,0.5661538461538461,12,1,indicator < high
AAPL,-0.32378614293507907,0.4788221056877772,2000-01-01,0.94,1.08,0.77,0.93,12555177600,0.6356410256410256,12,1,indicator < high
AAPL,-0.25117176730079943,0.3354197349042708,2000-02-01,0.93,1.07,0.87,1.02,7319782400,0.6964102564102566,12,1,indicator < high
AAPL,-0.27358490566037735,0.37662337662337664,2000-03-01,1.06,1.34,1.02,1.21,8698356800,0.77,12,1,indicator < high
AAPL,-0.291693155329519,0.41181750186985794,2000-04-01,1.21,1.25,0.94,1.11,8662404800,0.857051282051282,12,1,indicator < high
AAPL,-0.1735966735966735,0.21006289308176088,2000-05-01,1.11,1.13,0.73,0.75,9807750400,0.9173076923076925,12,1,indicator < high
AAPL,0.24675096592904833,-0.19791519932384855,2000-06-01,0.73,1.03,0.72,0.94,8105204800,0.9101282051282052,12,1,indicator < high
AAPL,-0.0005514199062585185,0.0005517241379309369,2000-07-01,0.93,1.08,0.84,0.91,5746770400,0.9294871794871796,12,1,indicator < high
AAPL,0.041737891737891636,-0.04006563653767255,2000-08-01,0.9,1.1,0.79,1.09,5636086400,0.9375641025641025,12,1,indicator < high
AAPL,-0.11032698188661476,0.12400846113167617,2000-09-01,1.09,1.15,0.45,0.46,14516930400,0.96974358974359,12,1,indicator < high
AAPL,0.8787393162393163,-0.4677281774239409,2000-10-01,0.48,0.48,0.31,0.35,21905788800,0.9017948717948718,12,0,indicator < high
AAPL,1.327838827838828,-0.5704169944925256,2000-11-01,0.35,0.41,0.29,0.29,8488373600,0.8147435897435897,12,0,indicator < high
AAPL,1.4153846153846157,-0.5859872611464969,2000-12-01,0.3,0.31,0.24,0.27,8858970400,0.7246153846153847,12,0,indicator < high
AAPL,1.3613485280151945,-0.57651317112407,2001-01-01,0.27,0.4,0.26,0.39,13709460800,0.6375641025641026,12,0,indicator < high
AAPL,0.5526680526680529,-0.35594733318455707,2001-02-01,0.37,0.39,0.32,0.33,7023766400,0.5744871794871795,12,0,indicator < high
AAPL,0.5965544871794873,-0.37365119196988716,2001-03-01,0.32,0.42,0.31,0.39,10799062400,0.510897435897436,12,0,indicator < high
AAPL,0.1988823142669295,-0.16588977241568403,2001-04-01,0.39,0.48,0.33,0.46,11158991200,0.4675641025641025,12,1,indicator < high
AAPL,-0.013390313390313368,0.013572047357782245,2001-05-01,0.45,0.48,0.34,0.36,7468434400,0.443974358974359,12,1,indicator < high
AAPL,0.15277777777777793,-0.1325301204819278,2001-06-01,0.36,0.45,0.35,0.42,7638265600,0.41500000000000004,12,1,indicator < high
AAPL,-0.047619047619047665,0.05000000000000005,2001-07-01,0.42,0.45,0.32,0.34,8655102400,0.39999999999999997,12,1,indicator < high
AAPL,0.11538461538461556,-0.1034482758620691,2001-08-01,0.34,0.36,0.31,0.33,5129359200,0.3792307692307693,12,0,indicator < high
AAPL,0.10334110334110323,-0.09366197183098583,2001-09-01,0.33,0.34,0.26,0.28,5531523200,0.3641025641025641,12,0,indicator < high
AAPL,0.25366300366300343,-0.2023374726077427,2001-10-01,0.28,0.35,0.26,0.31,7544247200,0.351025641025641,12,0,indicator < high
AAPL,0.08333333333333334,-0.07692307692307694,2001-11-01,0.32,0.38,0.31,0.38,5369744800,0.3466666666666667,12,1,indicator < high
AAPL,-0.07388663967611331,0.07978142076502726,2001-12-01,0.38,0.43,0.36,0.39,4629839200,0.35192307692307695,12,1,indicator < high
AAPL,-0.08284023668639055,0.09032258064516131,2002-01-01,0.39,0.44,0.36,0.44,8515376800,0.3576923076923077,12,1,indicator < high
AAPL,-0.14400715563506258,0.1682340647857889,2002-02-01,0.43,0.46,0.37,0.39,7837424000,0.3680769230769231,12,1,indicator < high
AAPL,-0.0473372781065089,0.04968944099378885,2002-03-01,0.39,0.45,0.39,0.42,5318583200,0.37153846153846154,12,1,indicator < high
AAPL,-0.09829059829059837,0.10900473933649299,2002-04-01,0.42,0.47,0.41,0.43,6422836000,0.37871794871794867,12,1,indicator < high
AAPL,-0.09988073941562305,0.11096389532957922,2002-05-01,0.43,0.46,0.4,0.42,5976157600,0.3870512820512821,12,1,indicator < high
AAPL,-0.0616605616605616,0.06571242680546513,2002-06-01,0.42,0.42,0.29,0.32,8708016800,0.3941025641025641,12,1,indicator < high
AAPL,0.20312500000000017,-0.16883116883116894,2002-07-01,0.32,0.34,0.25,0.27,8118415200,0.38500000000000006,12,0,indicator < high
AAPL,0.36847103513770185,-0.2692574600971548,2002-08-01,0.27,0.29,0.25,0.26,5151686400,0.3694871794871795,12,0,indicator < high
AAPL,0.35897435897435914,-0.2641509433962265,2002-09-01,0.26,0.27,0.25,0.26,5291837600,0.3533333333333334,12,0,indicator < high
AAPL,0.30029585798816555,-0.23094425483503975,2002-10-01,0.26,0.29,0.24,0.29,6611432800,0.33807692307692305,12,0,indicator < high
AAPL,0.16483516483516483,-0.14150943396226415,2002-11-01,0.28,0.31,0.27,0.28,4531721600,0.3261538461538462,12,0,indicator < high
AAPL,0.12408424908424875,-0.11038696537678182,2002-12-01,0.28,0.29,0.25,0.26,4530439200,0.3147435897435897,12,0,indicator < high
AAPL,0.15976331360946738,-0.13775510204081629,2003-01-01,0.26,0.27,0.24,0.26,6045832800,0.30153846153846153,12,0,indicator < high
AAPL,0.11538461538461549,-0.10344827586206905,2003-02-01,0.26,0.27,0.25,0.27,4114303200,0.29000000000000004,12,0,indicator < high
AAPL,0.04510921177587869,-0.043162199000454565,2003-03-01,0.27,0.27,0.25,0.25,4028404800,0.28217948717948727,12,0,indicator < high
AAPL,0.09128205128205136,-0.08364661654135344,2003-04-01,0.25,0.27,0.23,0.25,7775342400,0.27282051282051284,12,0,indicator < high
AAPL,0.06256410256410261,-0.05888030888030892,2003-05-01,0.25,0.34,0.25,0.32,10811544800,0.26564102564102565,12,1,indicator < high
AAPL,-0.15144230769230763,0.178470254957507,2003-06-01,0.32,0.35,0.3,0.34,6113335200,0.27153846153846156,12,1,indicator < high
AAPL,-0.17119155354449467,0.20655141037306632,2003-07-01,0.34,0.39,0.33,0.38,5218270400,0.28179487179487184,12,1,indicator < high
AAPL,-0.2159244264507422,0.2753872633390705,2003-08-01,0.38,0.41,0.35,0.4,4307564800,0.29794871794871797,12,1,indicator < high
AAPL,-0.2105769230769232,0.2667478684531061,2003-09-01,0.4,0.42,0.36,0.37,5347484800,0.31576923076923075,12,1,indicator < high
AAPL,-0.11573111573111583,0.1308777429467086,2003-10-01,0.37,0.45,0.36,0.41,7040191200,0.32717948717948714,12,1,indicator < high
AAPL,-0.16260162601626013,0.19417475728155337,2003-11-01,0.41,0.42,0.35,0.37,4974104800,0.3433333333333333,12,1,indicator < high
AAPL,-0.07051282051282032,0.07586206896551702,2003-12-01,0.38,0.39,0.34,0.38,5453873600,0.3532051282051283,12,1,indicator < high
AAPL,-0.047908232118758436,0.050318922749822824,2004-01-01,0.38,0.44,0.38,0.4,7927802400,0.3617948717948718,12,1,indicator < high
AAPL,-0.07019230769230764,0.0754912099276111,2004-02-01,0.4,0.43,0.39,0.43,4922030400,0.37192307692307697,12,1,indicator < high
AAPL,-0.10494931425163988,0.11725516322451704,2004-03-01,0.43,0.5,0.42,0.48,11626115200,0.38487179487179485,12,1,indicator < high
AAPL,-0.15945512820512825,0.1897044804575787,2004-04-01,0.48,0.53,0.46,0.46,8930174400,0.4034615384615384,12,1,indicator < high
AAPL,-0.09559643255295429,0.10570107858243451,2004-05-01,0.46,0.51,0.46,0.5,5304275200,0.41602564102564105,12,1,indicator < high
AAPL,-0.13589743589743586,0.15727002967359044,2004-06-01,0.5,0.61,0.49,0.58,8227234400,0.43205128205128207,12,1,indicator < high
AAPL,-0.199055330634278,0.2485256950294861,2004-07-01,0.57,0.6,0.51,0.58,9696579200,0.4565384615384615,12,1,indicator < high
AAPL,-0.14903846153846154,0.17514124293785313,2004-08-01,0.56,0.63,0.53,0.62,8011365600,0.4765384615384616,12,1,indicator < high
AAPL,-0.17717528373266078,0.2153256704980843,2004-09-01,0.61,0.7,0.61,0.69,7673506400,0.5019230769230769,12,1,indicator < high
AAPL,-0.23076923076923075,0.3,2004-10-01,0.7,0.95,0.67,0.94,16094366400,0.5384615384615384,12,1,indicator < high
AAPL,-0.3535188216039279,0.5468354430379745,2004-11-01,0.94,1.24,0.93,1.2,17439604000,0.6076923076923078,12,1,indicator < high
AAPL,-0.4118457300275481,0.7002341920374704,2004-12-01,1.21,1.21,1.1,1.15,15948615200,0.7116666666666668,12,1,indicator < high
AAPL,-0.3126657824933687,0.4548962855764592,2005-01-01,1.16,1.39,1.12,1.37,25708244800,0.7973076923076923,12,1,indicator < high
AAPL,-0.3429022668153104,0.5218436307083276,2005-02-01,1.38,1.62,1.37,1.6,21448946400,0.9067948717948716,12,1,indicator < high
AAPL,-0.3545946806816372,0.5494139420111043,2005-03-01,1.61,1.61,1.39,1.49,14675920000,1.0391025641025642,12,1,indicator < high
AAPL,-0.24042735042735033,0.31652976257454696,2005-04-01,1.5,1.59,1.21,1.29,19375518400,1.1393589743589745,12,1,indicator < high
AAPL,-0.07423971377459754,0.0801932367149759,2005-05-01,1.29,1.46,1.18,1.42,12858294400,1.1942307692307692,12,1,indicator < high
AAPL,-0.11375947995666297,0.12836185819070894,2005-06-01,1.42,1.46,1.27,1.31,11327195600,1.2584615384615385,12,1,indicator < high
AAPL,-0.018550893550893552,0.018901533894111828,2005-07-01,1.32,1.59,1.3,1.52,10094246400,1.2955128205128206,12,1,indicator < high
AAPL,-0.10939608636977059,0.12283360166682454,2005-08-01,1.52,1.73,1.5,1.67,9400806800,1.3537179487179487,12,1,indicator < high
AAPL,-0.15224358974358973,0.17958412098298676,2005-09-01,1.68,1.95,1.65,1.91,12347770400,1.4242307692307692,12,1,indicator < high
AAPL,-0.21270094327089148,0.2701653729328384,2005-10-01,1.93,2.07,1.71,2.06,18643447200,1.5194871794871794,12,1,indicator < high
AAPL,-0.20789341377576664,0.2624563630593461,2005-11-01,2.04,2.54,2.03,2.42,13456427600,1.615897435897436,12,1,indicator < high
AAPL,-0.28340629560141756,0.3954909090909091,2005-12-01,2.46,2.69,2.46,2.57,13064164400,1.7628205128205128,12,1,indicator < high
AAPL,-0.26111276111276116,0.3533864808735848,2006-01-01,2.59,3.09,2.53,2.7,21878371200,1.9137179487179485,12,1,indicator < high
AAPL,-0.23129544584768463,0.30088991225340717,2006-02-01,2.68,2.73,2.25,2.45,18760697200,2.0601282051282053,12,1,indicator < high
AAPL,-0.12356681259120297,0.14098828566331706,2006-03-01,2.46,2.5,2.06,2.24,23192632400,2.1560256410256406,12,1,indicator < high
AAPL,-0.025641025641025512,0.026315789473684074,2006-04-01,2.27,2.57,2.18,2.51,20119282400,2.211794871794872,12,1,indicator < high
AAPL,-0.09182122225600461,0.10110478741211888,2006-05-01,2.53,2.64,2.1,2.13,15608779200,2.297692307692308,12,1,indicator < high
AAPL,0.07836089144500344,-0.07266666666666653,2006-06-01,2.14,2.25,1.98,2.05,17936623600,2.3076923076923075,12,0,indicator < high
AAPL,0.11932457786116316,-0.10660408984244044,2006-07-01,2.05,2.45,1.79,2.43,17479742000,2.2946153846153843,12,1,indicator < high
AAPL,-0.03082264957264954,0.031802899189770126,2006-08-01,2.4,2.5,2.23,2.42,17887646000,2.326025641025641,12,1,indicator < high
AAPL,-0.03924646781789643,0.04084967320261442,2006-09-01,2.45,2.78,2.42,2.75,17721558400,2.353846153846154,12,1,indicator < high
AAPL,-0.10179869881362408,0.1133361738389432,2006-10-01,2.68,2.95,2.59,2.9,14387956800,2.4071794871794876,12,1,indicator < high
AAPL,-0.14319186560565864,0.16712243950260555,2006-11-01,2.9,3.33,2.78,3.27,13834884000,2.48474358974359,12,1,indicator < high
AAPL,-0.2043464665415884,0.2568284535272154,2006-12-01,3.28,3.3,2.74,3.03,16890792800,2.60974358974359,12,1,indicator < high
AAPL,-0.12549950049950048,0.14350992431814935,2007-01-01,3.08,3.49,2.92,3.06,27209781200,2.6934615384615386,12,1,indicator < high
AAPL,-0.10035797535797546,0.1115532318512008,2007-02-01,3.08,3.24,2.96,3.02,13722354800,2.7708974358974356,12,1,indicator < high
AAPL,-0.05636752136752129,0.059734613468592816,2007-03-01,3.0,3.46,2.99,3.32,15918644000,2.830897435897436,12,1,indicator < high
AAPL,-0.1251907814407814,0.14310638112269375,2007-04-01,3.36,3.66,3.2,3.56,13459740000,2.9393589743589743,12,1,indicator < high
AAPL,-0.13915298184961117,0.16164658634538168,2007-05-01,3.56,4.36,3.52,4.33,17365068000,3.0646153846153843,12,1,indicator < high
AAPL,-0.23759496676163352,0.3116387699493968,2007-06-01,4.32,4.56,4.12,4.36,23279541600,3.2935897435897434,12,1,indicator < high
AAPL,-0.19106125356125345,0.23618754127228686,2007-07-01,4.32,5.32,4.26,4.71,24018573600,3.4946153846153853,12,1,indicator < high
AAPL,-0.21681986776326392,0.27684546484093475,2007-08-01,4.77,4.99,3.99,4.95,24360798000,3.7357692307692307,12,1,indicator < high
AAPL,-0.20361538461538453,0.2556746836665699,2007-09-01,5.0,5.54,4.64,5.48,20931223600,3.9819230769230773,12,1,indicator < high
AAPL,-0.2254738015607579,0.2911119107592656,2007-10-01,5.52,6.79,5.46,6.78,23277791600,4.275384615384616,12,1,indicator < high
AAPL,-0.29968424256258086,0.4279273161854579,2007-11-01,6.74,6.88,5.38,6.51,26199790400,4.720128205128205,12,1,indicator < high
AAPL,-0.2176919126071669,0.2782687743043281,2007-12-01,6.49,7.25,6.32,7.07,17252678800,5.077179487179487,12,1,indicator < high
AAPL,-0.22893258426966304,0.29690346083788727,2008-01-01,7.12,7.15,4.51,4.83,35173888400,5.489999999999999,12,1,indicator < high
AAPL,0.13036381824882845,-0.11532907913736079,2008-02-01,4.87,4.88,4.12,4.47,24865954400,5.504871794871795,12,0,indicator < high
AAPL,0.22311734811734804,-0.18241695979602912,2008-03-01,4.44,5.2,4.21,5.12,22927273600,5.430641025641026,12,0,indicator < high
AAPL,0.0455840455840457,-0.04359673024523171,2008-04-01,5.22,6.43,5.13,6.21,22786982400,5.457948717948718,12,1,indicator < high
AAPL,-0.10082051282051267,0.11212501425801283,2008-05-01,6.25,6.87,6.14,6.74,18588214400,5.619871794871796,12,1,indicator < high
AAPL,-0.13609906414060713,0.15754012814584845,2008-06-01,6.74,6.78,5.86,5.98,19475794800,5.822692307692308,12,1,indicator < high
AAPL,-0.0015943738260604074,0.0015969199133726035,2008-07-01,5.87,6.46,5.23,5.68,19749760800,5.8606410256410255,12,1,indicator < high
AAPL,0.025236876375229957,-0.024615654154438966,2008-08-01,5.71,6.44,5.46,6.05,13085755200,5.854102564102563,12,1,indicator < high
AAPL,-0.041437728937728804,0.04322904227370418,2008-09-01,6.16,6.2,3.59,4.06,24067562400,5.904743589743591,12,1,indicator < high
AAPL,0.40205128205128204,-0.2867593269934162,2008-10-01,4.0,4.16,3.04,3.84,41426711200,5.608205128205128,12,0,indicator < high
AAPL,0.40140415140415164,-0.28642997168372913,2008-11-01,3.78,3.99,2.83,3.31,23619461600,5.297307692307693,12,0,indicator < high
AAPL,0.5166745320119557,-0.34066275994399225,2008-12-01,3.26,3.7,3.02,3.05,20213846800,4.944358974358975,12,0,indicator < high
AAPL,0.49954063309112157,-0.33312910771972815,2009-01-01,3.07,3.47,2.79,3.22,18105740800,4.603589743589743,12,0,indicator < high
AAPL,0.3621593291404615,-0.2658714890342441,2009-02-01,3.18,3.68,3.09,3.19,13867450800,4.331666666666668,12,0,indicator < high
AAPL,0.29422059422059443,-0.22733419289914789,2009-03-01,3.15,3.93,2.94,3.75,15424598000,4.076794871794872,12,0,indicator < high
AAPL,0.055417700578990654,-0.052507836990595386,2009-04-01,3.72,4.54,3.71,4.49,11821681200,3.9261538461538454,12,1,indicator < high
AAPL,-0.12846210953115186,0.14739704485142352,2009-05-01,4.49,4.85,4.26,4.85,9457142800,3.9132051282051283,12,1,indicator < high
AAPL,-0.18248828515768978,0.22322406131255249,2009-06-01,4.87,5.23,4.75,5.09,12675572000,3.981282051282051,12,1,indicator < high
AAPL,-0.19691506410256399,0.2451983038164129,2009-07-01,5.12,5.89,4.8,5.84,10942136800,4.1117948717948725,12,1,indicator < high
AAPL,-0.2589960886571057,0.349520541919592,2009-08-01,5.9,6.16,5.69,6.01,8165124800,4.371923076923077,12,1,indicator < high
AAPL,-0.2258333333333334,0.2917115177610335,2009-09-01,6.0,6.75,5.86,6.62,9989319200,4.645,12,1,indicator < high
AAPL,-0.24236966457510264,0.31990491040617575,2009-10-01,6.62,7.45,6.45,6.73,12956176800,5.0155128205128205,12,1,indicator < high
AAPL,-0.20692458966795246,0.26091414129372204,2009-11-01,6.78,7.43,6.63,7.14,8454784800,5.377051282051283,12,1,indicator < high
AAPL,-0.2011328929611478,0.2517726555380204,2009-12-01,7.22,7.64,6.74,7.53,11393958800,5.767820512820513,12,1,indicator < high
AAPL,-0.19037283801063326,0.23513642692379622,2010-01-01,7.62,7.7,6.79,6.86,15168994400,6.169358974358975,12,1,indicator < high
AAPL,-0.06882394655320431,0.0739107779870938,2010-02-01,6.87,7.33,6.82,7.31,10776080000,6.3971794871794865,12,1,indicator < high
AAPL,-0.09502878074306659,0.10500751705793933,2010-03-01,7.35,8.48,7.34,8.39,12154172800,6.65153846153846,12,1,indicator < high
AAPL,-0.171474358974359,0.20696324951644104,2010-04-01,8.48,9.73,8.31,9.32,12367129600,7.025897435897436,12,1,indicator < high
AAPL,-0.2055365017148456,0.25871106999691634,2010-05-01,9.42,9.57,7.12,9.17,18082654800,7.483846153846154,12,1,indicator < high
AAPL,-0.15258761375266228,0.18006299675223994,2010-06-01,9.27,9.96,8.65,8.98,16651252800,7.85551282051282,12,1,indicator < high
AAPL,-0.10335479498475096,0.11526832955404387,2010-07-01,9.08,9.5,8.56,9.19,15669704400,8.141538461538461,12,1,indicator < high
AAPL,-0.09562999724290037,0.10574211545203714,2010-08-01,9.3,9.44,8.41,8.68,9589120800,8.410641025641027,12,1,indicator < high
AAPL,-0.03106508875739636,0.03206106870228998,2010-09-01,8.84,10.53,8.8,10.13,11849919200,8.565384615384616,12,1,indicator < high
AAPL,-0.1295473932460234,0.14882762397498167,2010-10-01,10.22,11.39,9.92,10.75,12234577600,8.896025641025641,12,1,indicator < high
AAPL,-0.14103752287255522,0.1641952083218059,2010-11-01,10.79,11.48,10.63,11.11,9508086000,9.268205128205128,12,1,indicator < high
AAPL,-0.1419820558364074,0.16547679078531793,2010-12-01,11.26,11.67,11.25,11.52,6973234800,9.661282051282052,12,1,indicator < high
AAPL,-0.13503979540093028,0.1561225530179444,2011-01-01,11.63,12.45,11.6,12.12,10841535600,10.059487179487181,12,1,indicator < high
AAPL,-0.13925874508319122,0.161789323199863,2011-02-01,12.19,13.03,12.06,12.61,9295949600,10.492435897435898,12,1,indicator < high
AAPL,-0.13892590349283257,0.16134024244413694,2011-03-01,12.7,12.92,11.65,12.45,11306458800,10.935641025641026,12,1,indicator < high
AAPL,-0.10002862634441578,0.11114645340119049,2011-04-01,12.54,12.68,11.43,12.5,9253829200,11.285641025641025,12,1,indicator < high
AAPL,-0.07318675453183068,0.0789660213529439,2011-05-01,12.49,12.57,11.77,12.42,6912060400,11.575897435897435,12,1,indicator < high
AAPL,-0.05118944725686312,0.05395117825035531,2011-06-01,12.46,12.58,11.09,11.99,9263850400,11.822179487179486,12,1,indicator < high
AAPL,-0.0036004273504275375,0.0036134372687991762,2011-07-01,12.0,14.45,11.94,13.95,10653946800,11.95679487179487,12,1,indicator < high
AAPL,-0.12779913026218445,0.14652488285250279,2011-08-01,14.21,14.27,12.61,13.74,16142599200,12.39397435897436,12,1,indicator < high
AAPL,-0.0782255963678314,0.08486414469700017,2011-09-01,13.78,15.1,13.09,13.62,11977448000,12.702051282051283,12,1,indicator < high
AAPL,-0.04889354631622674,0.05140701771800091,2011-10-01,13.58,15.24,12.65,14.46,13141427600,12.91602564102564,12,1,indicator < high
AAPL,-0.07112267577383864,0.07656842719579816,2011-11-01,14.19,14.57,12.98,13.65,8963701600,13.18076923076923,12,1,indicator < high
AAPL,-0.024862034012839318,0.025495914301388884,2011-12-01,13.66,14.61,13.49,14.46,6306532400,13.320384615384615,12,1,indicator < high
AAPL,-0.07134589077133534,0.07682719546742206,2012-01-01,14.62,16.37,14.61,16.3,6859854400,13.576923076923077,12,1,indicator < high
AAPL,-0.14084551164575584,0.16393502397403853,2012-02-01,16.37,19.56,16.21,19.37,11368554400,14.064358974358978,12,1,indicator < high
AAPL,-0.23431811634058827,0.3060254151772735,2012-03-01,19.58,22.19,18.44,21.41,15584338000,14.99205128205128,12,1,indicator < high
AAPL,-0.24963310305329847,0.3326813910222773,2012-04-01,21.49,23.0,19.82,20.86,15598990400,16.125384615384615,12,1,indicator < high
AAPL,-0.1837402265836924,0.22510018571009685,2012-05-01,20.89,21.31,18.65,20.63,11106345600,17.051666666666666,12,1,indicator < high
AAPL,-0.12522859989657817,0.14315580034026343,2012-06-01,20.33,21.07,19.59,20.86,7855825600,17.784102564102565,12,1,indicator < high
AAPL,-0.11397239414480798,0.12863300577954573,2012-07-01,20.88,22.14,20.36,21.81,8909650400,18.50025641025641,12,1,indicator < high
AAPL,-0.12386946386946382,0.14138242962805292,2012-08-01,22.0,24.32,21.44,23.76,8276206400,19.274871794871796,12,1,indicator < high
AAPL,-0.14956006987125592,0.17586200338525346,2012-09-01,23.78,25.18,23.43,23.83,9199005200,20.223461538461535,12,1,indicator < high
AAPL,-0.1208561984531947,0.13747034130315752,2012-10-01,23.97,24.17,20.99,21.26,12142830000,21.073076923076922,12,1,indicator < high
AAPL,0.0013084605781234866,-0.001306750746286537,2012-11-01,21.36,21.54,18.06,20.9,12929851200,21.387948717948717,12,1,indicator < high
AAPL,0.01822085147556849,-0.017894793108158703,2012-12-01,21.2,21.24,17.9,19.01,12132752800,21.58628205128205,12,0,indicator < high
AAPL,0.08541391200642956,-0.0786924794878837,2013-01-01,19.78,19.82,15.54,16.27,13123423600,21.469487179487178,12,0,indicator < high
AAPL,0.26625234521575986,-0.21026799770340598,2013-02-01,16.4,17.32,15.63,15.76,9344034000,20.76653846153846,12,0,indicator < high
AAPL,0.27533772706406945,-0.2158939716289262,2013-03-01,15.64,16.78,14.96,15.81,9176876800,19.946282051282047,12,0,indicator < high
AAPL,0.21660817003022323,-0.17804267254332362,2013-04-01,15.78,15.9,13.75,15.81,10963489600,19.198076923076922,12,0,indicator < high
AAPL,0.1680480829819205,-0.14387086065233637,2013-05-01,15.87,16.63,14.96,16.06,9447530400,18.536923076923078,12,0,indicator < high
AAPL,0.11649147953495759,-0.10433709676268982,2013-06-01,16.1,16.23,13.89,14.16,7018536000,17.97551282051282,12,0,indicator < high
AAPL,0.19636425234478075,-0.16413416897063088,2013-07-01,14.38,16.33,14.33,16.16,6538114800,17.203717948717948,12,0,indicator < high
AAPL,0.03240565740565742,-0.031388492665847964,2013-08-01,16.28,18.35,16.19,17.4,8058338400,16.807564102564104,12,1,indicator < high
AAPL,-0.052279444954061824,0.05516335450962939,2013-09-01,17.61,18.14,15.97,17.03,8630941200,16.68935897435897,12,1,indicator < high
AAPL,-0.03041214685451088,0.03136605595444424,2013-10-01,17.09,19.26,17.08,18.67,7837732000,16.57025641025641,12,1,indicator < high
AAPL,-0.10309144203374966,0.11494086115925864,2013-11-01,18.72,19.94,18.3,19.86,5225155600,16.790128205128205,12,1,indicator < high
AAPL,-0.13547415955845457,0.15670342426001158,2013-12-01,19.93,20.54,19.24,20.04,7057397200,17.23,12,1,indicator < high
AAPL,-0.10962991668281334,0.12312848189415034,2014-01-01,19.85,20.01,17.63,17.88,8765954400,17.673846153846156,12,1,indicator < high
AAPL,-0.006992357688736143,0.007041595039954737,2014-02-01,17.95,19.69,17.83,18.79,5880366800,17.824487179487186,12,1,indicator < high
AAPL,-0.03322083659162334,0.034362383726293175,2014-03-01,18.69,19.61,18.67,19.17,5001698800,18.06910256410256,12,1,indicator < high
AAPL,-0.04452809033756474,0.04660324378693284,2014-04-01,19.21,21.41,18.26,21.07,6435060800,18.354615384615382,12,1,indicator < high
AAPL,-0.10628775198311612,0.1189283823948535,2014-05-01,21.14,23.01,20.73,22.61,5735668400,18.893076923076926,12,1,indicator < high
AAPL,-0.1345077919724563,0.15541190402973062,2014-06-01,22.64,23.76,22.23,23.23,4827739200,19.59474358974359,12,1,indicator < high
AAPL,-0.13060691803206786,0.1502276941707771,2014-07-01,23.38,24.86,23.14,23.9,4140344000,20.326410256410252,12,1,indicator < high
AAPL,-0.11519011961489846,0.13018629444413923,2014-08-01,23.73,25.73,23.32,25.62,3748308000,20.99653846153846,12,1,indicator < high
AAPL,-0.15048674151935038,0.17714466492082206,2014-09-01,25.76,25.93,24.03,25.19,6105680000,21.883461538461535,12,1,indicator < high
AAPL,-0.10250293113116163,0.11420976701389268,2014-10-01,25.15,27.01,23.8,27.0,5441120800,22.572051282051284,12,1,indicator < high
AAPL,-0.1333646028767978,0.15388778639725753,2014-11-01,27.06,29.94,26.93,29.73,3281632800,23.45115384615385,12,1,indicator < high
AAPL,-0.1707243373910041,0.20587163604185105,2014-12-01,29.7,29.81,26.57,27.59,4294378400,24.629487179487178,12,1,indicator < high
AAPL,-0.0880449293375685,0.09654524896014217,2015-01-01,27.85,30.0,26.16,29.29,5221053600,25.39794871794872,12,1,indicator < high
AAPL,-0.10812501629173943,0.1212333771737542,2015-02-01,29.51,33.4,29.02,32.12,4546140800,26.31923076923077,12,1,indicator < high
AAPL,-0.14815608408923173,0.1739239798770263,2015-03-01,32.31,32.57,30.41,31.11,4554568400,27.523076923076925,12,1,indicator < high
AAPL,-0.09033530571992097,0.09930615784908917,2015-04-01,31.2,33.63,30.77,31.29,3984542000,28.381538461538465,12,1,indicator < high
AAPL,-0.07564997396850182,0.08184126341542826,2015-05-01,31.52,33.24,30.84,32.57,3816608400,29.135512820512822,12,1,indicator < high
AAPL,-0.08142619840501326,0.08864415495371958,2015-06-01,32.57,32.85,31.12,31.36,3514426800,29.91794871794872,12,1,indicator < high
AAPL,-0.040534315983417835,0.042246759481517106,2015-07-01,31.73,33.24,29.81,30.33,4233122400,30.443846153846152,12,1,indicator < high
AAPL,0.009052007899934237,-0.008970804110259406,2015-08-01,30.38,30.64,23.0,28.19,6427276400,30.655,12,0,indicator < high
AAPL,0.1018146099845446,-0.09240629872022914,2015-09-01,27.54,29.22,26.84,27.58,4826189200,30.343974358974357,12,0,indicator < high
AAPL,0.0989581864169324,-0.09004727171611311,2015-10-01,27.27,30.31,26.83,29.88,4450048400,29.968589743589746,12,1,indicator < high
AAPL,-0.006066394973679718,0.00610342073454602,2015-11-01,30.2,30.95,27.75,29.58,3002562400,30.016794871794872,12,1,indicator < high
AAPL,0.00863193166999156,-0.008558059088710063,2015-12-01,29.69,29.97,26.2,26.32,3687660800,29.94628205128205,12,1,indicator < high
AAPL,0.1405208177138003,-0.12320758685972732,2016-01-01,25.65,26.46,23.1,24.33,5087392000,29.254358974358976,12,0,indicator < high
AAPL,0.17559106178509154,-0.14936406671760757,2016-02-01,24.12,24.72,23.15,24.17,3243450400,28.35525641025641,12,0,indicator < high
AAPL,0.12944988917950814,-0.11461322048873489,2016-03-01,24.41,27.6,24.35,27.25,2984198400,27.569871794871794,12,1,indicator < high
AAPL,0.004540696523043066,-0.004520171794691353,2016-04-01,27.19,28.1,23.13,23.43,3489534800,27.313461538461542,12,1,indicator < high
AAPL,0.1298097390051414,-0.11489522042839345,2016-05-01,23.49,25.18,22.37,24.97,3602686000,26.53923076923077,12,0,indicator < high
AAPL,0.05300181300181307,-0.05033401875227523,2016-06-01,24.75,25.47,22.88,23.9,3117990800,26.061794871794874,12,0,indicator < high
AAPL,0.07034900583287684,-0.06572529656169089,2016-07-01,23.87,26.14,23.59,26.05,2743118400,25.54923076923077,12,1,indicator < high
AAPL,-0.02373514097652031,0.024312194336546807,2016-08-01,26.1,27.56,26.0,26.52,2520514000,25.48051282051282,12,1,indicator < high
AAPL,-0.03758686344438309,0.03905481130370147,2016-09-01,26.53,29.05,25.63,28.26,3872062400,25.532820512820518,12,1,indicator < high
AAPL,-0.08261451110989795,0.09005430335490595,2016-10-01,28.18,29.67,28.07,28.39,2747657200,25.851923076923075,12,1,indicator < high
AAPL,-0.07662019456800837,0.08297798383424963,2016-11-01,28.36,28.44,26.02,27.63,2886220000,26.187051282051282,12,1,indicator < high
AAPL,-0.042141801656118416,0.04399586674622692,2016-12-01,27.59,29.5,27.06,28.95,2435086800,26.427307692307693,12,1,indicator < high
AAPL,-0.07068331783357693,0.07605945227282478,2017-01-01,28.95,30.61,28.69,30.34,2252488000,26.903717948717947,12,1,indicator < high
AAPL,-0.1256256862365175,0.14367495048636475,2017-02-01,31.76,34.37,31.75,34.25,2299874400,27.770128205128206,12,1,indicator < high
AAPL,-0.1599793205537332,0.19044688359242531,2017-03-01,34.47,36.12,34.26,35.92,2246513600,28.955512820512816,12,1,indicator < high
AAPL,-0.15845982572951686,0.18829739871525802,2017-04-01,35.93,36.37,35.01,35.91,1493216400,30.23653846153846,12,1,indicator < high
AAPL,-0.1328732366494219,0.15323392411047226,2017-05-01,36.28,39.16,36.07,38.19,2615927200,31.459358974358974,12,1,indicator < high
AAPL,-0.1426629433942048,0.16640239949385674,2017-06-01,38.29,38.99,35.55,36.01,2736712400,32.8274358974359,12,1,indicator < high
AAPL,-0.06947925073270202,0.07466706227390492,2017-07-01,36.22,38.5,35.6,37.18,1688047600,33.70346153846153,12,1,indicator < high
AAPL,-0.07231140640475402,0.07794793091560179,2017-08-01,37.28,41.13,37.1,41.0,2644276000,34.58423076923077,12,1,indicator < high
AAPL,-0.12804020413243697,0.1468418667228142,2017-09-01,41.2,41.24,37.29,38.53,2721496400,35.9247435897436,12,1,indicator < high
AAPL,-0.04898792424726034,0.05151135878951452,2017-10-01,38.56,42.41,38.12,42.26,2017165200,36.67102564102564,12,1,indicator < high
AAPL,-0.10794044665012412,0.12100139082058421,2017-11-01,42.47,44.06,41.32,42.96,2402653600,37.88576923076923,12,1,indicator < high
AAPL,-0.0839564060321886,0.09165110327177149,2017-12-01,42.49,44.3,41.62,42.31,2124735200,38.92269230769231,12,1,indicator < high
AAPL,-0.0649675117235062,0.06948155549467387,2018-01-01,42.54,45.03,41.17,41.86,2638717600,39.776282051282045,12,1,indicator < high
AAPL,-0.03469116031930104,0.03593788733021035,2018-02-01,41.79,45.15,37.56,44.53,3711577200,40.34025641025641,12,1,indicator < high
AAPL,-0.07657261701626471,0.0829221857909897,2018-03-01,44.63,45.88,41.24,41.94,2854910800,41.21256410256411,12,1,indicator < high
AAPL,-0.0038960079766607097,0.003911246223144766,2018-04-01,41.66,44.74,40.16,41.31,2664617200,41.49769230769231,12,1,indicator < high
AAPL,0.002406928007889433,-0.002401148616034395,2018-05-01,41.6,47.59,41.32,46.72,2483905200,41.7001282051282,12,1,indicator < high
AAPL,-0.09223131478450643,0.1016022212339389,2018-06-01,47.0,48.55,45.18,46.28,2110498000,42.6651282051282,12,1,indicator < high
AAPL,-0.05660440516837381,0.06000070964765991,2018-07-01,45.96,48.99,45.85,47.57,1574765600,43.35846153846154,12,1,indicator < high
AAPL,-0.10577309392094439,0.11828440097461498,2018-08-01,49.78,57.22,49.33,56.91,2801275600,44.51461538461539,12,1,indicator < high
AAPL,-0.1832457676590777,0.22435851618897876,2018-09-01,57.1,57.42,53.83,56.44,2715888000,46.63666666666666,12,1,indicator < high
AAPL,-0.14830762032025419,0.17413284873585574,2018-10-01,56.99,58.37,51.52,54.72,3158994000,48.537948717948716,12,1,indicator < high
AAPL,-0.08948371448371448,0.09827799448197126,2018-11-01,54.76,55.59,42.56,44.65,3845305600,49.85987179487179,12,1,indicator < high
AAPL,0.07751517779705139,-0.07193882684374704,2018-12-01,46.12,46.24,36.65,39.44,3595690000,49.69500000000001,12,0,indicator < high
AAPL,0.24858285653740203,-0.19909199876953107,2019-01-01,38.72,42.25,35.5,41.61,3312349600,48.345128205128205,12,0,indicator < high
AAPL,0.13820905974715272,-0.12142677881851965,2019-02-01,41.74,43.97,41.48,43.29,1890162400,47.50884615384616,12,0,indicator < high
AAPL,0.07768518681991246,-0.0720852320974642,2019-03-01,43.57,49.42,42.38,47.49,2603925600,46.954743589743586,12,1,indicator < high
AAPL,-0.017284010083008013,0.017588001274374255,2019-04-01,47.91,52.12,47.1,50.17,2024470800,47.08192307692308,12,1,indicator < high
AAPL,-0.0884217110632207,0.09699848289097747,2019-05-01,52.47,53.83,43.75,43.77,2957826400,47.83051282051281,12,1,indicator < high
AAPL,0.07337772326382809,-0.06836151121220205,2019-06-01,43.9,50.39,42.57,49.48,2060874800,47.12128205128205,12,1,indicator < high
AAPL,-0.06454430258328667,0.0689977117692773,2019-07-01,50.79,55.34,49.6,53.26,1895406800,47.51179487179487,12,1,indicator < high
AAPL,-0.097574484613946,0.10812469611101812,2019-08-01,53.47,54.51,48.15,52.19,2724326400,48.25269230769231,12,1,indicator < high
AAPL,-0.057156981105828265,0.06062194868119799,2019-09-01,51.61,56.6,51.06,55.99,2170268400,48.6601282051282,12,1,indicator < high
AAPL,-0.1140061881131723,0.1286760545995042,2019-10-01,56.27,62.44,53.78,62.19,2433210800,49.8548717948718,12,1,indicator < high
AAPL,-0.16641798406787203,0.19964200389061912,2019-11-01,62.38,67.0,62.29,66.81,1793326000,51.998846153846145,12,1,indicator < high
AAPL,-0.18096071343602008,0.22094265367316318,2019-12-01,66.82,73.49,64.07,73.41,2388794800,54.72820512820513,12,1,indicator < high
AAPL,-0.21271907046954308,0.2701946185796868,2020-01-01,74.06,81.96,73.19,77.38,2934370400,58.30602564102564,12,1,indicator < high
AAPL,-0.18837912449060065,0.23210236475542584,2020-02-01,76.07,81.81,64.09,68.34,3019279200,61.74,12,1,indicator < high
AAPL,-0.09469048735025774,0.10459460110289685,2020-03-01,70.57,76.0,53.15,63.57,6280072400,63.887692307692305,12,1,indicator < high
AAPL,0.04369210795695694,-0.04186302418486703,2020-04-01,61.62,73.63,59.22,73.45,3265299200,64.31230769230768,12,1,indicator < high
AAPL,-0.07643397686717972,0.08275962405796251,2020-05-01,71.56,81.06,71.46,79.49,2805936000,66.09038461538462,12,1,indicator < high
AAPL,-0.13348406796292006,0.15404687095494513,2020-06-01,79.44,93.1,79.3,91.2,3243375600,68.83602564102563,12,1,indicator < high
AAPL,-0.20083737836805324,0.25130977467130416,2020-07-01,91.28,106.42,89.14,106.26,3020283200,72.9475641025641,12,1,indicator < high
AAPL,-0.26854827242997303,0.3671442178722082,2020-08-01,108.2,131.0,107.89,129.04,4070061100,79.14307692307692,12,1,indicator < high
AAPL,-0.3340209052773078,0.5015486340699495,2020-09-01,132.76,137.98,103.1,115.81,3885245100,88.41538461538461,12,1,indicator < high
AAPL,-0.19822208563283025,0.2472281688992191,2020-10-01,117.64,125.39,107.72,108.86,2894666500,94.32115384615385,12,1,indicator < high
AAPL,-0.10065236446869653,0.1119170835527183,2020-11-01,109.11,121.99,107.32,119.05,2123077300,98.12782051282052,12,1,indicator < high
AAPL,-0.14745761634448534,0.17296221181663654,2020-12-01,121.01,138.79,120.01,132.69,2322189600,103.16615384615383,12,1,indicator < high
AAPL,-0.180389762025472,0.22009212875532455,2021-01-01,133.52,145.09,126.38,131.96,2240262000,109.43435897435899,12,1,indicator < high
AAPL,-0.14036903906062786,0.16328988302985026,2021-02-01,133.75,137.88,118.39,121.26,1833855600,114.97564102564102,12,1,indicator < high
AAPL,-0.04453354053354064,0.04660921384766196,2021-03-01,123.75,128.72,116.21,122.15,2650418200,118.23897435897435,12,1,indicator < high
AAPL,-0.02307402016281194,0.023619005573643766,2021-04-01,123.66,137.07,122.49,131.46,1889857500,120.80666666666667,12,1,indicator < high
AAPL,-0.06188878273095178,0.06597169034085029,2021-05-01,132.04,134.07,122.25,124.61,1711934900,123.86820512820512,12,1,indicator < high
AAPL,2.8699580986222593e-05,-2.8698757343911998e-05,2021-06-01,125.08,137.41,123.13,136.96,1606590000,125.08358974358976,12,1,indicator < high
AAPL,-0.06671922513796609,0.07148890980619325,2021-07-01,136.6,150.0,135.76,145.86,1919035100,127.48615384615383,12,1,indicator < high
AAPL,-0.10625013139361332,0.11888128337214512,2021-08-01,146.36,153.49,144.5,151.83,1461542800,130.80923076923077,12,1,indicator < high
AAPL,-0.11903120108315429,0.13511398046049256,2021-09-01,152.83,157.26,141.27,141.5,1797835100,134.63846153846154,12,1,indicator < high
AAPL,-0.0378516832005204,0.03934079864779209,2021-10-01,141.9,153.17,138.27,149.8,1565079200,136.52884615384616,12,1,indicator < high
AAPL,-0.06571599195265213,0.07033834614166033,2021-11-01,148.99,165.7,147.48,165.3,1691029000,139.19897435897437,12,1,indicator < high
AAPL,-0.1389871274335089,0.1614228217276458,2021-12-01,167.48,182.13,157.8,177.57,2444766700,144.20243589743592,12,1,indicator < high
AAPL,-0.15535941124986838,0.1839355263281434,2022-01-01,177.83,182.94,154.7,174.78,2108446000,150.20243589743592,12,1,indicator < high
AAPL,-0.10897841120242135,0.12230726232962123,2022-02-01,174.01,176.65,152.0,165.12,1627516300,155.04666666666665,12,1,indicator < high
AAPL,-0.04102953310603576,0.042784980896155685,2022-03-01,164.7,179.61,150.1,174.61,2180800100,157.9424358974359,12,1,indicator < high
AAPL,-0.07057065021209133,0.07592900980391379,2022-04-01,174.03,178.49,155.38,157.65,1687795600,161.74858974358975,12,1,indicator < high
AAPL,0.03531592734579146,-0.03411125668309754,2022-05-01,156.71,166.48,132.61,148.84,2401040300,162.244358974359,12,1,indicator < high
AAPL,0.07655873146200023,-0.07111431009252146,2022-06-01,149.9,151.74,129.04,136.72,1749099800,161.37615384615384,12,0,indicator < high
AAPL,0.16184530944895537,-0.13930022192516836,2022-07-01,136.04,163.63,135.66,162.51,1447125400,158.05743589743588,12,1,indicator < high
AAPL,-0.01504604746639372,0.01527588922069974,2022-08-01,161.01,176.15,157.14,157.22,1510239600,158.58743589743594,12,1,indicator < high
AAPL,0.010324998035672365,-0.010219481905076856,2022-09-01,156.64,164.26,138.0,138.2,2084722800,158.2573076923077,12,1,indicator < high
AAPL,0.12179255276715636,-0.10856958576407674,2022-10-01,138.21,157.5,134.37,153.34,1868139700,155.0429487179487,12,1,indicator < high
AAPL,-0.003925186669576869,0.003940654473987574,2022-11-01,155.08,155.45,134.38,148.03,1724847700,154.47128205128203,12,1,indicator < high
AAPL,0.03073082372724765,-0.029814596614197744,2022-12-01,148.21,150.92,125.87,129.93,1675731200,152.76461538461538,12,0,indicator < high
AAPL,0.1402098438865402,-0.12296845588406637,2023-01-01,130.28,147.23,124.17,144.29,1443652500,148.54653846153846,12,0,indicator < high
AAPL,0.021353273384946532,-0.020906843832964848,2023-02-01,143.97,157.38,141.32,147.41,1307198900,147.04423076923075,12,1,indicator < high
AAPL,-0.0031529572835844563,0.0031629298663440122,2023-03-01,146.83,165.0,143.9,164.9,1520266600,146.3670512820513,12,1,indicator < high
AAPL,-0.09537924586320537,0.10543561534161125,2023-04-01,164.27,169.85,159.78,169.68,969776400,148.60205128205126,12,1,indicator < high
AAPL,-0.1036569664582423,0.11564430422207689,2023-05-01,169.28,179.35,164.31,177.25,1275364700,151.73294871794874,12,1,indicator < high
AAPL,-0.12212674775983719,0.1391166064670422,2023-06-01,177.7,194.48,176.93,193.97,1297383300,155.99807692307692,12,1,indicator < high
AAPL,-0.1620361181461396,0.1933688571250359,2023-07-01,193.78,198.23,186.6,196.45,996114000,162.38064102564107,12,1,indicator < high
AAPL,-0.14185991512224685,0.1653109062519269,2023-08-01,196.24,196.73,171.96,187.87,1322657800,168.4014102564103,12,1,indicator < high
AAPL,-0.08738164925826536,0.09574829301563521,2023-09-01,189.49,189.98,167.62,171.21,1337823000,172.9320512820513,12,1,indicator < high
AAPL,0.017584214640633266,-0.017280353200882986,2023-10-01,171.22,182.34,165.67,170.77,1172816900,174.23076923076923,12,1,indicator < high
AAPL,0.023815414604888275,-0.02326143391197049,2023-11-01,171.0,192.93,170.12,189.95,1099651600,175.0724358974359,12,1,indicator < high
AAPL,-0.06118927045738375,0.06517742983955334,2023-12-01,190.33,199.62,187.45,192.53,1063181200,178.68384615384616,12,1,indicator < high
AAPL,-0.03143988436534528,0.03246043674299361,2024-01-01,187.15,196.38,180.17,184.4,1187490800,181.26602564102564,12,1,indicator < high
AAPL,-0.007375679558950572,0.0074304844310820045,2024-02-01,183.99,191.05,179.25,180.75,1161553500,182.6329487179487,12,1,indicator < high
AAPL,0.0181215146127426,-0.017798970312139395,2024-03-01,179.55,180.53,168.49,171.48,1433151800,182.80371794871795,12,0,indicator < high
AAPL,0.05887520388951525,-0.055601645664429385,2024-04-01,171.19,178.36,164.08,170.33,1246144100,181.2688461538461,12,0,indicator < high
AAPL,0.05789340784623257,-0.054725180643764366,2024-05-01,169.58,193.0,169.11,192.25,1336511300,179.39756410256413,12,1,indicator < high
AAPL,-0.061119086546769306,0.06509780491965864,2024-06-01,192.9,220.2,192.15,210.62,1717952100,181.1101282051282,12,1,indicator < high
AAPL,-0.12499350179108774,0.14284865546363623,2024-07-01,212.09,237.23,211.92,222.08,1153099800,185.5801282051282,12,1,indicator < high
AAPL,-0.14558713114669797,0.17039435670261946,2024-08-01,224.37,232.92,196.0,229.0,1122667000,191.70461538461538,12,1,indicator < high
AAPL,-0.13318075492654366,0.15364305267040718,2024-09-01,228.55,233.09,213.92,233.0,1232097700,198.11153846153846,12,1,indicator < high
AAPL,-0.11046129715526726,0.12417817999600637,2024-10-01,229.52,237.49,221.33,225.91,930736000,204.16692307692307,12,1,indicator < high
AAPL,-0.05797399113233845,0.06154181581676775,2024-11-01,220.97,237.81,219.71,237.33,891588300,208.15948717948717,12,1,indicator < high
AAPL,-0.09799341440509726,0.10863935582074205,2024-12-01,237.27,260.1,237.16,250.42,977916100,214.01910256410258,12,1,indicator < high
AAPL,-0.1119159232283404,0.12601951341721415,2025-01-01,248.93,249.1,219.38,236.0,1200176400,221.07076923076923,12,1,indicator < high
AAPL,-0.024233495101793623,0.02483534224647494,2025-02-01,229.99,250.0,225.7,241.84,862272300,224.4165384615385,12,1,indicator < high
AAPL,-0.052946984085575535,0.055907096219373446,2025-03-01,241.79,244.03,208.42,222.13,1115239500,228.98794871794868,12,1,indicator < high
AAPL,0.04353701740080888,-0.041720625789824654,2025-04-01,219.81,225.19,169.21,212.5,1607318600,229.3798717948718,12,0,indicator < high
AAPL,0.08808921134346794,-0.08095771047550765,2025-05-01,209.08,214.56,193.25,200.85,1195728200,227.4976923076923,12,0,indicator < high
AAPL,0.1172121849922931,-0.10491488238924075,2025-06-01,200.28,207.39,195.07,205.17,1100409300,223.75525641025646,12,0,indicator < high
AAPL,0.06885993153956574,-0.06442371868162482,2025-07-01,206.67,216.23,206.14,207.57,1079935600,220.90128205128204,12,0,indicator < high
AAPL,0.03743040128016638,-0.03607991556250721,2025-08-01,210.87,235.12,201.5,232.14,1218079100,218.7629487179487,12,1,indicator < high
AAPL,-0.041983055112826156,0.04382287321417944,2025-09-01,229.25,257.6,225.95,254.63,1265536400,219.6253846153846,12,1,indicator < high
AAPL,-0.1199555424186853,0.13630623019701432,2025-10-01,255.04,277.32,244.0,270.37,1097142200,224.4465384615385,12,1,indicator < high
AAPL,-0.1446392032147525,0.16909730228268408,2025-11-01,270.42,280.38,265.32,278.85,877578200,231.30666666666664,12,1,indicator < high
AAPL,-0.1413959468346001,0.1646812012048141,2025-12-01,278.01,288.62,266.95,271.86,924528800,238.7005128205128,12,1,indicator < high
AAPL,-0.10127291597210063,0.11268483811372128,2026-01-01,272.26,277.84,243.42,259.48,1040017300,244.68743589743588,12,1,indicator < high
AAPL,-0.04436519652071685,0.04642484384117413,2026-02-01,260.03,280.91,255.45,264.18,988921000,248.49371794871797,12,1,indicator < high
AAPL,-0.0385998032048108,0.040149568653597714,2026-03-01,262.41,266.53,253.68,260.83,279734200,252.28102564102562,12,1,indicator < high
