symbol,moving_average_minus_open_over_open,open_minus_moving_average_over_moving_average,date,open,high,low,close,volume,SMA_12_months,moving_average_window_months,condition,screening_rule
MSFT,,,1986-03-01,0.09,0.1,0.09,0.1,1857052800,,12,0,indicator <= low
MSFT,,,1986-04-01,0.1,0.12,0.09,0.11,547142400,,12,0,indicator <= low
MSFT,,,1986-05-01,0.11,0.12,0.11,0.12,333446400,,12,0,indicator <= low
MSFT,,,1986-06-01,0.12,0.12,0.1,0.11,293788800,,12,0,indicator <= low
MSFT,,,1986-07-01,0.11,0.11,0.09,0.1,460800000,,12,0,indicator <= low
MSFT,,,1986-08-01,0.1,0.11,0.09,0.1,266256000,,12,0,indicator <= low
MSFT,,,1986-09-01,0.1,0.11,0.09,0.1,285120000,,12,0,indicator <= low
MSFT,,,1986-10-01,0.1,0.14,0.1,0.13,1565712000,,12,0,indicator <= low
MSFT,,,1986-11-01,0.14,0.18,0.14,0.17,1053964800,,12,0,indicator <= low
MSFT,,,1986-12-01,0.17,0.17,0.16,0.17,721526400,,12,0,indicator <= low
MSFT,,,1987-01-01,0.17,0.27,0.16,0.25,1961596800,,12,0,indicator <= low
MSFT,-0.48,0.923076923076923,1987-02-01,0.25,0.28,0.23,0.27,1834272000,0.13,12,1,indicator <= low
MSFT,-0.462962962962963,0.8620689655172417,1987-03-01,0.27,0.34,0.26,0.34,1783324800,0.145,12,1,indicator <= low
MSFT,-0.5147058823529412,1.0606060606060606,1987-04-01,0.34,0.38,0.31,0.36,2118585600,0.165,12,1,indicator <= low
MSFT,-0.4837962962962963,0.9372197309417041,1987-05-01,0.36,0.45,0.36,0.4,2192054400,0.18583333333333332,12,1,indicator <= low
MSFT,-0.4770833333333334,0.912350597609562,1987-06-01,0.4,0.4,0.33,0.35,1729353600,0.20916666666666664,12,1,indicator <= low
MSFT,-0.34523809523809523,0.5272727272727272,1987-07-01,0.35,0.37,0.31,0.33,1813536000,0.22916666666666666,12,1,indicator <= low
MSFT,-0.24747474747474754,0.3288590604026847,1987-08-01,0.33,0.42,0.32,0.41,2034921600,0.24833333333333332,12,1,indicator <= low
MSFT,-0.33130081300813,0.49544072948328255,1987-09-01,0.41,0.46,0.37,0.46,1554912000,0.27416666666666667,12,1,indicator <= low
MSFT,-0.33876811594202894,0.5123287671232876,1987-10-01,0.46,0.55,0.26,0.35,3567225600,0.3041666666666667,12,0,indicator <= low
MSFT,-0.05637254901960784,0.05974025974025973,1987-11-01,0.34,0.36,0.28,0.31,1550188800,0.32083333333333336,12,0,indicator <= low
MSFT,0.07258064516129038,-0.06766917293233088,1987-12-01,0.31,0.39,0.28,0.38,1780200000,0.3325,12,0,indicator <= low
MSFT,-0.07894736842105256,0.08571428571428562,1988-01-01,0.38,0.43,0.36,0.39,1966795200,0.35000000000000003,12,1,indicator <= low
MSFT,-0.07264957264957275,0.07834101382488493,1988-02-01,0.39,0.42,0.35,0.41,1403899200,0.36166666666666664,12,0,indicator <= low
MSFT,-0.08943089430894313,0.09821428571428577,1988-03-01,0.41,0.45,0.38,0.39,2113675200,0.3733333333333333,12,1,indicator <= low
MSFT,-0.032051282051282076,0.033112582781456984,1988-04-01,0.39,0.41,0.37,0.38,1155096000,0.3775,12,0,indicator <= low
MSFT,-0.0021929824561404015,0.0021978021978022485,1988-05-01,0.38,0.41,0.37,0.4,1033012800,0.37916666666666665,12,0,indicator <= low
MSFT,-0.052083333333333426,0.05494505494505505,1988-06-01,0.4,0.47,0.4,0.47,1198598400,0.37916666666666665,12,1,indicator <= low
MSFT,-0.17198581560283685,0.20770877944325478,1988-07-01,0.47,0.49,0.39,0.41,1401105600,0.38916666666666666,12,1,indicator <= low
MSFT,-0.03455284552845527,0.03578947368421051,1988-08-01,0.41,0.42,0.33,0.35,1862596800,0.3958333333333333,12,0,indicator <= low
MSFT,0.14705882352941188,-0.1282051282051283,1988-09-01,0.34,0.38,0.33,0.36,1216584000,0.39000000000000007,12,0,indicator <= low
MSFT,0.06018518518518519,-0.056768558951965066,1988-10-01,0.36,0.38,0.33,0.34,1532102400,0.38166666666666665,12,0,indicator <= low
MSFT,0.12254901960784302,-0.1091703056768558,1988-11-01,0.34,0.35,0.31,0.33,1558929600,0.38166666666666665,12,0,indicator <= low
MSFT,0.16161616161616146,-0.1391304347826086,1988-12-01,0.33,0.38,0.33,0.37,1030464000,0.3833333333333333,12,0,indicator <= low
MSFT,0.03378378378378381,-0.03267973856209153,1989-01-01,0.37,0.42,0.35,0.41,1375084800,0.3825,12,0,indicator <= low
MSFT,-0.06300813008130092,0.06724511930585696,1989-02-01,0.41,0.45,0.41,0.41,1802145600,0.3841666666666666,12,1,indicator <= low
MSFT,-0.08333333333333327,0.09090909090909084,1989-03-01,0.42,0.43,0.32,0.35,3058704000,0.385,12,0,indicator <= low
MSFT,0.09047619047619052,-0.08296943231441051,1989-04-01,0.35,0.39,0.33,0.39,1134820800,0.38166666666666665,12,0,indicator <= low
MSFT,0.004385964912280657,-0.004366812227074191,1989-05-01,0.38,0.42,0.35,0.42,1258977600,0.38166666666666665,12,0,indicator <= low
MSFT,-0.0873015873015872,0.09565217391304337,1989-06-01,0.42,0.42,0.36,0.37,1072584000,0.38333333333333336,12,0,indicator <= low
MSFT,0.013513513513513526,-0.013333333333333345,1989-07-01,0.37,0.4,0.36,0.38,1221019200,0.375,12,0,indicator <= low
MSFT,-0.019736842105263174,0.020134228187919483,1989-08-01,0.38,0.42,0.38,0.41,1380729600,0.3725,12,1,indicator <= low
MSFT,-0.07723577235772347,0.08370044052863423,1989-09-01,0.41,0.48,0.4,0.48,1284523200,0.37833333333333335,12,1,indicator <= low
MSFT,-0.17553191489361694,0.21290322580645152,1989-10-01,0.47,0.6,0.47,0.57,2608992000,0.3875,12,1,indicator <= low
MSFT,-0.286549707602339,0.40163934426229475,1989-11-01,0.57,0.62,0.53,0.6,1835870400,0.40666666666666673,12,1,indicator <= low
MSFT,-0.29508196721311475,0.41860465116279066,1989-12-01,0.61,0.61,0.52,0.6,1460664000,0.43,12,1,indicator <= low
MSFT,-0.2622950819672131,0.3555555555555555,1990-01-01,0.61,0.67,0.58,0.64,2380968000,0.45,12,1,indicator <= low
MSFT,-0.2669270833333333,0.3641207815275311,1990-02-01,0.64,0.7,0.64,0.69,1429344000,0.4691666666666667,12,1,indicator <= low
MSFT,-0.2781862745098039,0.38539898132427836,1990-03-01,0.68,0.81,0.68,0.77,1717819200,0.4908333333333334,12,1,indicator <= low
MSFT,-0.30921052631578944,0.4476190476190476,1990-04-01,0.76,0.88,0.76,0.81,1200837600,0.525,12,1,indicator <= low
MSFT,-0.31504065040650403,0.45994065281899105,1990-05-01,0.82,1.09,0.79,1.01,1634767200,0.5616666666666666,12,1,indicator <= low
MSFT,-0.4003267973856209,0.667574931880109,1990-06-01,1.02,1.08,0.99,1.06,1165960800,0.6116666666666667,12,1,indicator <= low
MSFT,-0.3687106918238995,0.5840597758405981,1990-07-01,1.06,1.12,0.91,0.92,1548979200,0.6691666666666666,12,1,indicator <= low
MSFT,-0.22373188405797098,0.28821470245040837,1990-08-01,0.92,0.93,0.7,0.85,1983837600,0.7141666666666667,12,0,indicator <= low
MSFT,-0.11666666666666663,0.13207547169811315,1990-09-01,0.85,0.88,0.76,0.88,1270843200,0.7508333333333334,12,1,indicator <= low
MSFT,-0.12592592592592586,0.1440677966101694,1990-10-01,0.9,0.95,0.74,0.89,2198116800,0.7866666666666667,12,0,indicator <= low
MSFT,-0.07670454545454546,0.08307692307692308,1990-11-01,0.88,1.03,0.87,1.0,1253152800,0.8125,12,1,indicator <= low
MSFT,-0.16993464052287582,0.2047244094488189,1990-12-01,1.02,1.07,0.98,1.05,960004800,0.8466666666666667,12,1,indicator <= low
MSFT,-0.15144230769230776,0.17847025495750718,1991-01-01,1.04,1.38,1.01,1.36,2219774400,0.8825,12,1,indicator <= low
MSFT,-0.31582125603864725,0.46160635481023815,1991-02-01,1.38,1.51,1.35,1.44,1781582400,0.9441666666666667,12,1,indicator <= low
MSFT,-0.29603729603729606,0.42052980132450335,1991-03-01,1.43,1.57,1.29,1.47,1932552000,1.0066666666666666,12,1,indicator <= low
MSFT,-0.2749433106575965,0.3792025019546522,1991-04-01,1.47,1.63,1.33,1.38,1985781600,1.0658333333333332,12,1,indicator <= low
MSFT,-0.1885644768856449,0.23238380809595222,1991-05-01,1.37,1.56,1.34,1.52,1462701600,1.1116666666666666,12,1,indicator <= low
MSFT,-0.24122807017543862,0.3179190751445087,1991-06-01,1.52,1.59,1.35,1.42,1295402400,1.1533333333333333,12,1,indicator <= low
MSFT,-0.17191142191142192,0.20760028149190712,1991-07-01,1.43,1.54,1.26,1.53,1587283200,1.1841666666666666,12,1,indicator <= low
MSFT,-0.19751082251082253,0.24612272420768713,1991-08-01,1.54,1.81,1.49,1.78,1281158400,1.2358333333333333,12,1,indicator <= low
MSFT,-0.2584745762711865,0.3485714285714286,1991-09-01,1.77,1.88,1.67,1.85,834076800,1.3125,12,1,indicator <= low
MSFT,-0.24774774774774783,0.32934131736526956,1991-10-01,1.85,1.98,1.8,1.96,1061928000,1.3916666666666666,12,1,indicator <= low
MSFT,-0.24059829059829063,0.31682611142374795,1991-11-01,1.95,2.12,1.89,2.03,887236800,1.4808333333333332,12,1,indicator <= low
MSFT,-0.22222222222222207,0.2857142857142855,1991-12-01,2.01,2.33,2.0,2.32,808771200,1.5633333333333335,12,1,indicator <= low
MSFT,-0.2774170274170275,0.38392411382925634,1992-01-01,2.31,2.78,2.28,2.51,1468929600,1.6691666666666665,12,1,indicator <= low
MSFT,-0.2848915989159892,0.39838938891520614,1992-02-01,2.46,2.69,2.35,2.57,1394030400,1.7591666666666665,12,1,indicator <= low
MSFT,-0.2810077519379846,0.390835579514825,1992-03-01,2.58,2.71,2.43,2.47,1204272000,1.8549999999999998,12,1,indicator <= low
MSFT,-0.20662568306010928,0.26043908738699956,1992-04-01,2.44,2.69,2.23,2.3,2138961600,1.9358333333333333,12,1,indicator <= low
MSFT,-0.12463768115942028,0.14238410596026488,1992-05-01,2.3,2.55,2.28,2.52,1069233600,2.013333333333333,12,1,indicator <= low
MSFT,-0.16500664010624166,0.1976143141153081,1992-06-01,2.51,2.59,2.05,2.19,1576800000,2.095833333333333,12,0,indicator <= low
MSFT,-0.018181818181818195,0.018518518518518535,1992-07-01,2.2,2.34,2.05,2.27,1245196800,2.16,12,0,indicator <= low
MSFT,-0.02165932452276051,0.02213883677298297,1992-08-01,2.27,2.34,2.12,2.33,889324800,2.2208333333333337,12,0,indicator <= low
MSFT,-0.019119769119769033,0.019492460463405574,1992-09-01,2.31,2.56,2.29,2.52,1002921600,2.2658333333333336,12,1,indicator <= low
MSFT,-0.07200000000000006,0.0775862068965518,1992-10-01,2.5,2.82,2.37,2.77,1146720000,2.32,12,1,indicator <= low
MSFT,-0.14058752997601912,0.16358562957795597,1992-11-01,2.78,2.97,2.73,2.91,1227161600,2.3891666666666667,12,1,indicator <= low
MSFT,-0.1505747126436781,0.17726657645466842,1992-12-01,2.9,2.94,2.66,2.67,1133328000,2.4633333333333334,12,1,indicator <= low
MSFT,-0.06296992481203006,0.06720160481444332,1993-01-01,2.66,2.94,2.64,2.7,1411331200,2.4925,12,1,indicator <= low
MSFT,-0.0694444444444446,0.07462686567164198,1993-02-01,2.7,2.82,2.4,2.61,1548342400,2.5124999999999997,12,0,indicator <= low
MSFT,-0.03975826972010172,0.04140443855581312,1993-03-01,2.62,2.95,2.54,2.89,1197958400,2.5158333333333336,12,1,indicator <= low
MSFT,-0.1164936562860439,0.1318537859007834,1993-04-01,2.89,2.96,2.49,2.67,1298633600,2.5533333333333332,12,0,indicator <= low
MSFT,-0.03214731585518106,0.033215091905836866,1993-05-01,2.67,2.98,2.64,2.89,1304448000,2.5841666666666665,12,1,indicator <= low
MSFT,-0.10051546391752576,0.11174785100286531,1993-06-01,2.91,3.06,2.71,2.75,1216211200,2.6175,12,1,indicator <= low
MSFT,-0.03472222222222202,0.03597122302158252,1993-07-01,2.76,2.77,2.25,2.31,1953414400,2.664166666666667,12,0,indicator <= low
MSFT,0.14102564102564105,-0.12359550561797755,1993-08-01,2.34,2.48,2.2,2.35,1871481600,2.67,12,0,indicator <= low
MSFT,0.13758865248226945,-0.12094763092269324,1993-09-01,2.35,2.63,2.29,2.58,1162460800,2.6733333333333333,12,0,indicator <= low
MSFT,0.03875968992248048,-0.03731343283582077,1993-10-01,2.58,2.68,2.44,2.5,1370752000,2.6799999999999997,12,0,indicator <= low
MSFT,0.058764940239043995,-0.05550329256820335,1993-11-01,2.51,2.59,2.38,2.5,966515200,2.6575,12,0,indicator <= low
MSFT,0.04199735449735454,-0.04030466518565539,1993-12-01,2.52,2.7,2.48,2.52,934784000,2.6258333333333335,12,0,indicator <= low
MSFT,0.03736772486772489,-0.036021676761236875,1994-01-01,2.52,2.72,2.48,2.66,1233651200,2.6141666666666667,12,0,indicator <= low
MSFT,-0.01848370927318301,0.018831790616023032,1994-02-01,2.66,2.68,2.44,2.58,1368720000,2.6108333333333333,12,0,indicator <= low
MSFT,0.007078507078507157,-0.0070287539936103,1994-03-01,2.59,2.79,2.49,2.65,1377510400,2.6083333333333334,12,0,indicator <= low
MSFT,0.0009689922480619948,-0.0009680542110357973,1994-04-01,2.58,2.98,2.56,2.89,1871520000,2.5825,12,0,indicator <= low
MSFT,-0.10287356321839065,0.11467008327994857,1994-05-01,2.9,3.36,2.84,3.36,1629892800,2.601666666666667,12,1,indicator <= low
MSFT,-0.2103293413173652,0.2663507109004738,1994-06-01,3.34,3.41,3.08,3.23,2439195200,2.6375,12,1,indicator <= low
MSFT,-0.17131062951496398,0.20672478206724798,1994-07-01,3.23,3.23,2.93,3.22,1527966400,2.6766666666666663,12,1,indicator <= low
MSFT,-0.14834881320949442,0.17418963950318098,1994-08-01,3.23,3.7,3.22,3.63,1290998400,2.750833333333333,12,1,indicator <= low
MSFT,-0.19897003745318356,0.24839275277615436,1994-09-01,3.56,3.64,3.43,3.51,964849600,2.8516666666666666,12,1,indicator <= low
MSFT,-0.16547958214624875,0.19829302987197717,1994-10-01,3.51,3.98,3.37,3.94,1207155200,2.9291666666666667,12,1,indicator <= low
MSFT,-0.22278911564625845,0.28665207877461696,1994-11-01,3.92,4.07,3.8,3.93,1024286400,3.046666666666667,12,1,indicator <= low
MSFT,-0.19117647058823542,0.23636363636363655,1994-12-01,3.91,4.02,3.67,3.82,1059353600,3.1624999999999996,12,1,indicator <= low
MSFT,-0.1477864583333332,0.17341482047364382,1995-01-01,3.84,4.08,3.64,3.71,1111609600,3.2725000000000004,12,1,indicator <= low
MSFT,-0.09433962264150945,0.1041666666666667,1995-02-01,3.71,3.95,3.65,3.94,998657600,3.36,12,1,indicator <= low
MSFT,-0.12067510548523215,0.13723608445297517,1995-03-01,3.95,4.63,3.92,4.45,1415724800,3.473333333333333,12,1,indicator <= low
MSFT,-0.18280780780780786,0.22370234267340386,1995-04-01,4.44,5.13,4.3,5.11,1299571200,3.6283333333333334,12,1,indicator <= low
MSFT,-0.2552083333333334,0.3426573426573428,1995-05-01,5.12,5.59,4.93,5.29,1333040000,3.813333333333333,12,1,indicator <= low
MSFT,-0.2509416195856872,0.3350094280326836,1995-06-01,5.31,5.77,5.11,5.65,1270388800,3.9775000000000005,12,1,indicator <= low
MSFT,-0.26379107981220656,0.35831008369868467,1995-07-01,5.68,6.83,5.53,5.66,2330859200,4.181666666666667,12,1,indicator <= low
MSFT,-0.22663139329805984,0.29304446978335214,1995-08-01,5.67,6.3,5.44,5.78,2130745600,4.385000000000001,12,1,indicator <= low
MSFT,-0.20317044793484595,0.25497353531666384,1995-09-01,5.73,6.12,5.21,5.66,1622329600,4.565833333333333,12,1,indicator <= low
MSFT,-0.16166077738515902,0.1928345626975764,1995-10-01,5.66,6.46,5.02,6.25,2228136000,4.745,12,1,indicator <= low
MSFT,-0.21086261980830662,0.2672064777327934,1995-11-01,6.26,6.31,5.27,5.45,1870920000,4.94,12,1,indicator <= low
MSFT,-0.07003058103975537,0.07530417625780995,1995-12-01,5.45,5.92,5.32,5.48,1653614400,5.068333333333333,12,1,indicator <= low
MSFT,-0.05176077717061324,0.0545862013766608,1996-01-01,5.49,5.83,4.99,5.78,2056616000,5.2058333333333335,12,0,indicator <= low
MSFT,-0.06802426343154233,0.07298930729893058,1996-02-01,5.77,6.48,5.75,6.17,1636929600,5.3775,12,1,indicator <= low
MSFT,-0.0957994579945799,0.10594934811928662,1996-03-01,6.15,6.69,5.91,6.45,1698950400,5.560833333333334,12,1,indicator <= low
MSFT,-0.11188630490956086,0.12598196101251108,1996-04-01,6.45,7.12,6.23,7.08,1346283200,5.728333333333333,12,1,indicator <= low
MSFT,-0.16465721040189116,0.19711334371020223,1996-05-01,7.05,7.5,6.85,7.42,1207328000,5.889166666666667,12,1,indicator <= low
MSFT,-0.18261455525606463,0.22341302555647147,1996-06-01,7.42,7.87,7.27,7.51,1280102400,6.065,12,1,indicator <= low
MSFT,-0.17309397163120557,0.20932725810774577,1996-07-01,7.52,7.68,6.72,7.37,2176897600,6.218333333333334,12,1,indicator <= low
MSFT,-0.1370420624151967,0.15880503144654085,1996-08-01,7.37,7.88,7.34,7.66,1143864000,6.36,12,1,indicator <= low
MSFT,-0.14468503937007887,0.1691599539700807,1996-09-01,7.62,8.66,7.54,8.24,1299435200,6.517499999999999,12,1,indicator <= low
MSFT,-0.18205751316322405,0.22257984649665769,1996-10-01,8.23,8.7,8.18,8.58,1340635200,6.7316666666666665,12,1,indicator <= low
MSFT,-0.1928904428904429,0.2389891696750903,1996-11-01,8.58,9.88,8.53,9.8,1620968000,6.925,12,1,indicator <= low
MSFT,-0.25906165311653123,0.34963995885244037,1996-12-01,9.84,10.77,9.27,10.33,1459023200,7.290833333333333,12,1,indicator <= low
MSFT,-0.25898299647096573,0.34949669877692396,1997-01-01,10.39,12.91,10.09,12.75,1565781600,7.699166666666667,12,1,indicator <= low
MSFT,-0.35405300077942325,0.5481146304675717,1997-02-01,12.83,12.94,11.75,12.19,1297152800,8.2875,12,1,indicator <= low
MSFT,-0.2751650165016501,0.37962435970404085,1997-03-01,12.12,12.62,10.95,11.46,1477638400,8.785,12,1,indicator <= low
MSFT,-0.1848565513161787,0.22677793904209007,1997-04-01,11.27,15.33,11.22,15.19,1907452000,9.186666666666666,12,1,indicator <= low
MSFT,-0.3527868852459017,0.5450861195542048,1997-05-01,15.25,16.13,14.36,15.5,1297835200,9.87,12,1,indicator <= low
MSFT,-0.32437046521553564,0.4801010739102969,1997-06-01,15.62,16.87,14.78,15.8,970189600,10.553333333333333,12,1,indicator <= low
MSFT,-0.2883966244725738,0.4052772013044767,1997-07-01,15.8,18.84,15.41,17.67,1693945600,11.243333333333334,12,1,indicator <= low
MSFT,-0.31512922090171674,0.46012945875223815,1997-08-01,17.67,18.08,16.38,16.52,1169070400,12.101666666666667,12,1,indicator <= low
MSFT,-0.2275641025641026,0.2946058091286307,1997-09-01,16.64,17.53,16.33,16.54,1153615200,12.853333333333333,12,1,indicator <= low
MSFT,-0.18191425120772944,0.22236575013840187,1997-10-01,16.56,17.45,15.44,16.25,1533380800,13.5475,12,1,indicator <= low
MSFT,-0.1365754812563323,0.15817883126026752,1997-11-01,16.45,17.78,16.12,17.69,915970400,14.203333333333333,12,1,indicator <= low
MSFT,-0.16225103344607295,0.19367500280363356,1997-12-01,17.74,18.33,14.75,16.16,1437224000,14.861666666666665,12,0,indicator <= low
MSFT,-0.05272633744855964,0.055661145805050195,1998-01-01,16.2,18.77,15.55,18.65,1486108000,15.345833333333333,12,1,indicator <= low
MSFT,-0.16407485503426458,0.1962793630774081,1998-02-01,18.97,21.5,18.81,21.19,1402018400,15.8575,12,1,indicator <= low
MSFT,-0.2251203229312218,0.2905229412943297,1998-03-01,21.47,22.73,19.81,22.38,1099927600,16.636666666666667,12,1,indicator <= low
MSFT,-0.21744617668893843,0.27786737501185854,1998-04-01,22.45,24.78,21.66,22.53,1018977200,17.56833333333333,12,1,indicator <= low
MSFT,-0.193939393939394,0.2406015037593986,1998-05-01,22.55,22.75,20.47,21.2,1095382400,18.176666666666666,12,1,indicator <= low
MSFT,-0.11194563662374822,0.12605718888441403,1998-06-01,20.97,27.14,20.78,27.09,1233152400,18.6225,12,1,indicator <= low
MSFT,-0.28228861192570864,0.3933177271759948,1998-07-01,27.28,29.91,26.34,27.48,1229298000,19.57916666666667,12,1,indicator <= low
MSFT,-0.25293255131964815,0.3385672227674192,1998-08-01,27.28,28.44,23.94,23.98,1350039600,20.38,12,1,indicator <= low
MSFT,-0.11896262074758489,0.13502562269097823,1998-09-01,23.81,28.66,23.62,27.52,1192324400,20.977500000000003,12,1,indicator <= low
MSFT,-0.1913705896866519,0.23666043708760828,1998-10-01,27.02,27.53,21.94,26.47,1643049200,21.849166666666665,12,1,indicator <= low
MSFT,-0.14651498056913637,0.17166672786692627,1998-11-01,26.59,32.57,26.19,30.5,1162706800,22.694166666666664,12,1,indicator <= low
MSFT,-0.2108837879795964,0.26724047075355706,1998-12-01,30.06,36.0,30.03,34.67,1101522000,23.72083333333333,12,1,indicator <= low
MSFT,-0.27566857688634183,0.3805834844239326,1999-01-01,34.9,43.78,34.0,43.75,1472518800,25.27916666666667,12,1,indicator <= low
MSFT,-0.3763489892080863,0.6034608822812575,1999-02-01,43.86,43.98,36.0,37.53,1599103200,27.353333333333335,12,1,indicator <= low
MSFT,-0.2329499866274404,0.3036959553695954,1999-03-01,37.39,47.31,36.77,44.81,1569410000,28.680000000000003,12,1,indicator <= low
MSFT,-0.32900409177261436,0.4903220537391446,1999-04-01,45.62,47.81,39.94,40.66,1163599400,30.610833333333332,12,1,indicator <= low
MSFT,-0.21107563850687622,0.2675486381322957,1999-05-01,40.72,40.91,37.75,40.34,1124257000,32.125,12,1,indicator <= low
MSFT,-0.1630695443645085,0.19484240687679097,1999-06-01,40.31,45.12,38.06,45.09,887432600,33.736666666666665,12,1,indicator <= low
MSFT,-0.2165479899124758,0.2764023668639052,1999-07-01,44.94,50.38,42.75,42.91,1144701200,35.208333333333336,12,1,indicator <= low
MSFT,-0.14787581699346405,0.17353787152444872,1999-08-01,42.84,48.19,40.81,46.28,1347994200,36.505,12,1,indicator <= low
MSFT,-0.16881499133448868,0.20310158337134285,1999-09-01,46.16,48.94,44.41,45.28,977273600,38.3675,12,1,indicator <= low
MSFT,-0.11569453685222152,0.1308309647216185,1999-10-01,45.09,47.62,42.53,46.28,1062304400,39.873333333333335,12,1,indicator <= low
MSFT,-0.10891248391248393,0.12222422820003613,1999-11-01,46.62,47.25,42.19,45.52,1465256000,41.5425,12,1,indicator <= low
MSFT,-0.059264953510505834,0.06299856025526278,1999-12-01,45.53,59.97,45.44,58.38,1260977800,42.83166666666667,12,1,indicator <= low
MSFT,-0.23642585335377975,0.3096305111850791,2000-01-01,58.69,59.31,47.44,48.94,1274875200,44.814166666666665,12,1,indicator <= low
MSFT,-0.08094754653130298,0.08807717799543424,2000-02-01,49.25,55.0,44.06,44.69,1334487600,45.26333333333333,12,0,indicator <= low
MSFT,0.023915792605817124,-0.023357186966471693,2000-03-01,44.81,57.5,44.47,53.12,2028187600,45.88166666666667,12,0,indicator <= low
MSFT,-0.025518847945785798,0.026187112897968174,2000-04-01,47.22,48.25,32.5,34.88,2258146600,46.01499999999999,12,0,indicator <= low
MSFT,0.2529729235272595,-0.20189815659791935,2000-05-01,36.44,37.0,30.19,31.28,1344430800,45.65833333333333,12,0,indicator <= low
MSFT,0.39738013875944905,-0.2843751157879136,2000-06-01,32.19,41.09,31.91,40.0,1467050200,44.98166666666666,12,0,indicator <= low
MSFT,0.11839022757697461,-0.10585770928405779,2000-07-01,39.84,41.44,33.62,34.91,1234185800,44.55666666666667,12,0,indicator <= low
MSFT,0.2553855685825946,-0.2034319773732465,2000-08-01,34.97,37.44,34.06,34.91,1219399800,43.90083333333333,12,0,indicator <= low
MSFT,0.22773809523809518,-0.1854940366527683,2000-09-01,35.0,36.03,29.31,30.16,1425533800,42.97083333333333,12,0,indicator <= low
MSFT,0.3796418732782369,-0.2751742177672171,2000-10-01,30.25,35.06,24.22,34.44,2469415600,41.73416666666667,12,0,indicator <= low
MSFT,0.1884184914841849,-0.15854557366309066,2000-11-01,34.25,36.19,28.5,28.69,1983462600,40.70333333333333,12,0,indicator <= low
MSFT,0.3547479618785164,-0.2618553205916006,2000-12-01,29.03,30.31,20.16,21.69,2056668200,39.32833333333333,12,0,indicator <= low
MSFT,0.6444167422181928,-0.3918816475615079,2001-01-01,22.06,32.38,21.44,30.53,2005531200,36.27583333333333,12,0,indicator <= low
MSFT,0.14126383864956718,-0.12377842341585239,2001-02-01,30.41,32.53,26.94,29.5,1536895600,34.70583333333334,12,0,indicator <= low
MSFT,0.1411088342440802,-0.12365940040903878,2001-03-01,29.28,30.56,24.88,27.34,1895349800,33.41166666666667,12,0,indicator <= low
MSFT,0.1587316064696583,-0.13698737963424554,2001-04-01,27.41,35.55,25.53,33.88,2075807000,31.760833333333334,12,0,indicator <= low
MSFT,-0.06759286629224551,0.0724928669555109,2001-05-01,33.83,36.08,33.62,34.59,1777305800,31.543333333333333,12,1,indicator <= low
MSFT,-0.08733237547892711,0.09568913494083373,2001-06-01,34.8,38.08,33.01,36.5,1449177800,31.760833333333334,12,1,indicator <= low
MSFT,-0.12730132297159782,0.14587087882964073,2001-07-01,36.03,36.58,32.1,33.1,1455201000,31.44333333333333,12,1,indicator <= low
MSFT,-0.06249999999999996,0.06666666666666662,2001-08-01,33.4,33.77,28.15,28.52,1153896400,31.3125,12,0,indicator <= low
MSFT,0.07654191442229215,-0.07109979964260571,2001-09-01,28.59,29.54,23.75,25.58,1510824400,30.778333333333332,12,0,indicator <= low
MSFT,0.1927758146839419,-0.16161948650427915,2001-10-01,25.47,31.82,25.2,29.08,1750891000,30.38,12,0,indicator <= low
MSFT,-0.00036063027075013777,0.00036076037186071785,2001-11-01,30.04,34.17,29.8,32.1,1330968600,30.029166666666665,12,0,indicator <= low
MSFT,-0.05169172932330834,0.05450941526263634,2001-12-01,31.92,34.94,31.9,33.12,977089000,30.27,12,1,indicator <= low
MSFT,-0.06363136313631364,0.06795546180342316,2002-01-01,33.33,35.31,30.67,31.85,1360115800,31.209166666666665,12,0,indicator <= low
MSFT,-0.02280756442227772,0.023339890477962758,2002-02-01,32.08,32.25,28.58,29.17,1131159200,31.34833333333333,12,0,indicator <= low
MSFT,0.06261291779584473,-0.0589235428510707,2002-03-01,29.52,32.5,29.16,30.16,1073244200,31.368333333333336,12,0,indicator <= low
MSFT,0.05539772727272723,-0.05248990578734855,2002-04-01,29.92,30.2,25.72,26.13,1417479400,31.5775,12,0,indicator <= low
MSFT,0.18603016359918215,-0.1568511234441512,2002-05-01,26.08,28.22,24.17,25.45,1420266200,30.93166666666667,12,0,indicator <= low
MSFT,0.1826143790849673,-0.15441582845142035,2002-06-01,25.5,28.22,24.58,27.35,1834073000,30.156666666666666,12,0,indicator <= low
MSFT,0.08681325449618141,-0.07987872262049822,2002-07-01,27.06,27.47,20.7,23.99,2432188000,29.409166666666668,12,0,indicator <= low
MSFT,0.20253607958525985,-0.16842411884648992,2002-08-01,23.79,26.73,21.9,24.54,1715757200,28.60833333333333,12,0,indicator <= low
MSFT,0.16436521022258865,-0.14116293477298877,2002-09-01,24.26,25.55,21.56,21.87,1695705800,28.247500000000002,12,0,indicator <= low
MSFT,0.2622593261131166,-0.20776976702615735,2002-10-01,22.16,27.03,21.59,26.74,2475370600,27.971666666666664,12,0,indicator <= low
MSFT,0.054665649631324836,-0.05183220829315346,2002-11-01,26.22,29.32,25.95,28.84,1555997200,27.653333333333336,12,0,indicator <= low
MSFT,-0.0645243777702011,0.06897494305239174,2002-12-01,29.33,29.48,25.63,25.85,1268370200,27.4375,12,0,indicator <= low
MSFT,0.026354365838113528,-0.025677647716335034,2003-01-01,26.15,28.66,23.51,23.73,1718662200,26.839166666666667,12,0,indicator <= low
MSFT,0.09150326797385644,-0.0838323353293415,2003-02-01,23.97,24.99,23.0,23.7,1346970800,26.163333333333338,12,0,indicator <= low
MSFT,0.07014987510407988,-0.0655514491344096,2003-03-01,24.02,26.8,22.55,24.21,1371902600,25.705,12,0,indicator <= low
MSFT,0.0322976287816842,-0.031287128712871114,2003-04-01,24.46,26.43,23.95,25.57,1249617700,25.249999999999996,12,0,indicator <= low
MSFT,-0.013116679718089306,0.0132910136877604,2003-05-01,25.54,26.5,23.89,24.61,1311003700,25.205,12,0,indicator <= low
MSFT,0.007272484654390106,-0.007219977478969261,2003-06-01,24.98,26.51,23.6,25.64,1569995800,25.161666666666665,12,0,indicator <= low
MSFT,-0.021525335417480924,0.021998868439445013,2003-07-01,25.59,27.81,25.39,26.41,1292011000,25.039166666666663,12,1,indicator <= low
MSFT,-0.04098620078490945,0.04273786343685023,2003-08-01,26.33,26.95,25.43,26.52,966506900,25.250833333333333,12,1,indicator <= low
MSFT,-0.04666042446941324,0.04894418071697497,2003-09-01,26.7,30.0,26.47,27.8,1253309100,25.454166666666666,12,1,indicator <= low
MSFT,-0.07444404804376274,0.08043171013747924,2003-10-01,28.03,29.46,25.91,26.14,1400032500,25.94333333333333,12,0,indicator <= low
MSFT,-0.015022137887413118,0.015251244180446391,2003-11-01,26.35,26.75,24.84,25.71,1442336700,25.954166666666666,12,0,indicator <= low
MSFT,-0.008944658944658903,0.009025387961820619,2003-12-01,25.9,27.55,25.5,27.37,1476461300,25.668333333333333,12,0,indicator <= low
MSFT,-0.06499274836838291,0.06951042171594767,2004-01-01,27.58,28.83,27.26,27.65,1232189000,25.787499999999998,12,1,indicator <= low
MSFT,-0.055022334902813004,0.05822606918138556,2004-02-01,27.61,27.8,26.35,26.53,1032065600,26.090833333333332,12,1,indicator <= low
MSFT,-0.012079108774564981,0.012226797592651203,2004-03-01,26.63,26.72,24.01,24.93,1703041000,26.308333333333334,12,0,indicator <= low
MSFT,0.05607882431529724,-0.053100983585818634,2004-04-01,24.95,27.72,24.85,26.13,1558947800,26.349166666666665,12,0,indicator <= low
MSFT,0.008145602647320777,-0.008079787905567397,2004-05-01,26.19,26.6,25.42,26.23,1141456900,26.403333333333332,12,0,indicator <= low
MSFT,0.014128077560913449,-0.013931255699864841,2004-06-01,26.13,28.8,25.86,28.56,1534889700,26.499166666666667,12,0,indicator <= low
MSFT,-0.0676538908246224,0.07256306446589833,2004-07-01,28.7,29.89,27.25,28.49,1550446900,26.758333333333336,12,1,indicator <= low
MSFT,-0.047753802617615776,0.05014858841010393,2004-08-01,28.27,28.55,26.85,27.3,1094195300,26.92,12,0,indicator <= low
MSFT,-0.009762516831925565,0.009858763173347336,2004-09-01,27.23,27.79,26.74,27.65,1141012300,26.964166666666667,12,0,indicator <= low
MSFT,-0.031392283728732255,0.03240969816922308,2004-10-01,27.82,28.89,27.55,27.97,1300591200,26.94666666666667,12,1,indicator <= low
MSFT,-0.03773082386363649,0.039210259249008346,2004-11-01,28.16,30.2,26.1,26.81,1739407300,27.097499999999997,12,0,indicator <= low
MSFT,0.008719851576994545,-0.00864447305499367,2004-12-01,26.95,27.44,26.68,26.72,1803777700,27.185000000000002,12,0,indicator <= low
MSFT,0.011940298507462697,-0.011799410029498535,2005-01-01,26.8,27.1,25.64,26.28,1521414300,27.12,12,0,indicator <= low
MSFT,0.02882539682539673,-0.028017773389286505,2005-02-01,26.25,26.5,25.13,25.16,1361126000,27.006666666666664,12,0,indicator <= low
MSFT,0.06735477041153892,-0.06310438879246213,2005-03-01,25.19,25.79,23.82,24.17,1541411300,26.886666666666667,12,0,indicator <= low
MSFT,0.10674504950495059,-0.09644953871959751,2005-04-01,24.24,25.45,23.94,25.3,1520253700,26.8275,12,0,indicator <= low
MSFT,0.06014665081252484,-0.05673427423123663,2005-05-01,25.23,26.09,24.64,25.8,1270563700,26.747500000000002,12,0,indicator <= low
MSFT,0.038249773286695314,-0.03684062763203058,2005-06-01,25.73,26.0,24.82,24.84,1303029500,26.71416666666667,12,0,indicator <= low
MSFT,0.06210596914822251,-0.05847436221267983,2005-07-01,24.85,26.48,24.5,25.61,1321407700,26.39333333333333,12,0,indicator <= low
MSFT,0.014658401136510417,-0.014446636542989902,2005-08-01,25.81,27.94,25.76,27.38,1441979300,26.188333333333333,12,0,indicator <= low
MSFT,-0.04306671536401268,0.04500492986864288,2005-09-01,27.38,27.39,25.12,25.73,1348861500,26.200833333333332,12,0,indicator <= low
MSFT,0.012252042007001217,-0.012103746397694572,2005-10-01,25.71,25.8,24.25,25.7,1439659900,26.025000000000002,12,0,indicator <= low
MSFT,0.007907067551737625,-0.007845036319612612,2005-11-01,25.61,28.25,25.61,27.68,1444948300,25.8125,12,0,indicator <= low
MSFT,-0.06680490443562938,0.0715872862525361,2005-12-01,27.73,28.1,26.1,26.15,1271695500,25.877499999999998,12,1,indicator <= low
MSFT,-0.015936507936507922,0.01619459319956125,2006-01-01,26.25,28.38,26.1,28.15,1388622700,25.831666666666667,12,1,indicator <= low
MSFT,-0.07102408202193618,0.07645416920658356,2006-02-01,27.96,28.07,26.34,26.87,1047699000,25.974166666666665,12,1,indicator <= low
MSFT,-0.03175191499876447,0.03279316064820718,2006-03-01,26.98,28.22,26.62,27.21,1437940900,26.123333333333335,12,1,indicator <= low
MSFT,-0.04556679918082161,0.04774226120980723,2006-04-01,27.67,27.94,24.0,24.15,1446126900,26.409166666666668,12,0,indicator <= low
MSFT,0.08278508771929818,-0.07645569620253159,2006-05-01,24.32,25.0,22.45,22.65,2309193400,26.333333333333332,12,0,indicator <= low
MSFT,0.14706097918498973,-0.12820676655697902,2006-06-01,22.74,23.65,21.46,23.3,1971637200,26.084166666666665,12,0,indicator <= low
MSFT,0.10387448647117144,-0.09409990695883722,2006-07-01,23.53,24.6,22.23,24.06,1332298100,25.974166666666665,12,0,indicator <= low
MSFT,0.07514571190674452,-0.06989351403678618,2006-08-01,24.02,26.25,23.85,25.7,1134188400,25.825000000000003,12,0,indicator <= low
MSFT,-0.007306553366808233,0.007360332025550344,2006-09-01,25.89,27.52,25.39,27.35,1097482600,25.700833333333335,12,0,indicator <= low
MSFT,-0.054355783308931295,0.05748016257015689,2006-10-01,27.32,28.85,27.15,28.71,1290967400,25.834999999999997,12,1,indicator <= low
MSFT,-0.09314917766967785,0.1027172004214692,2006-11-01,28.78,30.0,28.58,29.36,1239142000,26.099166666666672,12,1,indicator <= low
MSFT,-0.10283384650473264,0.11462073786901403,2006-12-01,29.23,30.26,28.8,29.86,1137160900,26.224166666666665,12,1,indicator <= low
MSFT,-0.11303354507968344,0.12743835401287884,2007-01-01,29.91,31.48,29.4,30.86,1324518200,26.52916666666667,12,1,indicator <= low
MSFT,-0.13199848681366189,0.15207172430968463,2007-02-01,30.84,30.94,27.79,28.17,1290850900,26.769166666666667,12,1,indicator <= low
MSFT,-0.03525641025641024,0.03654485049833886,2007-03-01,27.82,28.55,26.6,27.87,1269506500,26.839166666666667,12,0,indicator <= low
MSFT,-0.03702043743277156,0.038443637717583495,2007-04-01,27.89,30.74,27.56,29.94,958964900,26.8575,12,1,indicator <= low
MSFT,-0.08731351592073032,0.09566649385502116,2007-05-01,29.94,31.16,29.9,30.69,1327154700,27.325833333333335,12,1,indicator <= low
MSFT,-0.09072209591858828,0.09977378259316584,2007-06-01,30.79,30.9,29.04,29.47,1181412800,27.996666666666666,12,1,indicator <= low
MSFT,-0.039152904168070955,0.040748319204910795,2007-07-01,29.67,31.84,28.95,28.99,1295548000,28.508333333333336,12,1,indicator <= low
MSFT,-0.0010650546919977104,0.001066190242918493,2007-08-01,28.95,30.1,27.51,28.73,1228579500,28.919166666666666,12,0,indicator <= low
MSFT,0.02233918128654971,-0.021851046790985016,2007-09-01,28.5,29.85,28.27,29.46,1117419500,29.136666666666667,12,0,indicator <= low
MSFT,-0.004921928038017637,0.004946273238956151,2007-10-01,29.46,37.0,29.29,36.81,1772076700,29.315,12,0,indicator <= low
MSFT,-0.17982936399306518,0.2192584763441161,2007-11-01,36.53,37.5,32.68,33.6,1830846800,29.96083333333333,12,1,indicator <= low
MSFT,-0.09502487562189055,0.10500274876305664,2007-12-01,33.5,36.72,32.63,35.6,1064817100,30.316666666666666,12,1,indicator <= low
MSFT,-0.13923814845860102,0.1617615234797662,2008-01-01,35.79,35.96,31.04,32.6,1950301600,30.80666666666667,12,1,indicator <= low
MSFT,-0.007566001287829874,0.007623682076236687,2008-02-01,31.06,33.25,27.02,27.2,2324580800,30.825000000000003,12,0,indicator <= low
MSFT,0.12983357807146362,-0.11491389580851301,2008-03-01,27.24,29.59,26.87,28.38,1452390200,30.776666666666667,12,0,indicator <= low
MSFT,0.07023933402705523,-0.0656295576081673,2008-04-01,28.83,32.1,27.93,28.52,1444720000,30.855,12,0,indicator <= low
MSFT,0.07842105263157893,-0.07271839921913127,2008-05-01,28.5,30.53,27.95,28.32,1405170200,30.735,12,0,indicator <= low
MSFT,0.0808250708215297,-0.07478089933655498,2008-06-01,28.24,29.57,27.11,27.51,1560439100,30.522499999999997,12,0,indicator <= low
MSFT,0.11193619361936201,-0.10066782092505572,2008-07-01,27.27,27.91,24.87,25.72,1637501300,30.3225,12,0,indicator <= low
MSFT,0.1601080246913581,-0.138011306950449,2008-08-01,25.92,28.5,25.07,27.29,1206949700,30.070000000000004,12,0,indicator <= low
MSFT,0.08423683893506798,-0.07769228632537976,2008-09-01,27.67,27.76,23.5,26.69,1927538700,30.000833333333333,12,0,indicator <= low
MSFT,0.12752716704574157,-0.11310340963214063,2008-10-01,26.38,27.47,20.65,22.33,3044579400,29.74416666666666,12,0,indicator <= low
MSFT,0.27105575326215897,-0.21325244983667757,2008-11-01,22.48,23.66,17.5,20.22,1794911800,28.573333333333334,12,0,indicator <= low
MSFT,0.38019785378940313,-0.27546619692644114,2008-12-01,19.88,21.25,18.47,19.44,1546943400,27.438333333333333,12,0,indicator <= low
MSFT,0.33555214200375477,-0.2512460063897763,2009-01-01,19.53,21.0,16.75,17.1,1564043400,26.083333333333332,12,0,indicator <= low
MSFT,0.46295752593462486,-0.3164531558350335,2009-02-01,17.03,19.93,16.1,16.15,1456213400,24.914166666666663,12,0,indicator <= low
MSFT,0.5021407685881368,-0.3342834300809899,2009-03-01,15.96,18.88,14.87,18.37,1625752800,23.974166666666665,12,0,indicator <= low
MSFT,0.26663923934905825,-0.21050922083077694,2009-04-01,18.23,21.2,18.18,20.26,1562400700,23.090833333333332,12,0,indicator <= low
MSFT,0.10937757965989775,-0.09859364536051798,2009-05-01,20.19,20.94,19.01,20.89,1101122400,22.398333333333337,12,0,indicator <= low
MSFT,0.037857142857142936,-0.03647625602202347,2009-06-01,21.0,24.34,20.86,23.77,1411144700,21.795,12,0,indicator <= low
MSFT,-0.10492030492030477,0.11721895323629589,2009-07-01,24.05,25.72,22.0,23.52,1517459800,21.52666666666667,12,1,indicator <= low
MSFT,-0.10362440526168472,0.11560377800327827,2009-08-01,23.82,25.49,23.03,24.65,993250400,21.35166666666667,12,1,indicator <= low
MSFT,-0.13449691991786455,0.15539739027283522,2009-09-01,24.35,26.25,23.76,25.72,1038979700,21.075,12,1,indicator <= low
MSFT,-0.173783287419651,0.21033620450125026,2009-10-01,25.41,29.35,24.43,27.73,1523430100,20.99416666666667,12,1,indicator <= low
MSFT,-0.22638387484957892,0.2926307602566597,2009-11-01,27.7,30.14,27.41,29.41,1018256700,21.429166666666664,12,1,indicator <= low
MSFT,-0.2468665311653116,0.32778589902170235,2009-12-01,29.52,31.5,29.25,30.48,920605500,22.2325,12,1,indicator <= low
MSFT,-0.24374047463531465,0.3222973945588024,2010-01-01,30.62,31.24,27.66,28.18,1359650900,23.156666666666666,12,1,indicator <= low
MSFT,-0.15099213338029818,0.17784538791315163,2010-02-01,28.39,29.03,27.57,28.67,1074643300,24.103333333333335,12,1,indicator <= low
MSFT,-0.12510137875101374,0.14298957126303585,2010-03-01,28.77,30.57,28.24,29.29,1110237200,25.170833333333334,12,1,indicator <= low
MSFT,-0.11081771720613304,0.12462879586167278,2010-04-01,29.35,31.58,28.62,30.54,1319029500,26.097499999999997,12,1,indicator <= low
MSFT,-0.12061189001195534,0.13715433338482944,2010-05-01,30.67,31.06,24.56,25.8,1720130200,26.97083333333333,12,0,indicator <= low
MSFT,0.07122339731035376,-0.06648790298007184,2010-06-01,25.53,26.93,22.95,23.01,1671811600,27.348333333333333,12,0,indicator <= low
MSFT,0.18095856792262152,-0.15323024265020468,2010-07-01,23.09,26.41,22.73,25.81,1408590600,27.26833333333333,12,0,indicator <= low
MSFT,0.05614338848274984,-0.053158869425301375,2010-08-01,25.99,26.38,23.32,23.47,1279372100,27.449166666666667,12,0,indicator <= low
MSFT,0.15726658217152514,-0.13589486173222598,2010-09-01,23.67,25.53,23.54,24.49,1273139500,27.392500000000002,12,0,indicator <= low
MSFT,0.10372089893688606,-0.09397384704483802,2010-10-01,24.77,27.2,23.78,26.67,1281432800,27.339166666666667,12,0,indicator <= low
MSFT,0.014539930555555549,-0.01433155080213903,2010-11-01,26.88,28.87,24.93,25.26,1361176300,27.270833333333332,12,0,indicator <= low
MSFT,0.053643592751922806,-0.050912465202598185,2010-12-01,25.57,28.4,25.56,27.91,1033710000,26.941666666666666,12,0,indicator <= low
MSFT,-0.047147950089126485,0.04948087176129447,2011-01-01,28.05,29.46,27.42,27.73,1361258700,26.727500000000003,12,1,indicator <= low
MSFT,-0.040347721822541815,0.04204410570375445,2011-02-01,27.8,28.34,26.43,26.58,1114368500,26.678333333333338,12,0,indicator <= low
MSFT,-0.003853383458646718,0.003868289461270033,2011-03-01,26.6,26.78,24.68,25.39,1310885200,26.4975,12,0,indicator <= low
MSFT,0.025427601514558147,-0.02479707146267717,2011-04-01,25.53,26.87,24.72,25.92,1313844800,26.17916666666667,12,0,indicator <= low
MSFT,-0.005975327679259874,0.006011246848943228,2011-05-01,25.94,26.25,24.03,25.01,1364062800,25.785,12,0,indicator <= low
MSFT,0.03001200480192077,-0.02913752913752914,2011-06-01,24.99,26.0,23.65,26.0,1297757600,25.74,12,0,indicator <= low
MSFT,0.001799717187299283,-0.0017964840241243578,2011-07-01,25.93,28.15,25.84,27.4,1259328200,25.97666666666667,12,0,indicator <= low
MSFT,-0.05113292136192898,0.05388839228706421,2011-08-01,27.51,27.69,23.79,26.6,1719339500,26.103333333333335,12,0,indicator <= low
MSFT,-0.004692617787856046,0.004714742271303521,2011-09-01,26.46,27.5,24.6,24.89,1279920200,26.33583333333333,12,0,indicator <= low
MSFT,0.06519687162891052,-0.061206405468700605,2011-10-01,24.72,27.5,24.26,26.63,1218142500,26.331666666666667,12,0,indicator <= low
MSFT,0.0032136947944508697,-0.003203400044403626,2011-11-01,26.19,27.2,24.3,25.58,1046207400,26.27416666666667,12,0,indicator <= low
MSFT,0.02790818988002106,-0.027150469424004245,2011-12-01,25.56,26.19,25.16,25.96,1007166600,26.273333333333337,12,0,indicator <= low
MSFT,-0.015128688010043832,0.01536108101217402,2012-01-01,26.55,29.95,26.39,29.53,1354858100,26.148333333333337,12,1,indicator <= low
MSFT,-0.116677856103838,0.132089812205086,2012-02-01,29.79,32.0,29.71,31.74,984332300,26.314166666666665,12,1,indicator <= low
MSFT,-0.16196889028082254,0.19327312363749596,2012-03-01,31.93,32.95,31.49,32.26,942366500,26.758333333333336,12,1,indicator <= low
MSFT,-0.15220877301882896,0.1795356783306386,2012-04-01,32.22,32.89,30.23,32.02,940739700,27.31583333333333,12,1,indicator <= low
MSFT,-0.13182527301092037,0.15184186882300083,2012-05-01,32.05,32.34,28.64,29.19,1014372600,27.825,12,1,indicator <= low
MSFT,-0.02158669448307848,0.022062960878964807,2012-06-01,28.76,31.14,28.32,30.59,973131400,28.139166666666664,12,1,indicator <= low
MSFT,-0.06825604180274342,0.07325622152120588,2012-07-01,30.62,31.05,28.54,29.47,846604100,28.529999999999998,12,1,indicator <= low
MSFT,-0.02996507829221584,0.030890721170595752,2012-08-01,29.59,30.96,28.97,30.82,671748400,28.703333333333333,12,1,indicator <= low
MSFT,-0.046442255062944714,0.04870418735470539,2012-09-01,30.45,31.61,29.74,29.76,893107700,29.035833333333333,12,1,indicator <= low
MSFT,-0.01174102650117415,0.011880515953835758,2012-10-01,29.81,30.25,27.76,28.54,1105402300,29.459999999999997,12,0,indicator <= low
MSFT,0.029155108645399753,-0.028329168655417212,2012-11-01,28.84,30.2,26.34,26.62,1310516100,29.68083333333333,12,0,indicator <= low
MSFT,0.11211725168035838,-0.1008142365483085,2012-12-01,26.78,27.73,26.26,26.71,947310900,29.7825,12,0,indicator <= low
MSFT,0.09507645259938835,-0.0868217487223882,2013-01-01,27.25,28.23,26.28,27.45,1145054400,29.840833333333332,12,0,indicator <= low
MSFT,0.07206963016504042,-0.06722476613197746,2013-02-01,27.67,28.2,27.1,27.8,780587000,29.66416666666667,12,0,indicator <= low
MSFT,0.0574795574795575,-0.05435524221059815,2013-03-01,27.72,28.66,27.52,28.61,844946000,29.313333333333333,12,0,indicator <= low
MSFT,0.013093575418994289,-0.012924349474409668,2013-04-01,28.64,33.11,28.11,33.1,1465757200,29.014999999999997,12,0,indicator <= low
MSFT,-0.11666160542565032,0.13206898527473782,2013-05-01,32.93,35.28,32.32,34.9,1071860000,29.088333333333335,12,1,indicator <= low
MSFT,-0.15230049637266127,0.17966330724621354,2013-06-01,34.92,35.78,32.57,34.54,945155500,29.60166666666667,12,1,indicator <= low
MSFT,-0.13824940047961623,0.16042855155141214,2013-07-01,34.75,36.43,31.02,31.84,1111130600,29.945833333333336,12,1,indicator <= low
MSFT,-0.05952380952380957,0.06329113924050639,2013-08-01,32.06,35.2,30.84,33.4,1051265000,30.151666666666667,12,1,indicator <= low
MSFT,-0.04692913385826767,0.04923992068737602,2013-09-01,31.75,33.75,30.95,33.28,1242961500,30.26,12,1,indicator <= low
MSFT,-0.08380809595202393,0.09147439044346253,2013-10-01,33.35,36.29,32.8,35.41,965331500,30.555000000000003,12,1,indicator <= low
MSFT,-0.12744136062050276,0.14605478058314816,2013-11-01,35.67,38.29,35.39,38.13,800431600,31.124166666666667,12,1,indicator <= low
MSFT,-0.15813424345847552,0.18783783783783783,2013-12-01,38.09,38.98,35.53,37.41,826617700,32.06666666666667,12,1,indicator <= low
MSFT,-0.11892012494422141,0.13497087870346935,2014-01-01,37.35,37.89,34.63,37.84,930226200,32.90833333333333,12,1,indicator <= low
MSFT,-0.1057896131425545,0.11830505963404718,2014-02-01,37.74,38.46,35.69,38.31,705304500,33.747499999999995,12,1,indicator <= low
MSFT,-0.08761867088607589,0.09603295035768473,2014-03-01,37.92,41.5,37.49,40.99,778425700,34.597500000000004,12,1,indicator <= low
MSFT,-0.1339003645200484,0.15460157126823765,2014-04-01,41.15,41.66,38.9,40.4,746112500,35.64000000000001,12,1,indicator <= low
MSFT,-0.09917577866136516,0.11009448493068809,2014-05-01,40.24,40.97,38.51,40.94,574362900,36.24916666666667,12,1,indicator <= low
MSFT,-0.10252340252340245,0.11423518207791021,2014-06-01,40.95,42.29,39.86,41.7,555767300,36.75166666666667,12,1,indicator <= low
MSFT,-0.10787943940117853,0.12092473166268716,2014-07-01,41.86,45.71,41.05,43.16,731616500,37.344166666666666,12,1,indicator <= low
MSFT,-0.11424824500501429,0.12898449747430762,2014-08-01,43.21,45.47,42.21,45.43,513919700,38.27333333333333,12,1,indicator <= low
MSFT,-0.1324381832856409,0.15265561569688765,2014-09-01,45.43,47.57,44.53,46.36,860827300,39.413333333333334,12,1,indicator <= low
MSFT,-0.12491895396585262,0.14275129661644853,2014-10-01,46.27,46.97,42.1,46.95,853260900,40.49,12,1,indicator <= low
MSFT,-0.11654937086798883,0.13192516596258289,2014-11-01,46.89,50.05,46.73,47.81,523005900,41.425000000000004,12,1,indicator <= low
MSFT,-0.11777708159287109,0.13350036497070372,2014-12-01,47.88,49.06,44.9,46.45,626771200,42.240833333333335,12,1,indicator <= low
MSFT,-0.07808258322617527,0.08469585432003111,2015-01-01,46.66,47.91,40.35,40.4,918966800,43.01666666666666,12,0,indicator <= low
MSFT,0.06563603514823026,-0.06159329544359887,2015-02-01,40.59,44.3,40.23,43.85,656509700,43.25416666666667,12,0,indicator <= low
MSFT,0.0014502709716816963,-0.001448170731707462,2015-03-01,43.67,44.19,40.54,40.66,824335300,43.73333333333334,12,0,indicator <= low
MSFT,0.0760467980295566,-0.07067238912732472,2015-04-01,40.6,49.54,40.12,48.64,874535300,43.6875,12,0,indicator <= low
MSFT,-0.08640386990531079,0.09457556469329123,2015-05-01,48.58,48.91,46.02,46.86,633072800,44.3825,12,1,indicator <= low
MSFT,-0.046075931435047374,0.04830146649340997,2015-06-01,47.06,47.77,43.94,44.15,664853400,44.89166666666667,12,0,indicator <= low
MSFT,0.014582396161343691,-0.01437280620727893,2015-07-01,44.46,47.4,43.32,46.7,725458100,45.10833333333334,12,0,indicator <= low
MSFT,-0.03315240527884216,0.034289173867576746,2015-08-01,46.98,48.41,39.72,43.52,776480300,45.42249999999999,12,0,indicator <= low
MSFT,0.07068611176982047,-0.06601945331389224,2015-09-01,42.17,45.0,41.66,44.26,673079900,45.15083333333333,12,0,indicator <= low
MSFT,0.006126629422718794,-0.006089322400932818,2015-10-01,44.75,54.37,43.75,52.64,856716800,45.024166666666666,12,0,indicator <= low
MSFT,-0.13867865026805423,0.16100686498855832,2015-11-01,52.85,54.98,52.53,54.35,662626600,45.520833333333336,12,1,indicator <= low
MSFT,-0.15337254181216686,0.18115706067513296,2015-12-01,54.41,56.85,53.68,55.48,792820900,46.065,12,1,indicator <= low
MSFT,-0.14021845851742748,0.16308614659910053,2016-01-01,54.32,55.39,49.1,55.09,927914700,46.70333333333334,12,1,indicator <= low
MSFT,-0.12729288143828957,0.14585979503418992,2016-02-01,54.88,55.09,48.19,50.88,814770900,47.89416666666667,12,1,indicator <= low
MSFT,-0.048410829899941166,0.05087366630586055,2016-03-01,50.97,55.64,50.58,55.23,641110900,48.5025,12,1,indicator <= low
MSFT,-0.0970632758098697,0.10749731759656637,2016-04-01,55.05,56.77,49.35,49.87,699025700,49.70666666666667,12,0,indicator <= low
MSFT,-0.003499999999999801,0.003512293025589363,2016-05-01,50.0,53.0,49.46,53.0,530704800,49.82500000000001,12,0,indicator <= low
MSFT,-0.04131706076786164,0.04309773239623387,2016-06-01,52.44,52.95,48.04,51.17,823627000,50.27333333333333,12,0,indicator <= low
MSFT,-0.005883695156138157,0.005918517911304415,2016-07-01,51.13,57.29,50.39,56.68,647587800,50.82916666666666,12,0,indicator <= low
MSFT,-0.0877944640753828,0.09624416934325418,2016-08-01,56.6,58.7,56.14,57.46,467078900,51.630833333333335,12,1,indicator <= low
MSFT,-0.07266269075600769,0.07835626802856194,2016-09-01,57.01,58.19,55.61,57.6,526427800,52.8675,12,1,indicator <= low
MSFT,-0.06074725657550957,0.06467615559367619,2016-10-01,57.41,61.37,56.32,59.92,614841800,53.92249999999999,12,1,indicator <= low
MSFT,-0.09094825190372975,0.10004738684480056,2016-11-01,59.97,61.41,57.28,60.26,613056800,54.515833333333326,12,1,indicator <= low
MSFT,-0.08516331170631616,0.09309127278788885,2016-12-01,60.11,64.1,58.8,62.14,513579700,54.990833333333335,12,1,indicator <= low
MSFT,-0.11296915644741744,0.1273565144532888,2017-01-01,62.79,65.91,61.95,64.65,493453500,55.69666666666666,12,1,indicator <= low
MSFT,-0.12233271182929369,0.13938392541012645,2017-02-01,64.36,65.24,62.75,63.98,440744000,56.48666666666666,12,1,indicator <= low
MSFT,-0.10208430791621176,0.11369030390738048,2017-03-01,64.13,66.19,63.62,65.86,489169700,57.583333333333336,12,1,indicator <= low
MSFT,-0.11138124905029638,0.12534199726402198,2017-04-01,65.81,69.14,64.85,68.46,433191200,58.48,12,1,indicator <= low
MSFT,-0.1258493496408466,0.14396757537060706,2017-05-01,68.68,70.74,67.14,69.84,517218500,60.03666666666666,12,1,indicator <= low
MSFT,-0.12414578587699306,0.14174252275682692,2017-06-01,70.24,72.89,68.09,68.93,629716800,61.52,12,1,indicator <= low
MSFT,-0.09077359488436938,0.09983607424250429,2017-07-01,69.33,74.42,68.02,72.7,469851200,63.03666666666667,12,1,indicator <= low
MSFT,-0.11885544915640656,0.13488757212720237,2017-08-01,73.1,74.96,71.28,74.77,444070500,64.41166666666668,12,1,indicator <= low
MSFT,-0.1181011020389951,0.13391682687443068,2017-09-01,74.71,75.97,72.92,74.49,375983900,65.88666666666667,12,1,indicator <= low
MSFT,-0.09880426538169805,0.10963685422184807,2017-10-01,74.71,86.2,73.71,83.18,449950000,67.32833333333333,12,1,indicator <= low
MSFT,-0.17179533142128758,0.20743101064149602,2017-11-01,83.68,85.06,82.24,84.17,421926000,69.30416666666666,12,1,indicator <= low
MSFT,-0.14758771929824552,0.173141240030872,2017-12-01,83.6,87.5,80.7,85.54,466203300,71.26166666666667,12,1,indicator <= low
MSFT,-0.15004450636634545,0.17653219196794462,2018-01-01,86.13,95.45,85.5,95.01,574258400,73.20666666666666,12,1,indicator <= low
MSFT,-0.20094419242536146,0.25147704393174264,2018-02-01,94.79,96.07,83.83,93.77,725663300,75.74249999999999,12,1,indicator <= low
MSFT,-0.16766854629925163,0.2014444432608625,2018-03-01,93.99,97.24,87.08,91.27,750754800,78.23083333333334,12,1,indicator <= low
MSFT,-0.1125695442319738,0.12684886291686998,2018-04-01,90.47,97.9,87.51,93.52,668130700,80.28583333333333,12,1,indicator <= low
MSFT,-0.11672567321102882,0.13215109923478677,2018-05-01,93.21,99.99,92.45,98.84,509417900,82.33,12,1,indicator <= low
MSFT,-0.14635374697824335,0.17144542772861357,2018-06-01,99.28,102.69,97.26,98.61,602585200,84.75,12,1,indicator <= low
MSFT,-0.11164627930682977,0.1256777302848619,2018-07-01,98.1,111.15,98.0,106.08,569352300,87.1475,12,1,indicator <= low
MSFT,-0.15220535068691252,0.1795309168443497,2018-08-01,106.03,112.78,104.84,112.33,456628100,89.89166666666667,12,1,indicator <= low
MSFT,-0.16190046609532407,0.19317570234293718,2018-09-01,110.85,115.29,107.23,114.37,480255500,92.90333333333332,12,1,indicator <= low
MSFT,-0.16130718954248371,0.1923316708229427,2018-10-01,114.75,116.18,100.11,106.81,927548000,96.24,12,1,indicator <= low
MSFT,-0.08278841662774403,0.09026098026734561,2018-11-01,107.05,112.24,99.35,110.89,720228600,98.1875,12,1,indicator <= low
MSFT,-0.10940265486725662,0.1228418829959011,2018-12-01,113.0,113.42,93.96,101.57,944314600,100.6375,12,0,indicator <= low
MSFT,0.022158044533735117,-0.021677708894657942,2019-01-01,99.55,107.9,97.2,104.43,714212800,101.75583333333333,12,0,indicator <= low
MSFT,-0.012285604162651818,0.012438417638164048,2019-02-01,103.78,113.24,102.35,112.03,469095900,102.505,12,0,indicator <= low
MSFT,-0.07804057046682626,0.08464642582628765,2019-03-01,112.89,120.82,108.8,117.94,589095800,104.07999999999998,12,1,indicator <= low
MSFT,-0.10505814768109864,0.11739103206412843,2019-04-01,118.95,131.37,118.1,130.6,433157700,106.45333333333332,12,1,indicator <= low
MSFT,-0.16062718659822775,0.19136572454288237,2019-05-01,130.53,130.65,123.04,123.68,547218800,109.56333333333333,12,1,indicator <= low
MSFT,-0.09882250033642832,0.10965930726557291,2019-06-01,123.85,138.4,119.01,133.96,508324300,111.61083333333335,12,1,indicator <= low
MSFT,-0.1596159945351192,0.1899322137227295,2019-07-01,136.63,141.68,134.67,136.27,484079900,114.82166666666666,12,1,indicator <= low
MSFT,-0.14304744525547453,0.16692574689636092,2019-08-01,137.0,140.94,130.78,137.86,584482000,117.40249999999999,12,1,indicator <= low
MSFT,-0.12488714832979528,0.14270976376525696,2019-09-01,136.61,142.37,134.51,139.03,472544800,119.54916666666668,12,1,indicator <= low
MSFT,-0.12913504224545322,0.14828365878725588,2019-10-01,139.66,145.67,133.22,143.37,549523400,121.625,12,1,indicator <= low
MSFT,-0.13540944590785164,0.15661684628284717,2019-11-01,144.26,152.5,142.97,151.38,392371800,124.72583333333331,12,1,indicator <= low
MSFT,-0.15710427508069302,0.1863863707408566,2019-12-01,151.81,159.55,146.65,157.7,450303300,127.96,12,1,indicator <= low
MSFT,-0.16301906201452737,0.1947703401787113,2020-01-01,158.78,174.05,156.51,170.23,558530000,132.89583333333334,12,1,indicator <= low
MSFT,-0.18764302059496576,0.2309859154929579,2020-02-01,170.43,190.7,152.0,162.01,887522300,138.45,12,1,indicator <= low
MSFT,-0.13605750811606465,0.15748444994223412,2020-03-01,165.31,175.0,132.52,157.71,1612695500,142.81833333333336,12,0,indicator <= low
MSFT,-0.04800108932461873,0.05042137001035546,2020-04-01,153.0,180.4,150.36,179.21,984705000,145.65583333333333,12,1,indicator <= low
MSFT,-0.15000948047023133,0.17648371013975486,2020-05-01,175.8,187.51,173.8,183.25,688845000,149.42833333333334,12,1,indicator <= low
MSFT,-0.15460081808553375,0.18287315790326325,2020-06-01,182.54,204.4,181.35,203.51,764965400,154.31916666666666,12,1,indicator <= low
MSFT,-0.213046831413475,0.2707236464860242,2020-07-01,203.14,216.38,197.51,205.01,770190800,159.86166666666668,12,1,indicator <= low
MSFT,-0.21486541855774074,0.2736669911584355,2020-08-01,211.52,231.15,203.14,225.53,692423900,166.0716666666667,12,1,indicator <= low
MSFT,-0.23072147576604143,0.2999192990546461,2020-09-01,225.51,232.86,196.25,210.33,768176300,173.48,12,1,indicator <= low
MSFT,-0.15859056630287127,0.18848203971998376,2020-10-01,213.49,225.21,199.62,202.47,631618000,179.63250000000002,12,1,indicator <= low
MSFT,-0.09621126829507075,0.10645327267311183,2020-11-01,204.29,228.12,200.12,214.07,573443000,184.635,12,1,indicator <= low
MSFT,-0.11491305766630916,0.12983250816391012,2020-12-01,214.51,227.18,209.11,222.42,594761700,189.86,12,1,indicator <= low
MSFT,-0.12293848020491627,0.1401708744828294,2021-01-01,222.53,242.64,211.94,231.96,648076400,195.17249999999999,12,1,indicator <= low
MSFT,-0.14677812757026562,0.17202808825362512,2021-02-01,235.06,246.13,227.88,232.38,490962200,200.55833333333337,12,1,indicator <= low
MSFT,-0.12487989260986297,0.14270028942917468,2021-03-01,235.9,241.05,224.26,235.77,724945800,206.44083333333333,12,1,indicator <= low
MSFT,-0.10444360576452652,0.11662426446487366,2021-04-01,238.47,263.19,238.05,252.18,568661600,213.56333333333336,12,1,indicator <= low
MSFT,-0.13168902920284137,0.1516611371176658,2021-05-01,253.4,254.35,238.07,249.68,495084900,220.03,12,1,indicator <= low
MSFT,-0.10140442356937189,0.11284767723002512,2021-06-01,251.23,271.65,243.0,270.9,508572200,225.7541666666667,12,1,indicator <= low
MSFT,-0.14211886304909568,0.16566265060240976,2021-07-01,269.61,290.15,269.6,284.91,522672700,231.29333333333332,12,1,indicator <= low
MSFT,-0.17051962564603998,0.20557403275375746,2021-08-01,286.36,305.84,283.74,301.88,441308900,237.53,12,1,indicator <= low
MSFT,-0.1944508645073244,0.24138920388561752,2021-09-01,302.87,305.32,281.62,281.92,502918700,243.97666666666666,12,1,indicator <= low
MSFT,-0.11493040786426574,0.12985465649874006,2021-10-01,282.12,332.0,280.25,331.62,516515800,249.69583333333335,12,1,indicator <= low
MSFT,-0.2144948092708836,0.2730660622010488,2021-11-01,331.36,349.67,326.37,330.59,509885200,260.285,12,1,indicator <= low
MSFT,-0.1933379086722566,0.2396764528180911,2021-12-01,335.13,344.3,317.25,336.32,625674800,270.33666666666664,12,1,indicator <= low
MSFT,-0.165831718105462,0.1987988775224466,2022-01-01,335.35,338.0,276.05,310.98,947531400,279.73833333333334,12,0,indicator <= low
MSFT,-0.07858155342933552,0.0852832431581985,2022-02-01,310.41,315.12,271.52,298.79,697050600,286.0175,12,0,indicator <= low
MSFT,-0.018019005847953132,0.018349648267391133,2022-03-01,296.4,315.95,270.0,308.31,734334200,291.05916666666667,12,0,indicator <= low
MSFT,-0.040089536800594676,0.04176382937526825,2022-04-01,309.37,315.11,270.0,277.52,627343400,296.96750000000003,12,0,indicator <= low
MSFT,0.07663869984276174,-0.07118330397556254,2022-05-01,277.71,290.88,246.44,271.87,742902000,298.99333333333334,12,0,indicator <= low
MSFT,0.09371669089147294,-0.08568644117068909,2022-06-01,275.2,277.69,241.51,256.83,621372300,300.99083333333334,12,0,indicator <= low
MSFT,0.16966015315209904,-0.14505081043830081,2022-07-01,256.39,282.0,245.94,280.74,534891800,299.88916666666665,12,0,indicator <= low
MSFT,0.07687531495212734,-0.07138738708626155,2022-08-01,277.82,294.18,260.66,261.47,477157600,299.1775,12,0,indicator <= low
MSFT,0.1415414429378967,-0.12399150623355597,2022-09-01,258.87,267.45,232.73,232.9,575586600,295.5108333333333,12,0,indicator <= low
MSFT,0.23876782351358627,-0.19274622651753723,2022-10-01,235.41,251.04,219.13,232.13,671225100,291.61833333333334,12,0,indicator <= low
MSFT,0.20867433930093782,-0.17264728183244876,2022-11-01,234.6,255.33,213.43,255.14,615296000,283.555,12,0,indicator <= low
MSFT,0.09025616785493897,-0.0827843680375746,2022-12-01,253.87,263.92,233.87,239.82,591358700,276.78333333333336,12,0,indicator <= low
MSFT,0.10701895123690423,-0.09667309770743208,2023-01-01,243.08,249.83,219.35,247.81,666168100,269.0941666666667,12,0,indicator <= low
MSFT,0.06408602150537628,-0.0602263540824575,2023-02-01,248.0,276.76,245.47,249.42,615501000,263.8933333333333,12,0,indicator <= low
MSFT,0.037206891051204276,-0.03587219808527811,2023-03-01,250.76,289.27,245.61,288.3,747635000,260.09,12,0,indicator <= low
MSFT,-0.09889071152682781,0.10974330504836649,2023-04-01,286.52,308.93,275.37,307.26,551520000,258.1858333333333,12,1,indicator <= low
MSFT,-0.15097838008057254,0.17782630799778745,2023-05-01,306.97,335.94,303.4,328.39,600856900,260.62416666666667,12,1,indicator <= low
MSFT,-0.187397089354565,0.2306133621964498,2023-06-01,325.93,351.47,322.5,340.54,547702200,264.85166666666663,12,1,indicator <= low
MSFT,-0.19882170268384486,0.2481616181440163,2023-07-01,339.19,366.78,327.0,335.92,666746800,271.75166666666667,12,1,indicator <= low
MSFT,-0.1749977624630807,0.21211792465623402,2023-08-01,335.19,338.54,311.55,327.76,479476200,276.53249999999997,12,1,indicator <= low
MSFT,-0.1471154910305555,0.1724916908249603,2023-09-01,331.31,340.86,309.45,315.75,416742300,282.56916666666666,12,1,indicator <= low
MSFT,-0.08527781290839331,0.09322810150646646,2023-10-01,316.28,346.2,311.21,338.11,540950200,289.30833333333334,12,1,indicator <= low
MSFT,-0.1227694556441723,0.13995118664538178,2023-11-01,339.79,384.3,339.65,378.91,563894000,298.0741666666667,12,1,indicator <= low
MSFT,-0.18166737445588702,0.22199698360443051,2023-12-01,376.76,378.16,362.9,376.04,522081700,308.315,12,1,indicator <= low
MSFT,-0.14616879758911544,0.1711916795455496,2024-01-01,373.86,415.32,366.5,397.58,528491200,319.2133333333333,12,1,indicator <= low
MSFT,-0.1736990767239878,0.2102128556692493,2024-02-01,401.83,420.82,397.22,413.64,444091200,332.03249999999997,12,1,indicator <= low
MSFT,-0.16014216127280528,0.1906777003064005,2024-03-01,411.27,430.82,398.39,420.72,426445300,345.40833333333336,12,1,indicator <= low
MSFT,-0.15824782796713444,0.18799812251741452,2024-04-01,423.95,429.37,388.03,389.33,441083800,356.86083333333335,12,1,indicator <= low
MSFT,-0.07287766485825631,0.07860630910926589,2024-05-01,392.61,433.6,390.31,415.13,413780000,363.9975,12,1,indicator <= low
MSFT,-0.1060472970262877,0.11862741359081293,2024-06-01,415.53,456.17,408.92,446.95,341717100,371.46416666666664,12,1,indicator <= low
MSFT,-0.15172588002793513,0.17886420964125574,2024-07-01,448.66,468.35,412.21,418.35,440449200,380.58666666666664,12,1,indicator <= low
MSFT,-0.07859027068133746,0.08529351078097594,2024-08-01,420.79,427.46,385.58,417.14,451919000,387.72,12,0,indicator <= low
MSFT,-0.05497196366043731,0.058169664334365906,2024-09-01,417.91,441.85,400.8,430.3,376898100,394.93666666666667,12,1,indicator <= low
MSFT,-0.05640292527327192,0.05977437487245981,2024-10-01,428.45,438.5,406.3,406.35,440745500,404.28416666666664,12,1,indicator <= low
MSFT,0.0025488374367375324,-0.0025423573810671026,2024-11-01,409.01,429.33,405.57,423.46,442306200,410.0525,12,0,indicator <= low
MSFT,-0.018462730586458618,0.01881001482245286,2024-12-01,421.57,456.16,420.66,421.5,439902400,413.78666666666663,12,1,indicator <= low
MSFT,-0.017478203651916435,0.017789125612155204,2025-01-01,425.53,448.38,410.72,415.06,462501200,418.0925,12,0,indicator <= low
MSFT,0.017751862649821846,-0.01744223056846395,2025-02-01,411.6,419.31,386.57,396.99,432448900,418.9066666666667,12,0,indicator <= low
MSFT,0.04776381993547621,-0.04558643754125583,2025-03-01,398.82,402.15,367.24,375.39,491786600,417.8691666666666,12,0,indicator <= low
MSFT,0.10439298901196677,-0.09452521887644436,2025-04-01,374.65,396.66,344.79,395.26,563144100,413.7608333333333,12,0,indicator <= low
MSFT,-0.03280098660048089,0.03391337888692805,2025-05-01,431.11,462.52,424.9,460.36,476942400,416.9691666666667,12,1,indicator <= low
MSFT,-0.08028904347318822,0.08729812655096666,2025-06-01,457.14,500.76,456.89,497.41,401255100,420.4366666666667,12,1,indicator <= low
MSFT,-0.1451229010144958,0.1697587889378665,2025-07-01,496.47,555.45,488.7,533.5,396881900,424.4208333333333,12,1,indicator <= low
MSFT,-0.18890031152647976,0.23289407481093705,2025-08-01,535.0,538.25,498.51,506.69,454888500,433.93833333333333,12,1,indicator <= low
MSFT,-0.11919129351742701,0.1353202944523633,2025-09-01,500.47,519.3,492.37,517.95,424025500,440.8183333333333,12,1,indicator <= low
MSFT,-0.12973161098161093,0.14907080691272775,2025-10-01,514.8,553.72,506.0,517.81,468447000,448.01416666666665,12,1,indicator <= low
MSFT,-0.12035647640484025,0.13682414884717797,2025-11-01,519.81,524.96,464.89,492.01,479480700,457.24749999999995,12,1,indicator <= low
MSFT,-0.05245270657603801,0.055356294023594495,2025-12-01,488.44,493.5,470.88,483.62,496558500,462.82,12,1,indicator <= low
MSFT,-0.034404095873159866,0.03562991073814721,2026-01-01,484.39,489.7,421.02,430.29,684062600,467.7250000000001,12,0,indicator <= low
MSFT,0.09073617825709686,-0.08318801564103752,2026-02-01,430.24,430.74,381.71,392.74,800257300,469.27833333333336,12,0,indicator <= low
MSFT,0.1932537460333622,-0.1619552812432227,2026-03-01,392.86,413.05,390.63,405.76,241394500,468.7816666666667,12,0,indicator <= low
