symbol,moving_average_minus_open_over_open,open_minus_moving_average_over_moving_average,date,open,high,low,close,volume,WMA_3_months,moving_average_window_months,condition,screening_rule
SPY,,,1993-01-01,43.97,43.97,43.75,43.94,1003200,,3,0,indicator < close
SPY,,,1993-02-01,43.97,45.12,42.81,44.41,5417600,,3,0,indicator < close
SPY,-0.00662028725314171,0.0066644075454646914,1993-03-01,44.56,45.84,44.22,45.19,3019200,44.26500000000001,3,1,indicator < close
SPY,-0.009797421731123272,0.009894360958190625,1993-04-01,45.25,45.25,43.28,44.03,2697200,44.80666666666667,3,0,indicator < close
SPY,0.010546609208437363,-0.010436539108966521,1993-05-01,44.09,45.66,43.84,45.22,1808000,44.55500000000001,3,1,indicator < close
SPY,-0.009952989569560618,0.01005304744593228,1993-06-01,45.38,45.81,44.22,45.06,3438000,44.92833333333334,3,1,indicator < close
SPY,-0.001883865248226812,0.0018874208948594148,1993-07-01,45.12,45.22,44.16,44.84,6117600,45.035000000000004,3,0,indicator < close
SPY,0.0033029021004974514,-0.0032920288514889703,1993-08-01,44.91,46.56,44.84,46.56,5440100,45.05833333333334,3,1,indicator < close
SPY,-0.01540616246498607,0.01564722617354204,1993-09-01,46.41,46.59,44.81,45.94,4369900,45.69499999999999,3,1,indicator < close
SPY,0.0003269398430688877,-0.0003268329883429691,1993-10-01,45.88,47.16,45.72,46.84,6972900,45.895,3,1,indicator < close
SPY,-0.007731224169873273,0.007791461706940614,1993-11-01,46.78,47.0,45.53,46.34,5351100,46.41833333333333,3,0,indicator < close
SPY,-0.0011805108392358814,0.001181906092188669,1993-12-01,46.59,47.16,46.38,46.59,6128000,46.535000000000004,3,1,indicator < close
SPY,0.0006796880589539876,-0.0006792263968827001,1994-01-01,46.59,48.31,46.41,48.22,6837100,46.62166666666667,3,1,indicator < close
SPY,-0.01629983388704312,0.016569920844327103,1994-02-01,48.16,48.28,46.56,46.81,10974400,47.375,3,0,indicator < close
SPY,0.008830022075055202,-0.008752735229759313,1994-03-01,46.81,47.31,43.53,44.59,14705500,47.223333333333336,3,0,indicator < close
SPY,0.04522381172127367,-0.043267108167770435,1994-04-01,43.34,45.36,43.34,45.09,11429000,45.300000000000004,3,0,indicator < close
SPY,-0.0065794337251424695,0.00662300937639546,1994-05-01,45.09,45.94,44.17,45.81,8545100,44.79333333333333,3,1,indicator < close
SPY,-0.013056163384391053,0.01322888182691607,1994-06-01,45.7,46.56,44.0,44.47,10352700,45.10333333333333,3,0,indicator < close
SPY,0.009025136122920921,-0.008944411590774748,1994-07-01,44.69,46.05,44.38,45.91,5452100,45.093333333333334,3,1,indicator < close
SPY,-0.009940502104193961,0.010040307805056884,1994-08-01,45.94,47.98,45.66,47.66,7945800,45.48333333333333,3,1,indicator < close
SPY,-0.02080701754385972,0.02124914895904261,1994-09-01,47.5,47.72,45.73,46.17,6309300,46.51166666666666,3,0,indicator < close
SPY,0.008441558441558453,-0.008370895041854487,1994-10-01,46.2,47.7,45.0,47.48,5437600,46.59,3,1,indicator < close
SPY,-0.006838691483361476,0.006885781216724581,1994-11-01,47.28,47.33,44.61,45.59,4807300,46.95666666666667,3,0,indicator < close
SPY,0.01402278702892201,-0.013828867761452044,1994-12-01,45.64,46.41,44.69,45.56,8568500,46.28,3,0,indicator < close
SPY,0.005324580598103551,-0.0052963795980555525,1995-01-01,45.7,47.23,45.69,47.09,2768000,45.943333333333335,3,1,indicator < close
SPY,-0.01569126378286688,0.01594140456699703,1995-02-01,47.16,49.16,47.0,49.02,5954800,46.419999999999995,3,1,indicator < close
SPY,-0.023449731127901583,0.024012825427804845,1995-03-01,48.97,50.89,48.22,50.11,4538000,47.82166666666666,3,1,indicator < close
SPY,-0.017202369069009217,0.017503470223787218,1995-04-01,50.09,51.67,50.06,51.59,4395200,49.22833333333333,3,1,indicator < close
SPY,-0.017782088587132327,0.01810401579986843,1995-05-01,51.55,53.64,51.39,53.64,6986200,50.633333333333326,3,1,indicator < close
SPY,-0.021968420395681316,0.022461872248101703,1995-06-01,53.41,55.16,52.75,54.41,5790900,52.23666666666666,3,1,indicator < close
SPY,-0.015421332843767274,0.015662875256386415,1995-07-01,54.47,56.7,54.2,56.16,5508200,53.629999999999995,3,1,indicator < close
SPY,-0.018791866737803167,0.01915176413726448,1995-08-01,56.23,56.8,55.42,56.41,8100100,55.173333333333325,3,1,indicator < close
SPY,-0.006620559200803826,0.006664683130020726,1995-09-01,56.39,58.91,56.34,58.48,7431600,56.01666666666667,3,1,indicator < close
SPY,-0.018325353397172804,0.018667440847728242,1995-10-01,58.48,59.19,57.27,58.31,8944800,57.40833333333333,3,1,indicator < close
SPY,-0.004261038663921325,0.004279272810821704,1995-11-01,58.28,61.2,58.23,60.91,8841700,58.031666666666666,3,1,indicator < close
SPY,-0.021591778725265052,0.022068271970501083,1995-12-01,60.98,62.8,60.58,61.48,9816800,59.663333333333334,3,1,indicator < close
SPY,-0.010828855235303567,0.010947403078442539,1996-01-01,61.41,63.69,59.64,63.67,10661800,60.745000000000005,3,1,indicator < close
SPY,-0.018419535712414194,0.018765181645890614,1996-02-01,63.61,66.69,63.44,63.88,14850400,62.43833333333333,3,1,indicator < close
SPY,-0.013639645214521469,0.013828257744085757,1996-03-01,64.64,65.97,62.0,64.69,19022700,63.75833333333333,3,1,indicator < close
SPY,-0.005410256410256518,0.005439686509061957,1996-04-01,65.0,65.81,62.12,65.39,14999300,64.64833333333333,3,1,indicator < close
SPY,-0.0038237993270113188,0.0038384768923691082,1996-05-01,65.38,68.44,63.08,66.88,17453200,65.13,3,1,indicator < close
SPY,-0.012234016046245,0.012385540953005493,1996-06-01,66.89,68.5,66.16,67.11,16871800,66.07166666666667,3,1,indicator < close
SPY,-0.006638921918351256,0.006683291770573654,1996-07-01,67.28,67.7,60.38,64.09,28811500,66.83333333333333,3,0,indicator < close
SPY,0.023301122194513565,-0.022770542989871155,1996-08-01,64.16,67.34,64.06,65.33,15593100,65.65499999999999,3,0,indicator < close
SPY,0.005661548006824801,-0.005629675329682963,1996-09-01,64.47,69.25,64.38,68.62,17216100,64.835,3,1,indicator < close
SPY,-0.031538088306647116,0.032565130260520894,1996-10-01,68.7,71.62,68.44,70.84,14791800,66.53333333333335,3,1,indicator < close
SPY,-0.025993237531699052,0.02668691690171402,1996-11-01,70.98,76.69,70.27,76.02,24089700,69.135,3,1,indicator < close
SPY,-0.03753951527924123,0.039003695086902886,1996-12-01,75.92,76.58,71.88,73.84,34952800,73.07000000000001,3,1,indicator < close
SPY,-0.0007170386304561369,0.0007175531437796322,1997-01-01,74.38,79.69,72.75,78.41,43623700,74.32666666666667,3,1,indicator < close
SPY,-0.024305555555555473,0.024911032028469664,1997-02-01,78.72,82.0,77.12,79.16,30028800,76.80666666666667,3,1,indicator < close
SPY,-0.00937566137566133,0.009464396350973098,1997-03-01,78.75,81.8,75.25,75.38,37514300,78.01166666666667,3,0,indicator < close
SPY,0.02318936877076418,-0.022663809338268778,1997-04-01,75.25,80.69,73.31,80.09,57679300,76.995,3,1,indicator < close
SPY,-0.02370564281559051,0.024281245344853326,1997-05-01,80.22,85.56,79.31,85.16,37473400,78.31833333333333,3,1,indicator < close
SPY,-0.03970392938051717,0.04134550853145149,1997-06-01,85.34,90.5,84.08,88.31,47332500,81.95166666666667,3,1,indicator < close
SPY,-0.027495291902071606,0.028272656855151092,1997-07-01,88.5,96.03,88.39,95.31,65359700,86.06666666666666,3,1,indicator < close
SPY,-0.04216404886561944,0.04402011515195674,1997-08-01,95.5,96.62,89.34,90.38,99046800,91.47333333333334,3,0,indicator < close
SPY,0.01365457419046565,-0.013470638359591672,1997-09-01,90.69,96.38,90.25,94.38,78642200,91.92833333333333,3,1,indicator < close
SPY,-0.015520559930008806,0.015765245365515584,1997-10-01,95.25,98.5,84.38,92.06,137440500,93.77166666666666,3,0,indicator < close
SPY,0.002897306577958966,-0.002888936443398203,1997-11-01,93.19,96.81,90.09,95.62,93157400,93.46,3,1,indicator < close
SPY,-0.012176955587888868,0.01232706167037823,1997-12-01,96.22,99.0,92.38,97.06,79162300,95.04833333333333,3,1,indicator < close
SPY,-0.01079025793854703,0.010907957614793387,1998-01-01,97.31,99.56,90.91,98.31,104582300,96.25999999999999,3,1,indicator < close
SPY,-0.014830013678977629,0.015053253636317335,1998-02-01,99.91,105.53,99.72,105.12,69733700,98.42833333333334,3,1,indicator < close
SPY,-0.029485352335708682,0.030381151285732988,1998-03-01,105.25,111.53,103.16,109.94,87316900,102.14666666666666,3,1,indicator < close
SPY,-0.031003535490889456,0.03199550940218932,1998-04-01,110.31,113.44,107.62,111.34,118629400,106.88999999999999,3,1,indicator < close
SPY,-0.01398956002982848,0.014188044530493701,1998-05-01,111.75,113.31,107.58,109.03,116264800,110.18666666666667,3,0,indicator < close
SPY,0.01055336331100308,-0.01044315292408287,1998-06-01,108.97,114.69,107.5,113.31,141993600,110.12,3,1,indicator < close
SPY,-0.018250628324273745,0.018589905785345348,1998-07-01,114.06,119.23,111.31,111.78,155280200,111.97833333333334,3,0,indicator < close
SPY,0.002609292061788078,-0.002602501375607912,1998-08-01,111.78,112.42,95.0,96.0,268542800,112.07166666666667,3,0,indicator < close
SPY,0.08577972100770347,-0.07900287631831251,1998-09-01,96.06,107.0,93.62,101.75,269370500,104.3,3,0,indicator < close
SPY,0.006348095571328653,-0.0063080514578056435,1998-10-01,100.03,110.91,92.22,110.0,249152700,100.665,3,1,indicator < close
SPY,-0.054613001233342444,0.057767878450401815,1998-11-01,110.81,119.72,110.19,116.12,136369000,104.75833333333333,3,1,indicator < close
SPY,-0.03833677804569986,0.03986507664064717,1998-12-01,116.12,124.75,113.75,123.31,156026700,111.66833333333334,3,1,indicator < close
SPY,-0.03659426163073421,0.03798426786690772,1999-01-01,123.38,128.5,120.38,127.66,141419000,118.86500000000001,3,1,indicator < close
SPY,-0.030033413629652613,0.030963348688163386,1999-02-01,128.69,128.84,121.33,123.56,164624900,124.825,3,0,indicator < close
SPY,0.013181303574316754,-0.013009817224040304,1999-03-01,123.66,132.62,121.78,128.38,148191100,125.29,3,1,indicator < close
SPY,-0.016783612203459607,0.01707011031526123,1999-04-01,129.69,137.5,128.12,133.25,156755700,127.51333333333332,3,1,indicator < close
SPY,-0.02158273381294982,0.022058823529411953,1999-05-01,133.44,138.0,128.0,130.2,182566900,130.55999999999997,3,0,indicator < close
SPY,0.007954196126652295,-0.007891426175136263,1999-06-01,130.12,137.5,128.02,137.0,160692200,131.155,3,1,indicator < close
SPY,-0.02107055961070552,0.021524084107968303,1999-07-01,137.0,142.25,132.56,132.75,115669100,134.11333333333334,3,0,indicator < close
SPY,0.007369742623979846,-0.007315826862918539,1999-08-01,132.75,138.78,127.0,132.06,142925900,133.72833333333332,3,0,indicator < close
SPY,0.004613610149942196,-0.0045924225028701315,1999-09-01,132.94,136.62,125.56,128.75,167972700,133.5533333333333,3,0,indicator < close
SPY,0.01929289771246939,-0.01892772701131063,1999-10-01,127.94,137.69,123.44,137.0,196829400,130.40833333333333,3,1,indicator < close
SPY,-0.0252503052503054,0.025904399238400797,1999-11-01,136.5,143.0,134.59,139.28,125042200,133.0533333333333,3,1,indicator < close
SPY,-0.02032637044481141,0.020748104094667125,1999-12-01,139.31,147.56,139.0,146.88,121529300,136.47833333333332,3,1,indicator < close
SPY,-0.03331084879145587,0.03445869724493237,2000-01-01,148.25,148.25,135.0,139.56,156770800,143.31166666666667,3,0,indicator < close
SPY,0.019749552772808522,-0.01936706196056411,2000-02-01,139.75,144.56,132.72,137.44,186938300,142.51,3,0,indicator < close
SPY,0.018032747178220135,-0.01771332722665675,2000-03-01,137.62,155.75,135.03,150.38,247594900,140.10166666666666,3,1,indicator < close
SPY,-0.03926858513189455,0.04087363494539789,2000-04-01,150.12,153.11,133.5,145.09,229246200,144.225,3,1,indicator < close
SPY,-0.0020696870451237834,0.0020739795336965267,2000-05-01,146.56,148.48,136.5,142.81,161024000,146.25666666666666,3,0,indicator < close
SPY,0.01411603683856452,-0.013919547986412161,2000-06-01,143.69,149.16,143.0,145.28,127146000,145.71833333333333,3,0,indicator < close
SPY,-0.0027273560689402873,0.0027348148829086164,2000-07-01,145.44,151.98,141.52,143.0,106780100,145.04333333333332,3,0,indicator < close
SPY,0.004305342802766602,-0.004286886287741396,2000-08-01,143.62,153.09,142.62,152.34,102365500,144.23833333333334,3,1,indicator < close
SPY,-0.029439912996193515,0.030332911264748984,2000-09-01,153.25,153.59,142.12,143.62,113203000,148.73833333333334,3,0,indicator < close
SPY,0.019961186581646768,-0.019570535471595513,2000-10-01,144.28,145.75,130.16,142.95,178392400,147.16,3,0,indicator < close
SPY,0.017644991212653716,-0.017339043934788554,2000-11-01,142.25,144.3,129.75,132.28,156699900,144.76,3,0,indicator < close
SPY,0.036551793177665826,-0.0352628719744068,2000-12-01,133.19,139.56,125.53,131.19,165416700,138.0583333333333,3,0,indicator < close
SPY,0.01594696969696962,-0.01569665560568204,2001-01-01,132.0,138.7,127.56,137.02,181296400,134.105,3,1,indicator < close
SPY,-0.017152929734986576,0.017452287597867575,2001-02-01,137.1,137.99,121.8,123.95,178607000,134.74833333333333,3,0,indicator < close
SPY,0.0457476823861346,-0.043746386587010966,2001-03-01,124.05,127.75,108.04,116.69,318187200,129.725,3,0,indicator < close
SPY,0.05202063628546847,-0.0494483040457702,2001-04-01,116.3,127.27,109.3,126.66,251839700,122.34999999999998,3,1,indicator < close
SPY,-0.02473281628954464,0.025360041537999194,2001-05-01,125.07,132.09,123.44,125.95,208040000,121.97666666666665,3,1,indicator < close
SPY,-0.016059165346011654,0.01632127134113608,2001-06-01,126.2,129.23,120.4,122.6,203578200,124.17333333333333,3,0,indicator < close
SPY,0.01230998914223673,-0.01216029603013933,2001-07-01,122.8,124.32,116.75,121.35,196892900,124.31166666666667,3,0,indicator < close
SPY,0.00804842720887652,-0.007984167220181393,2001-08-01,121.97,123.25,112.04,114.15,269599600,122.95166666666667,3,0,indicator < close
SPY,0.03687600644122387,-0.03556452865351766,2001-09-01,113.85,116.17,93.8,104.44,419156100,118.04833333333333,3,0,indicator < close
SPY,0.060907924286172595,-0.05741113143928511,2001-10-01,103.9,111.79,102.83,105.8,512612000,110.22833333333334,3,0,indicator < close
SPY,0.0028924327704814533,-0.002884090731935362,2001-11-01,106.6,116.9,105.7,114.05,372515000,106.90833333333332,3,1,indicator < close
SPY,-0.03497580290365151,0.036243446546614946,2001-12-01,113.65,118.0,112.0,114.3,308403900,109.67500000000001,3,1,indicator < close
SPY,-0.016549387542350805,0.016827878627269123,2002-01-01,115.11,117.99,108.4,113.18,349380000,113.205,3,0,indicator < close
SPY,0.006779261355262762,-0.006733612436689396,2002-02-01,113.09,113.3,107.82,111.15,424492600,113.85666666666667,3,0,indicator < close
SPY,0.00914488602458535,-0.009062014930889277,2002-03-01,111.72,117.9,111.51,114.52,385578100,112.74166666666667,3,1,indicator < close
SPY,-0.008987714844319976,0.009069226465651814,2002-04-01,114.23,115.1,106.63,107.86,404461000,113.20333333333333,3,0,indicator < close
SPY,0.025115001080546994,-0.024499691306901106,2002-05-01,107.97,111.25,104.9,107.22,452626500,110.68166666666666,3,0,indicator < close
SPY,0.013851277741463575,-0.013662041016824274,2002-06-01,107.09,107.6,95.19,98.96,534883500,108.57333333333334,3,0,indicator < close
SPY,0.04135578409625603,-0.039713405089641655,2002-07-01,99.18,99.8,77.68,91.16,1124248800,103.28166666666668,3,0,indicator < close
SPY,0.06017092136150251,-0.0567558684633882,2002-08-01,90.88,97.15,83.55,91.78,936191200,96.34833333333334,3,0,indicator < close
SPY,0.016073331128990724,-0.015819066042340808,2002-09-01,90.73,93.33,80.9,81.79,1013828600,92.18833333333333,3,0,indicator < close
SPY,0.050649035545311305,-0.04820737832688656,2002-10-01,82.43,91.29,77.07,88.52,1344248100,86.60500000000002,3,1,indicator < close
SPY,-0.017845689492548594,0.01816994468346652,2002-11-01,88.35,94.95,87.45,93.98,818243400,86.77333333333333,3,1,indicator < close
SPY,-0.047624035473621734,0.05000549913846831,2002-12-01,95.47,96.05,87.11,88.23,728285900,90.92333333333333,3,0,indicator < close
SPY,0.023897955355467876,-0.023340172944452453,2003-01-01,88.85,93.86,84.15,86.06,911319900,90.97333333333331,3,0,indicator < close
SPY,0.028538812785387908,-0.027746947835737862,2003-02-01,86.14,86.81,81.0,84.9,862248300,88.59833333333331,3,0,indicator < close
SPY,0.010458206271014308,-0.010349964210404284,2003-03-01,85.26,89.88,79.38,84.74,1156870200,86.15166666666669,3,0,indicator < close
SPY,0.0017790811339200591,-0.0017759216252612362,2003-04-01,85.25,92.8,84.91,91.91,996114200,85.40166666666669,3,1,indicator < close
SPY,-0.036263417464461954,0.03762793497892847,2003-05-01,91.92,97.09,90.5,96.95,881509900,88.58666666666666,3,1,indicator < close
SPY,-0.0401585836836528,0.04183876940606741,2003-06-01,97.53,102.18,96.67,97.63,867970200,93.61333333333334,3,1,indicator < close
SPY,-0.008174807197943463,0.008242185475092029,2003-07-01,97.25,101.9,96.43,99.39,895260500,96.455,3,1,indicator < close
SPY,-0.00930873407937641,0.009396200814111395,2003-08-01,99.19,101.82,96.34,101.44,772702000,98.26666666666665,3,1,indicator < close
SPY,-0.015233503869867633,0.015469153276163647,2003-09-01,101.64,104.7,99.25,99.95,818513400,100.09166666666665,3,0,indicator < close
SPY,0.002909683426443392,-0.0029012417314612533,2003-10-01,100.24,105.97,100.2,105.3,831700900,100.53166666666668,3,1,indicator < close
SPY,-0.02384554767533486,0.024428047855078492,2003-11-01,105.75,106.95,103.62,106.45,630654200,103.22833333333334,3,1,indicator < close
SPY,-0.013742005927312437,0.013933479890556552,2003-12-01,106.85,111.52,105.96,111.28,678350400,105.38166666666666,3,1,indicator < close
SPY,-0.023521866237098,0.024088472054622913,2004-01-01,111.74,116.5,110.73,113.48,737674000,109.11166666666666,3,1,indicator < close
SPY,-0.015787159190853012,0.016040391403422432,2004-02-01,113.7,116.6,112.78,115.02,676976900,111.90500000000002,3,1,indicator < close
SPY,-0.010323717115712231,0.010431408021242107,2004-03-01,115.43,116.97,108.85,113.1,1125003900,114.23833333333334,3,0,indicator < close
SPY,0.00788597034285545,-0.00782426839434312,2004-04-01,113.07,115.41,110.9,110.96,968620900,113.96166666666666,3,0,indicator < close
SPY,0.011163987908174008,-0.011040729339332282,2004-05-01,111.37,113.26,108.06,112.86,981083900,112.61333333333334,3,1,indicator < close
SPY,-0.0023267532159581723,0.0023321796223947718,2004-06-01,112.46,114.94,111.87,114.53,721880400,112.19833333333334,3,1,indicator < close
SPY,-0.009423778264040858,0.009513430725730455,2004-07-01,114.25,114.4,108.21,110.84,954619200,113.17333333333333,3,0,indicator < close
SPY,0.015715279668451484,-0.015472130805771917,2004-08-01,110.19,111.63,106.59,111.11,922892000,111.92166666666667,3,0,indicator < close
SPY,0.00267387712182665,-0.002666746569185595,2004-09-01,110.95,113.74,110.41,111.76,790891900,111.24666666666667,3,1,indicator < close
SPY,-0.006963002553595689,0.0070118259153496365,2004-10-01,112.26,114.68,109.35,113.2,1044071300,111.47833333333335,3,1,indicator < close
SPY,-0.007646471762357566,0.0077053908156473425,2004-11-01,113.56,119.14,113.2,117.89,961601700,112.69166666666668,3,1,indicator < close
SPY,-0.021298803881742264,0.021762315164442388,2004-12-01,118.16,121.66,117.73,120.87,909170200,115.64333333333333,3,1,indicator < close
SPY,-0.020291762641219832,0.020712046574115676,2005-01-01,121.56,121.76,116.37,118.16,1184211500,119.09333333333332,3,0,indicator < close
SPY,0.009203664552501684,-0.00911972962026723,2005-02-01,118.25,121.67,118.1,120.63,1025608400,119.33833333333332,3,1,indicator < close
SPY,-0.006069635270098778,0.006106700716149456,2005-03-01,120.82,123.25,116.25,117.96,1330548800,120.08666666666666,3,0,indicator < close
SPY,0.005619713956559651,-0.005588309257034324,2005-04-01,118.63,119.26,113.55,115.75,1633318500,119.29666666666667,3,0,indicator < close
SPY,0.014172482122856864,-0.013974429766809635,2005-05-01,116.07,120.25,114.8,119.48,1334647300,117.71499999999999,3,1,indicator < close
SPY,-0.010862896028558788,0.010982194465199666,2005-06-01,119.52,121.94,118.75,119.18,1089322900,118.22166666666665,3,1,indicator < close
SPY,-0.004520719966513119,0.004541249684635372,2005-07-01,119.45,124.64,118.26,123.74,1176306400,118.91000000000001,3,1,indicator < close
SPY,-0.017591321435300924,0.017906317217190992,2005-08-01,123.83,124.74,120.38,122.58,1306564800,121.65166666666669,3,1,indicator < close
SPY,-0.0006121449559254704,0.0006125199068968812,2005-09-01,122.52,124.74,120.44,123.04,1287005000,122.44500000000001,3,1,indicator < close
SPY,-1.3554543482963167e-05,1.3554727211102548e-05,2005-10-01,122.96,123.34,116.88,120.13,1784566400,122.95833333333333,3,0,indicator < close
SPY,0.009260795046165818,-0.009175819660905592,2005-11-01,120.58,127.41,120.13,125.41,1183732800,121.69666666666667,3,1,indicator < close
SPY,-0.01843622705390671,0.01878250559163537,2005-12-01,126.02,128.09,124.36,124.51,1073146800,123.69666666666667,3,1,indicator < close
SPY,-0.0039273637404478,0.003942848741629747,2006-01-01,125.19,129.44,124.39,127.5,1233910800,124.69833333333334,3,1,indicator < close
SPY,-0.009205653783967115,0.009291185218329771,2006-02-01,127.82,130.04,125.4,128.23,1145244400,126.64333333333332,3,1,indicator < close
SPY,-0.0064411612234319396,0.006482918748288072,2006-03-01,128.6,131.47,127.18,129.83,1350777100,127.77166666666665,3,1,indicator < close
SPY,-0.006650265241792732,0.006694787353430444,2006-04-01,130.07,131.86,128.02,131.47,1300327900,129.205,3,1,indicator < close
SPY,-0.0071879516239445745,0.007239992338632394,2006-05-01,131.47,132.8,124.76,127.51,1752747100,130.525,3,0,indicator < close
SPY,0.01422253624326164,-0.014023092304715223,2006-06-01,127.38,129.43,122.34,127.28,2163829300,129.19166666666666,3,0,indicator < close
SPY,0.005153155981061495,-0.005126737105085095,2006-07-01,127.43,128.14,122.39,127.85,1691301400,128.08666666666667,3,0,indicator < close
SPY,0.0002879430396313942,-0.000287860152304151,2006-08-01,127.34,131.04,126.28,130.64,1420345400,127.37666666666667,3,1,indicator < close
SPY,-0.01437395150221131,0.014583575103477553,2006-09-01,131.14,133.99,129.35,133.58,1363687900,129.255,3,1,indicator < close
SPY,-0.01372872048325082,0.013919821826280479,2006-10-01,133.54,139.0,132.65,137.79,1443344100,131.70666666666668,3,1,indicator < close
SPY,-0.01982346983070474,0.02022438736344855,2006-11-01,138.22,141.16,135.62,140.53,1502059900,135.48,3,1,indicator < close
SPY,-0.013769301928413878,0.013961542624192809,2006-12-01,140.53,143.24,138.97,141.62,1212756800,138.595,3,1,indicator < close
SPY,-0.008752196836555393,0.008829474132123007,2007-01-01,142.25,144.13,140.25,143.75,1330329900,141.005,3,1,indicator < close
SPY,-0.008579026477049454,0.008653263049867138,2007-02-01,144.15,146.42,139.0,140.93,1494548900,142.91333333333333,3,0,indicator < close
SPY,0.014987321180804578,-0.014766018124609473,2007-03-01,139.34,143.81,136.75,142.0,2918304400,141.4283333333333,3,1,indicator < close
SPY,-0.004279215906959202,0.004297606292166488,2007-04-01,142.16,149.8,141.48,148.29,1791289900,141.55166666666668,3,1,indicator < close
SPY,-0.02425549117369623,0.024858444966164857,2007-05-01,148.42,153.89,147.67,153.32,2508178000,144.82,3,1,indicator < close
SPY,-0.024521271986829612,0.025137679872091007,2007-06-01,153.88,154.4,148.06,150.43,3502885400,150.10666666666665,3,1,indicator < close
SPY,0.003943792669185384,-0.003928300267388498,2007-07-01,150.87,155.53,145.04,145.72,3988676200,151.465,3,0,indicator < close
SPY,0.023051843688294972,-0.022532429642264,2007-08-01,145.18,150.59,137.0,147.59,6195918600,148.52666666666667,3,0,indicator < close
SPY,-0.00126596586413474,0.0012675705652006662,2007-09-01,147.45,154.39,144.33,152.58,2967009200,147.26333333333332,3,1,indicator < close
SPY,-0.019353429445172658,0.019735376665033284,2007-10-01,152.6,157.52,148.66,154.65,3850069600,149.64666666666665,3,1,indicator < close
SPY,-0.007850044577815376,0.00791215535001963,2007-11-01,153.29,153.41,140.66,148.66,5472709900,152.08666666666667,3,0,indicator < close
SPY,0.016431608070720038,-0.016165975103734454,2007-12-01,148.19,152.89,143.96,146.21,3293787500,150.625,3,0,indicator < close
SPY,0.011465228963352262,-0.01133526752580802,2008-01-01,146.53,146.99,126.0,137.37,6106834300,148.21,3,0,indicator < close
SPY,0.03314242907544337,-0.03207924497409563,2008-02-01,137.94,139.61,131.73,133.82,4151028600,142.51166666666666,3,0,indicator < close
SPY,0.028779229883330915,-0.027974155238918105,2008-03-01,133.14,135.81,126.07,131.97,5462121800,136.97166666666666,3,0,indicator < close
SPY,0.004228725394805548,-0.004210918576485704,2008-04-01,133.61,140.59,132.33,138.26,4014652600,134.17499999999998,3,1,indicator < close
SPY,-0.017801223683576662,0.018123850398528547,2008-05-01,138.38,144.3,137.52,140.35,3646997000,135.91666666666666,3,1,indicator < close
SPY,-0.010870342558821498,0.010989805509363099,2008-06-01,139.83,140.89,127.04,127.98,5408930000,138.31,3,0,indicator < close
SPY,0.05069027294762363,-0.04824473420260788,2008-07-01,126.52,129.16,120.02,126.83,7156206800,132.93333333333334,3,0,indicator < close
SPY,0.01509072792112431,-0.014866383374449368,2008-08-01,127.12,131.51,124.76,128.79,4344355500,129.03833333333333,3,0,indicator < close
SPY,-0.011958778743366968,0.012103522086009004,2008-09-01,130.03,130.71,110.53,115.99,8105188900,128.475,3,0,indicator < close
SPY,0.05981608397675033,-0.056440060573814184,2008-10-01,115.27,116.69,83.58,96.83,11882352200,122.165,3,0,indicator < close
SPY,0.12094441000206667,-0.10789510070516671,2008-11-01,96.78,100.86,74.34,90.09,8762237000,108.48500000000001,3,0,indicator < close
SPY,0.08818039843065556,-0.08103472416690004,2008-12-01,87.51,92.43,81.86,90.24,6919927700,95.22666666666667,3,0,indicator < close
SPY,0.0008845643520565933,-0.0008837825894829684,2009-01-01,90.44,94.45,80.05,82.83,6872039400,90.52,3,0,indicator < close
SPY,0.04838380123411375,-0.046150847787955473,2009-02-01,81.57,87.74,73.81,73.93,7275092500,85.51666666666665,3,0,indicator < close
SPY,0.08278176135318989,-0.07645285902279574,2009-03-01,72.52,83.3,67.1,79.52,8813959700,78.52333333333333,3,1,indicator < close
SPY,-0.0190585338936288,0.019428818693206444,2009-04-01,78.53,89.02,78.33,87.42,6023006600,77.03333333333333,3,1,indicator < close
SPY,-0.062404696553827355,0.06655824354543602,2009-05-01,87.44,93.7,86.72,92.53,5195735600,81.98333333333333,3,1,indicator < close
SPY,-0.04910857264866028,0.05164477377343672,2009-06-01,93.67,96.11,88.85,91.95,5054855000,89.07,3,1,indicator < close
SPY,-0.004043029384160159,0.0040594418267489935,2009-07-01,92.34,99.83,87.0,98.81,4295844600,91.96666666666665,3,1,indicator < close
SPY,-0.03538641295276246,0.03668454749956738,2009-08-01,99.85,104.35,98.11,102.46,3957574800,96.31666666666666,3,1,indicator < close
SPY,-0.02257642635278741,0.023097894261486326,2009-09-01,101.95,108.06,99.57,105.59,3777956700,99.64833333333333,3,1,indicator < close
SPY,-0.00849514563106796,0.008567931456548347,2009-10-01,103.0,110.31,101.99,103.56,4481700800,102.125,3,1,indicator < close
SPY,-0.007106501488524048,0.007157365315794653,2009-11-01,104.13,111.74,103.08,109.94,3430866200,103.38999999999999,3,1,indicator < close
SPY,-0.03230556557278528,0.033384056395764194,2009-12-01,110.92,113.03,109.02,111.44,2883885800,107.33666666666666,3,1,indicator < close
SPY,-0.016522796713239023,0.016800386077094793,2010-01-01,112.37,115.14,107.22,107.39,3706842300,110.51333333333334,3,0,indicator < close
SPY,0.0172753891200495,-0.016982018148490582,2010-02-01,108.15,111.58,104.58,110.74,4451912400,110.01833333333336,3,1,indicator < close
SPY,-0.007389088729016839,0.007444093798601832,2010-03-01,111.2,118.17,111.17,117.0,3899688500,110.37833333333333,3,1,indicator < close
SPY,-0.032328805885681856,0.03340887491775705,2010-04-01,117.8,122.12,117.1,118.81,3887089700,113.99166666666667,3,1,indicator < close
SPY,-0.015831797621041938,0.01608647544471858,2010-05-01,119.38,120.68,104.38,109.37,7413878800,117.49000000000001,3,0,indicator < close
SPY,0.04846946623596356,-0.04622878185472618,2010-06-01,108.35,113.2,102.88,103.22,5706059600,113.60166666666665,3,0,indicator < close
SPY,0.04302795281951835,-0.04125292395396018,2010-07-01,103.15,112.29,101.13,110.27,4725402000,107.58833333333332,3,1,indicator < close
SPY,-0.031729023424710616,0.03276874365989372,2010-08-01,111.99,113.18,104.29,105.31,4541971600,108.43666666666665,3,0,indicator < close
SPY,0.010837315344014354,-0.010721127108694174,2010-09-01,106.73,115.79,106.66,114.13,4035642500,107.88666666666666,3,1,indicator < close
SPY,-0.028292315273791897,0.02911607648936485,2010-10-01,114.99,119.76,113.18,118.49,3767490800,111.73666666666666,3,1,indicator < close
SPY,-0.028694605414182176,0.02954231035277846,2010-11-01,119.07,122.95,117.59,118.49,3983708900,115.65333333333332,3,1,indicator < close
SPY,-0.01035773710482533,0.010466142658988731,2010-12-01,120.2,126.2,120.19,125.75,2722749900,118.955,3,1,indicator < close
SPY,-0.027174913845263424,0.027934018388317966,2011-01-01,126.71,130.35,125.7,128.68,2860314700,123.26666666666667,3,1,indicator < close
SPY,-0.019002008342345188,0.019370078740157542,2011-02-01,129.46,134.69,129.38,133.15,2820073500,127.0,3,1,indicator < close
SPY,-0.01881660053405218,0.01917745504489165,2011-03-01,133.57,133.69,125.28,132.59,4787459400,131.05666666666664,3,1,indicator < close
SPY,-0.004534892436848736,0.0045555513723127125,2011-04-01,133.41,136.57,129.51,136.43,2812718500,132.805,3,1,indicator < close
SPY,-0.013156294837187874,0.01333169048792515,2011-05-01,137.07,137.18,131.38,134.9,3337607300,135.26666666666665,3,0,indicator < close
SPY,0.004981042301687514,-0.004956354490309125,2011-06-01,134.51,134.92,126.19,131.97,4710433400,135.17999999999998,3,0,indicator < close
SPY,0.012390541802306428,-0.012238895258985912,2011-07-01,132.09,135.7,127.97,129.33,3840768000,133.72666666666666,3,0,indicator < close
SPY,0.007859472128808742,-0.007798182530554487,2011-08-01,130.84,130.96,110.27,122.22,9050451800,131.86833333333334,3,0,indicator < close
SPY,0.03666148772044583,-0.03536495582667217,2011-09-01,122.29,123.4,111.3,113.15,6188283200,126.77333333333333,3,0,indicator < close
SPY,0.0562272201973509,-0.05323401927366076,2011-10-01,112.49,129.42,107.43,125.5,5721102000,118.815,3,1,indicator < close
SPY,-0.0257040618427163,0.026382191319950687,2011-11-01,122.03,128.02,116.2,124.99,5013586000,118.89333333333333,3,1,indicator < close
SPY,-0.024028834601521942,0.024620434961017765,2011-12-01,124.85,127.26,120.03,125.5,3848636100,121.84999999999998,3,1,indicator < close
SPY,-0.015067313713212361,0.015297810625024924,2012-01-01,127.76,133.4,126.43,131.32,2883821400,125.835,3,1,indicator < close
SPY,-0.020787663466626354,0.021228964026555504,2012-02-01,132.29,138.19,132.13,137.02,2894582000,129.54,3,1,indicator < close
SPY,-0.023778311849100682,0.024357491887052968,2012-03-01,137.31,141.83,134.36,140.81,3057516200,134.045,3,1,indicator < close
SPY,-0.017787732271520657,0.018109865714320175,2012-04-01,140.64,142.21,135.76,139.87,3035644100,138.13833333333332,3,1,indicator < close
SPY,-0.000929966378138604,0.0009308320206214769,2012-05-01,139.79,141.66,129.55,131.47,4004156100,139.66,3,0,indicator < close
SPY,0.04119980423975487,-0.03956954666336825,2012-06-01,129.41,136.27,127.14,136.1,3644886200,134.74166666666667,3,1,indicator < close
SPY,-0.013225381008206381,0.013402635975496619,2012-07-01,136.48,139.34,132.6,137.71,2864743300,134.67499999999998,3,1,indicator < close
SPY,-0.016498437875510648,0.01677520251200406,2012-08-01,138.7,143.09,135.58,141.16,2413590900,136.41166666666666,3,1,indicator < close
SPY,-0.010918888258649973,0.011039426523297435,2012-09-01,141.04,148.11,140.13,143.97,2391233500,139.5,3,1,indicator < close
SPY,-0.014738444505950701,0.014958915654189164,2012-10-01,144.52,147.16,140.39,141.35,2719915500,142.39000000000001,3,0,indicator < close
SPY,0.006036004235792574,-0.005999789481070966,2012-11-01,141.65,143.72,134.7,142.15,3032769100,142.50500000000002,3,0,indicator < close
SPY,-0.0006769374416433053,0.000677395996356058,2012-12-01,142.8,145.58,139.54,142.41,2889875900,142.70333333333335,3,0,indicator < close
SPY,-0.009280316082052676,0.009367247095921518,2013-01-01,145.11,150.94,144.73,149.7,2587140200,143.76333333333335,3,1,indicator < close
SPY,-0.02094258214404249,0.021390555612054652,2013-02-01,150.65,153.28,148.73,151.61,2581459300,147.495,3,1,indicator < close
SPY,-0.007567233657643236,0.007624933309621086,2013-03-01,151.09,156.85,150.41,156.67,2330972300,149.9466666666667,3,1,indicator < close
SPY,-0.018030099836089938,0.018361153262518904,2013-04-01,156.59,159.72,153.55,159.68,2907035000,153.76666666666668,3,1,indicator < close
SPY,-0.014351764681269629,0.014560736951584639,2013-05-01,159.33,169.07,158.1,163.45,2781596000,157.04333333333332,3,1,indicator < close
SPY,-0.016521190665120415,0.016798725613919013,2013-06-01,163.83,165.99,155.73,160.42,3533321800,161.12333333333333,3,0,indicator < close
SPY,0.0033176237132580715,-0.0033066534812571254,2013-07-01,161.26,169.86,160.22,168.71,2330904500,161.795,3,1,indicator < close
SPY,-0.023158224993627078,0.023707242652962906,2013-08-01,169.99,170.97,163.05,163.65,2283131700,166.05333333333334,3,0,indicator < close
SPY,0.0055982569751256515,-0.005567090969275745,2013-09-01,165.23,173.6,163.7,168.01,2226749600,166.155,3,1,indicator < close
SPY,-0.003935212719559069,0.003950759799775066,2013-10-01,168.14,177.51,164.53,175.79,2901739000,167.47833333333332,3,1,indicator < close
SPY,-0.025139188728553474,0.02578746466971638,2013-11-01,176.02,181.75,174.76,181.0,1930952900,171.59500000000003,3,1,indicator < close
SPY,-0.0212509433614961,0.021712351309417437,2013-12-01,181.09,184.69,177.32,184.69,2232775900,177.24166666666667,3,1,indicator < close
SPY,-0.012447005109251117,0.012603885739446425,2014-01-01,183.98,184.94,176.88,178.18,2530650900,181.68999999999997,3,0,indicator < close
SPY,0.01417841958382503,-0.013980202408214563,2014-02-01,177.97,187.15,173.71,186.29,2394184600,180.49333333333334,3,1,indicator < close
SPY,-0.012663597797635345,0.01282602137365519,2014-03-01,184.65,189.02,183.75,187.01,2554084300,182.31166666666664,3,1,indicator < close
SPY,-0.013848914472515345,0.014043400322484731,2014-04-01,187.62,189.7,181.31,188.31,2345902000,185.02166666666668,3,1,indicator < close
SPY,-0.004223780682180512,0.0042416966786715535,2014-05-01,188.22,192.8,186.01,192.68,1781093800,187.42499999999998,3,1,indicator < close
SPY,-0.01277533039647579,0.012940651494868382,2014-06-01,192.95,196.6,191.97,195.72,1675047300,190.48499999999999,3,1,indicator < close
SPY,-0.01230037376826379,0.012453557176276433,2014-07-01,196.2,199.06,192.97,193.09,1893710200,193.78666666666663,3,0,indicator < close
SPY,0.006638623459354674,-0.0065948427813556105,2014-08-01,192.56,200.82,190.55,200.71,1829885000,193.83833333333334,3,1,indicator < close
SPY,-0.017904828249655814,0.018231255752683157,2014-09-01,200.97,201.9,196.05,197.02,2106462700,197.37166666666667,3,0,indicator < close
SPY,0.0037281816641246573,-0.0037143339523889253,2014-10-01,196.7,201.82,181.92,201.66,3943068000,197.4333333333333,3,1,indicator < close
SPY,-0.00940141310089794,0.009490638514160859,2014-11-01,201.92,207.87,200.06,207.2,1571091800,200.02166666666668,3,1,indicator < close
SPY,-0.015067829457364406,0.015298342269664094,2014-12-01,206.4,212.97,197.86,205.54,3045171000,203.29,3,1,indicator < close
SPY,-0.003569467325645171,0.003582254064480494,2015-01-01,206.38,206.88,198.55,199.45,3183506000,205.64333333333335,3,0,indicator < close
SPY,0.015837707239856648,-0.015590784952145012,2015-02-01,200.05,212.24,197.86,210.66,1901638100,203.21833333333333,3,1,indicator < close
SPY,-0.020447860328304267,0.020874703346733053,2015-03-01,210.78,212.06,204.12,206.43,2749923000,206.47000000000003,3,0,indicator < close
SPY,0.0019703797018589386,-0.001966504940440689,2015-04-01,206.39,212.48,204.51,208.46,2036685200,206.79666666666665,3,1,indicator < close
SPY,-0.003693091372174501,0.0037067808525596308,2015-05-01,209.4,213.78,206.76,211.14,1892519900,208.62666666666667,3,1,indicator < close
SPY,-0.008359284074109066,0.008429750755346946,2015-06-01,211.94,213.34,205.28,205.85,2535242600,210.16833333333332,3,0,indicator < close
SPY,0.008095444407002569,-0.008030434471177078,2015-07-01,207.73,213.18,204.11,210.5,2452758000,209.41166666666663,3,1,indicator < close
SPY,-0.0031518261585733883,0.003161791575970489,2015-08-01,210.46,211.31,182.4,197.67,3734926900,209.79666666666665,3,0,indicator < close
SPY,0.042538318144159086,-0.04080264236223212,2015-09-01,193.12,202.89,186.93,191.63,3279512900,201.335,3,0,indicator < close
SPY,0.01775301957517699,-0.017443347485804884,2015-10-01,192.08,209.44,189.12,207.93,2536184400,195.49,3,1,indicator < close
SPY,-0.038146441372247784,0.03965930263508114,2015-11-01,208.32,211.66,202.18,208.69,1924512800,200.37333333333333,3,1,indicator < close
SPY,-0.01559714795008919,0.01584427342689006,2015-12-01,209.44,211.0,199.83,203.87,2924882300,206.17333333333332,3,0,indicator < close
SPY,0.02138926297238429,-0.020941343078287874,2016-01-01,200.49,201.9,181.02,193.72,3712950900,204.77833333333334,3,0,indicator < close
SPY,0.028419813362419843,-0.027634447521485635,2016-02-01,192.53,196.68,181.09,193.56,2920730800,198.0016666666667,3,0,indicator < close
SPY,0.00044442165359044725,-0.00044422423072326423,2016-03-01,195.01,206.87,194.45,205.52,2323306500,195.09666666666666,3,1,indicator < close
SPY,-0.02487562189054731,0.025510204081632702,2016-04-01,204.35,210.92,203.09,206.33,1910635600,199.26666666666665,3,1,indicator < close
SPY,-0.013733165796765128,0.01392439177766694,2016-05-01,206.92,210.69,202.78,209.84,1828530900,204.07833333333335,3,1,indicator < close
SPY,-0.007308403468502945,0.0073622094656978975,2016-06-01,209.12,212.52,198.65,209.48,2612406900,207.59166666666667,3,1,indicator < close
SPY,-0.002609636560371783,0.0026164645820038984,2016-07-01,209.48,217.54,207.06,217.12,1648453700,208.9333333333333,3,1,indicator < close
SPY,-0.018025691790598188,0.018356581877857325,2016-08-01,217.19,219.6,214.25,217.38,1519703200,213.27499999999998,3,1,indicator < close
SPY,-0.006325619910751253,0.0063658880992615565,2016-09-01,217.37,219.22,212.31,216.3,2292393000,215.995,3,1,indicator < close
SPY,0.0034519506996572745,-0.0034400757278416775,2016-10-01,215.82,216.7,211.21,212.55,1725687400,216.56500000000003,3,0,indicator < close
SPY,0.007999499052896816,-0.007936014909147316,2016-11-01,212.93,221.82,208.38,220.38,2073824400,214.63333333333333,3,1,indicator < close
SPY,-0.01548649179238595,0.015730095791758464,2016-12-01,220.73,228.34,219.15,223.53,1821910200,217.31166666666664,3,1,indicator < close
SPY,-0.015352826164237398,0.015592210664079174,2017-01-01,225.04,229.71,223.88,227.53,1482408500,221.585,3,1,indicator < close
SPY,-0.008628898753277853,0.008704004728830986,2017-02-01,227.53,237.31,226.82,236.47,1365136600,225.5666666666667,3,1,indicator < close
SPY,-0.02451864591635555,0.025134920122986945,2017-03-01,238.39,240.32,231.61,235.74,1921474100,232.545,3,1,indicator < close
SPY,-0.002184054283290987,0.002188834817349235,2017-04-01,235.8,239.53,232.51,238.08,1549613700,235.285,3,1,indicator < close
SPY,-0.004224624322663626,0.004242547491988335,2017-05-01,238.68,242.08,235.43,241.44,1492547000,237.67166666666665,3,1,indicator < close
SPY,-0.00878208042319284,0.008859888678104489,2017-06-01,241.97,245.01,239.96,241.8,1572753000,239.84500000000003,3,1,indicator < close
SPY,-0.004130983750548956,0.004148119565067584,2017-07-01,242.88,248.0,240.34,246.77,1055908800,241.87666666666667,3,1,indicator < close
SPY,-0.00986691451817127,0.009965240696274413,2017-08-01,247.46,248.91,241.83,247.49,1557031500,245.01833333333335,3,1,indicator < close
SPY,-0.004006668817898271,0.004022786792300033,2017-09-01,247.92,251.32,244.95,251.23,1286405100,246.92666666666665,3,1,indicator < close
SPY,-0.007402547483664077,0.007457753860739682,2017-10-01,251.49,257.89,251.29,257.15,1320624600,249.62833333333333,3,1,indicator < close
SPY,-0.014997674779104141,0.015226029822559835,2017-11-01,258.04,266.05,255.63,265.01,1365620900,254.17,3,1,indicator < close
SPY,-0.01681396988467538,0.017101514229919595,2017-12-01,264.76,268.6,260.76,266.86,1715222900,260.30833333333334,3,1,indicator < close
SPY,-0.00993130227001183,0.01003092239233716,2018-01-01,267.84,286.63,267.4,281.9,1985506700,265.18,3,1,indicator < close
SPY,-0.02536141649173989,0.026021354911325394,2018-02-01,281.07,283.06,252.92,271.65,2923722000,273.94166666666666,3,0,indicator < close
SPY,0.00967171438045761,-0.009579068367179373,2018-03-01,271.41,280.41,257.83,263.15,2323561800,274.035,3,0,indicator < close
SPY,0.02300514187773765,-0.022487806694218026,2018-04-01,262.55,271.3,254.67,264.51,1998466500,268.59000000000003,3,0,indicator < close
SPY,0.0030949583759679496,-0.0030854091630355246,2018-05-01,263.87,274.25,259.05,270.94,1606397200,264.68666666666667,3,1,indicator < close
SPY,-0.016482507984288422,0.016758733950432998,2018-06-01,272.41,279.48,268.49,271.28,1599001000,267.92,3,1,indicator < close
SPY,9.894499894883032e-05,-9.89352098046002e-05,2018-07-01,269.51,284.37,269.24,281.33,1266892500,269.5366666666667,3,1,indicator < close
SPY,-0.01968200975517342,0.020077168787097335,2018-08-01,281.56,291.74,279.16,290.31,1308443700,276.0183333333334,3,1,indicator < close
SPY,-0.021212853068359485,0.02167259054724899,2018-09-01,289.84,293.94,286.71,290.72,1228103300,283.69166666666666,3,1,indicator < close
SPY,-0.008609770292013236,0.008684542205493832,2018-10-01,292.11,293.21,259.85,270.63,3024345800,289.595,3,0,indicator < close
SPY,0.03636475208640156,-0.03508875809717797,2018-11-01,271.6,281.22,263.07,275.65,2021061200,281.4766666666667,3,0,indicator < close
SPY,-0.003288378288378137,0.0032992273961159474,2018-12-01,280.28,280.4,233.76,249.92,3102780500,279.35833333333335,3,0,indicator < close
SPY,0.0638398785809145,-0.060008916629514096,2019-01-01,245.98,270.47,243.67,269.93,2048691700,261.68333333333334,3,1,indicator < close
SPY,-0.02357332346227386,0.0241424410339357,2019-02-01,270.15,281.31,267.83,278.68,1371716300,263.7816666666667,3,1,indicator < close
SPY,-0.032710502543621976,0.03381666257065623,2019-03-01,280.44,285.18,272.42,282.48,1678081300,271.26666666666665,3,1,indicator < close
SPY,-0.013505444327362231,0.013690338430863,2019-04-01,284.7,294.45,284.4,294.02,1209204700,280.85499999999996,3,1,indicator < close
SPY,-0.01940825190010867,0.01979238754325269,2019-05-01,294.72,294.95,275.24,275.27,1845593200,289.0,3,0,indicator < close
SPY,0.029185282045694035,-0.02835765586122933,2019-06-01,275.31,296.31,273.09,293.0,1340435600,283.345,3,1,indicator < close
SPY,-0.025111230955912056,0.025758047228848974,2019-07-01,296.68,302.23,294.33,297.43,1110102300,289.23,3,1,indicator < close
SPY,-0.013513664874551905,0.013698785673329593,2019-08-01,297.6,300.87,281.72,292.45,2034004800,293.5783333333334,3,0,indicator < close
SPY,0.011569214532355985,-0.011436898598880734,2019-09-01,290.57,302.63,289.27,296.77,1303830000,293.9316666666667,3,1,indicator < close
SPY,-0.008105505922393213,0.008171742025779439,2019-10-01,297.74,304.55,284.82,303.33,1386748300,295.32666666666665,3,1,indicator < close
SPY,-0.015692640692640775,0.015942825728422295,2019-11-01,304.92,315.48,304.74,314.31,1037123500,300.135,3,1,indicator < close
SPY,-0.019173103616347113,0.019547897480217045,2019-12-01,314.59,323.8,307.13,321.86,1285175800,308.55833333333334,3,1,indicator < close
SPY,-0.01881271764439235,0.019173421815280048,2020-01-01,323.54,332.95,320.36,321.73,1392003800,317.4533333333333,3,1,indicator < close
SPY,-0.004319364981186476,0.004338102830637919,2020-02-01,323.35,339.08,285.54,296.26,2110214900,321.9533333333334,3,0,indicator < close
SPY,0.042257693124532,-0.04054438110967527,2020-03-01,298.21,313.84,218.26,257.75,5926017600,310.81166666666667,3,0,indicator < close
SPY,0.11817485281071069,-0.10568548605225682,2020-04-01,247.98,294.88,243.9,290.48,2819312300,277.285,3,1,indicator < close
SPY,-0.036077716635706254,0.03742803466456585,2020-05-01,285.31,306.84,272.99,304.32,1910460500,275.01666666666665,3,1,indicator < close
SPY,-0.05064444590826252,0.05334613116232812,2020-06-01,303.62,323.41,296.74,308.36,2358674500,288.24333333333334,3,1,indicator < close
SPY,-0.019467864026445205,0.019854386523615437,2020-07-01,309.57,327.23,309.07,326.52,1505145300,303.54333333333335,3,1,indicator < close
SPY,-0.03157488628979859,0.032604365420501984,2020-08-01,328.32,351.3,327.73,349.31,1045563300,317.9533333333333,3,1,indicator < close
SPY,-0.04017589446332199,0.041857559350270704,2020-09-01,350.21,358.75,319.8,334.89,1814712700,336.14,3,0,indicator < close
SPY,0.007733917695717015,-0.007674563255151102,2020-10-01,337.69,354.02,322.6,326.54,1629016100,340.3016666666667,3,0,indicator < close
SPY,0.017661013527155208,-0.017354515199460317,2020-11-01,330.2,364.38,327.24,362.06,1535244300,336.03166666666664,3,1,indicator < close
SPY,-0.04496174923179312,0.0470784800458276,2020-12-01,365.57,378.46,362.03,373.88,1344541500,349.1333333333334,3,1,indicator < close
SPY,-0.028682955423516523,0.029529962007433887,2021-01-01,375.31,385.85,364.82,370.07,1402265400,364.545,3,1,indicator < close
SPY,-0.0022164543865281997,0.002221377969472775,2021-02-01,373.72,394.17,370.38,380.36,1307806200,372.8916666666667,3,1,indicator < close
SPY,-0.014704738193417773,0.014924194567277213,2021-03-01,385.59,398.12,371.88,396.33,2401715800,379.92,3,1,indicator < close
SPY,-0.021042503346720195,0.021494807914191682,2021-04-01,398.4,420.72,398.18,417.3,1462106600,390.01666666666665,3,1,indicator < close
SPY,-0.030159979019145113,0.031097890751757794,2021-05-01,419.43,422.82,404.0,420.04,1547235900,406.78,3,1,indicator < close
SPY,-0.012009844522800794,0.01215583420160704,2021-06-01,422.57,428.78,414.7,428.06,1282152400,417.49500000000006,3,1,indicator < close
SPY,-0.008565144060748688,0.00863913953543056,2021-07-01,428.87,441.8,421.97,438.51,1422104700,425.1966666666667,3,1,indicator < close
SPY,-0.015408547940227934,0.015649686890936487,2021-08-01,440.34,453.07,436.1,451.56,1254001400,433.555,3,1,indicator < close
SPY,-0.017725089859171483,0.01804493800684601,2021-09-01,452.56,454.05,428.78,429.14,1745559600,444.53833333333336,3,0,indicator < close
SPY,0.02031030055532352,-0.01990600363856882,2021-10-01,430.98,459.56,426.36,459.25,1508665200,439.73333333333335,3,1,indicator < close
SPY,-0.024035049605329855,0.024626959805892957,2021-11-01,460.3,473.54,455.3,455.56,1335351500,449.2366666666667,3,1,indicator < close
SPY,-0.012036796349247621,0.012183446007674048,2021-12-01,461.64,479.0,448.92,474.96,1927433900,456.0833333333333,3,1,indicator < close
SPY,-0.01585835257890687,0.01611389236545684,2022-01-01,476.3,479.98,420.76,449.91,2485167800,468.74666666666667,3,0,indicator < close
SPY,0.02300227803911116,-0.022485070202582426,2022-02-01,450.68,458.12,410.64,436.63,2297975100,461.0466666666666,3,0,indicator < close
SPY,0.027790547995586685,-0.027039116140719768,2022-03-01,435.04,462.07,415.12,451.64,2380929500,447.13000000000005,3,1,indicator < close
SPY,-0.0144014765465869,0.014611909620284271,2022-04-01,453.31,457.83,411.21,412.0,1856757400,446.7816666666667,3,0,indicator < close
SPY,0.042650520542626226,-0.04090586414365346,2022-05-01,412.07,429.66,380.54,412.93,2418478100,429.645,3,0,indicator < close
SPY,0.012822056828126607,-0.012659733012017607,2022-06-01,415.17,417.44,362.17,377.25,1958611900,420.49333333333334,3,0,indicator < close
SPY,0.049894660434813456,-0.04752349194170547,2022-07-01,376.56,413.03,371.04,411.99,1437748400,395.34833333333336,3,1,indicator < close
SPY,-0.02409874129292439,0.024693831551003066,2022-08-01,409.15,431.73,395.04,395.18,1443394400,399.28999999999996,3,0,indicator < close
SPY,0.006867910441429722,-0.006821063984866398,2022-09-01,392.89,411.73,357.04,357.18,1998908600,395.5883333333333,3,0,indicator < close
SPY,0.051553672316384205,-0.04902619207521829,2022-10-01,361.08,389.52,348.11,386.21,2024732000,379.695,3,1,indicator < close
SPY,-0.023653902018078887,0.02422696425680485,2022-11-01,390.14,407.68,368.79,407.68,1745985300,380.9116666666667,3,1,indicator < close
SPY,-0.03463642961404532,0.03587915545663028,2022-12-01,408.77,410.49,374.77,382.43,1735973600,394.6116666666667,3,0,indicator < close
SPY,0.023662096417514298,-0.023115143659537624,2023-01-01,384.37,408.16,377.83,406.48,1575450100,393.465,3,1,indicator < close
SPY,-0.015679112887967604,0.015928863334364107,2023-02-01,405.21,418.31,393.64,396.26,1603094700,398.8566666666666,3,0,indicator < close
SPY,0.0036080692614415912,-0.003595097899219544,2023-03-01,395.41,409.7,380.65,409.39,2515995800,396.83666666666664,3,1,indicator < close
SPY,-0.012441400676694879,0.012598139173938615,2023-04-01,408.85,415.94,403.78,415.93,1395780500,403.7633333333333,3,1,indicator < close
SPY,-0.013358365224925877,0.013539227166276233,2023-05-01,415.47,422.58,403.74,417.85,1780909100,409.9200000000001,3,1,indicator < close
SPY,-0.005772281885080482,0.00580579456789323,2023-06-01,418.09,444.3,416.79,443.28,1749901500,415.6766666666667,3,1,indicator < close
SPY,-0.029015774105180817,0.02988284807453084,2023-07-01,442.92,459.44,437.06,457.79,1374698500,430.0683333333333,3,1,indicator < close
SPY,-0.023699417742418596,0.02427471433809499,2023-08-01,456.27,457.25,433.01,450.35,1754892500,445.45666666666665,3,1,indicator < close
SPY,-0.0014895072489351778,0.0014917291903776934,2023-09-01,453.17,453.67,422.29,427.48,1588981600,452.49500000000006,3,0,indicator < close
SPY,0.03232775459815922,-0.031315398093450485,2023-10-01,426.62,438.14,409.21,418.2,1999294400,440.4116666666667,3,0,indicator < close
SPY,0.019406011450381795,-0.01903658722079878,2023-11-01,419.2,458.32,418.65,456.4,1500017600,427.33500000000004,3,1,indicator < close
SPY,-0.037405562747292155,0.03885910961011731,2023-12-01,455.77,477.55,454.31,475.31,1643624300,438.72166666666664,3,1,indicator < close
SPY,-0.030265164351067356,0.031209732020005595,2024-01-01,472.16,491.62,466.43,482.88,1700872500,457.87000000000006,3,1,indicator < close
SPY,-0.018502087503181067,0.018850867910777173,2024-02-01,484.63,510.13,483.8,508.08,1393307200,475.66333333333336,3,1,indicator < close
SPY,-0.02800371985801668,0.02881052163484213,2024-03-01,508.98,524.61,504.91,523.07,1473501100,494.7266666666667,3,1,indicator < close
SPY,-0.02192187032688725,0.022413209805860642,2024-04-01,523.83,524.38,493.86,501.98,1593138700,512.3466666666667,3,0,indicator < close
SPY,0.017451832941082497,-0.017152490541626535,2024-05-01,501.38,533.07,499.55,527.37,1153206200,510.12999999999994,3,1,indicator < close
SPY,-0.019050949554522065,0.01942093684261223,2024-06-01,529.02,550.28,522.6,544.22,888367600,518.9416666666667,3,1,indicator < close
SPY,-0.02366377704060743,0.024237323663849814,2024-07-01,545.63,565.16,537.45,550.81,1038465500,532.7183333333334,3,1,indicator < close
SPY,-0.01128967069028984,0.011418582729050653,2024-08-01,552.57,564.2,510.27,563.68,1244599000,546.3316666666666,3,1,indicator < close
SPY,-0.007247544849407404,0.007300455226079506,2024-09-01,558.35,574.71,539.44,573.76,1044988300,554.3033333333334,3,1,indicator < close
SPY,-0.014803511219625644,0.015025948009570838,2024-10-01,573.4,586.12,565.27,568.64,976068800,564.9116666666666,3,1,indicator < close
SPY,-0.002570071646946303,0.002576693934971432,2024-11-01,571.32,603.35,567.89,602.55,901760600,569.8516666666667,3,1,indicator < close
SPY,-0.025670154955194043,0.026346472999617048,2024-12-01,602.97,609.07,580.91,586.08,1059516700,587.4916666666667,3,0,indicator < close
SPY,0.0025704541984086938,-0.0025638639036733484,2025-01-01,589.39,610.78,575.35,601.82,995501600,590.9050000000001,3,1,indicator < close
SPY,0.0010517376167738116,-0.0010506326269186714,2025-02-01,592.67,613.23,582.44,594.18,871641300,593.2933333333333,3,1,indicator < close
SPY,-0.0038606908428102586,0.003875653542953444,2025-03-01,596.18,597.34,546.87,559.39,1496591400,593.8783333333333,3,0,indicator < close
SPY,0.03368912010045739,-0.032591152838276335,2025-04-01,557.45,567.42,481.8,554.54,2237015100,576.23,3,0,indicator < close
SPY,0.008913753412923612,-0.008835000397973,2025-05-01,560.37,595.54,556.04,589.39,1402172600,565.365,3,1,indicator < close
SPY,-0.02412832902318398,0.02472489953421058,2025-06-01,587.76,619.22,585.06,617.85,1495410200,573.5783333333334,3,1,indicator < close
SPY,-0.030607112726328784,0.03157348597059391,2025-07-01,616.36,639.85,615.52,632.08,1479850800,597.495,3,1,indicator < close
SPY,-0.015546330299643247,0.015791835388632523,2025-08-01,626.3,649.48,619.29,645.05,1424047400,616.5633333333334,3,1,indicator < close
SPY,-0.011383006535947702,0.011514071284636083,2025-09-01,637.5,667.34,634.92,666.18,1606348500,630.2433333333333,3,1,indicator < close
SPY,-0.022168775226060755,0.022671371770916666,2025-10-01,663.17,689.7,652.84,682.06,1781815100,648.4683333333332,3,1,indicator < close
SPY,-0.02264694872654983,0.023171717422933096,2025-11-01,685.67,685.8,650.85,683.39,1664668300,670.1416666666665,3,1,indicator < close
SPY,-0.00047141320840890684,0.0004716355436337309,2025-12-01,678.81,691.66,671.2,681.92,1656188700,678.4899999999999,3,1,indicator < close
SPY,-0.0033639099133259374,0.0033752639973467042,2026-01-01,685.71,697.84,676.57,691.97,1600537800,683.4033333333333,3,1,indicator < close
SPY,-0.004473737637402529,0.004493841907078765,2026-02-01,689.58,697.14,675.78,685.99,1614970000,686.495,3,0,indicator < close
SPY,0.007064977162221834,-0.007015413426579505,2026-03-01,678.7,688.62,662.39,677.18,663005100,683.495,3,0,indicator < close
